project_id,repo_full_name,url,default_branch,latest_sha,stars,license,created_at,updated_at,pushed_at,size_kb,archived,fork,disabled,laravel_classification,artisan,app_dir,bootstrap_dir,config_dir,routes_dir,tests_dir_initial,recent_activity,parsed_pushed_at,tests_directory_present,phpunit_config_present,phpunit_config_file,composer_json_present,composer_lock_present,composer_test_script_present,composer_test_scripts,php_version_constraint,laravel_version_constraint,dockerfile_present,compose_present,compose_files,docker_present,eligible,exclusion_reason,screening_timestamp,php_min_version,php_max_version,php_constraint_count,php_multi_version,php_environment_group,laravel_min_version,laravel_max_version,laravel_constraint_count,laravel_multi_version,laravel_environment_group,environment_group,environment_complexity,testing_mechanism,activity_year
P004,innocommerce/innoshop,https://github.com/innocommerce/innoshop,main,,,NOASSERTION,2024-06-22T02:32:33Z,2026-09-10T02:06:34Z,2026-09-07T11:53:43Z,43288.0,False,False,False,Confirmed Laravel Application,True,True,True,True,True,True,True,2026-09-07T11:53:43+00:00,True,True,phpunit.xml,True,True,False,,^8.3,^13.0,False,False,,False,True,Eligible,2026-09-11T14:06:08.042901+00:00,8.3.0,8.3.0,1,False,PHP-8.3,13.0.0,13.0.0,1,False,Laravel-13,PHP-8.3__Laravel-13,Single constraint,PHPUnit,2026
P006,HendraGunadie/Buku-Tamu-Laravel,https://github.com/HendraGunadie/Buku-Tamu-Laravel,main,,,MIT,2025-09-20T03:52:22Z,2026-09-04T19:51:57Z,2025-09-30T04:12:15Z,1184.0,False,False,False,Confirmed Laravel Application,True,True,True,True,True,True,True,2025-09-30T04:12:15+00:00,True,True,phpunit.xml,True,True,True,"test: ['@php artisan config:clear --ansi', '@php artisan test']",^8.2,^12.0,False,False,,False,True,Eligible,2026-09-11T14:06:11.709413+00:00,8.2.0,8.2.0,1,False,PHP-8.2,12.0.0,12.0.0,1,False,Laravel-12,PHP-8.2__Laravel-12,Single constraint,PHPUnit + Composer test,2025
P008,AbdallhElzayat2020/Auth_Authorize_Native,https://github.com/AbdallhElzayat2020/Auth_Authorize_Native,main,,,,2025-07-30T11:49:41Z,2025-08-08T15:39:22Z,2025-08-05T04:35:58Z,257.0,False,False,False,Confirmed Laravel Application,True,True,True,True,True,True,True,2025-08-05T04:35:58+00:00,True,True,phpunit.xml,True,True,True,"test: ['@php artisan config:clear --ansi', '@php artisan test']",^8.2,^12.0,False,False,,False,True,Eligible,2026-09-11T14:06:15.529143+00:00,8.2.0,8.2.0,1,False,PHP-8.2,12.0.0,12.0.0,1,False,Laravel-12,PHP-8.2__Laravel-12,Single constraint,PHPUnit + Composer test,2025
P014,ElieRu/quick-cartel,https://github.com/ElieRu/quick-cartel,main,,,,2023-08-28T03:36:34Z,2025-12-09T13:51:32Z,2025-12-09T13:51:27Z,4949.0,False,False,False,Confirmed Laravel Application,True,True,True,True,True,True,True,2025-12-09T13:51:27+00:00,True,True,phpunit.xml,True,True,False,,^8.1,^10.10,False,False,,False,True,Eligible,2026-09-11T14:06:20.457384+00:00,8.1.0,8.1.0,1,False,PHP-8.1,10.10.0,10.10.0,1,False,Laravel-10,PHP-8.1__Laravel-10,Single constraint,PHPUnit,2025
P022,michaelnjuguna/open-source-hrm,https://github.com/michaelnjuguna/open-source-hrm,main,,,MIT,2025-05-28T08:36:12Z,2026-07-18T18:17:03Z,2026-01-11T21:11:27Z,2761.0,False,False,False,Confirmed Laravel Application,True,True,True,True,True,True,True,2026-01-11T21:11:27+00:00,True,True,phpunit.xml,True,True,True,"test: ['@php artisan config:clear --ansi', '@php artisan test']",^8.2,^12.0,False,False,,False,True,Eligible,2026-09-11T14:06:24.463972+00:00,8.2.0,8.2.0,1,False,PHP-8.2,12.0.0,12.0.0,1,False,Laravel-12,PHP-8.2__Laravel-12,Single constraint,PHPUnit + Composer test,2026
P024,RyderAsKing/Plicense,https://github.com/RyderAsKing/Plicense,main,,,MIT,2021-11-13T13:07:35Z,2026-09-06T07:58:22Z,2026-07-18T09:07:54Z,4823.0,False,False,False,Confirmed Laravel Application,True,True,True,True,True,True,True,2026-07-18T09:07:54+00:00,True,True,phpunit.xml,True,True,True,"test: ['@php artisan config:clear --ansi @no_additional_args', '@php artisan test']",^8.3,^13.0,False,False,,False,True,Eligible,2026-09-11T14:06:28.348652+00:00,8.3.0,8.3.0,1,False,PHP-8.3,13.0.0,13.0.0,1,False,Laravel-13,PHP-8.3__Laravel-13,Single constraint,PHPUnit + Composer test,2026
P028,WajdMHeshme/E-Store-Backend,https://github.com/WajdMHeshme/E-Store-Backend,main,,,,2026-03-19T13:18:41Z,2026-08-11T17:40:44Z,2026-03-26T18:56:03Z,796.0,False,False,False,Confirmed Laravel Application,True,True,True,True,True,True,True,2026-03-26T18:56:03+00:00,True,True,phpunit.xml,True,True,True,"test: ['@php artisan config:clear --ansi', '@php artisan test']",^8.2,^12.0,False,False,,False,True,Eligible,2026-09-11T14:06:32.105338+00:00,8.2.0,8.2.0,1,False,PHP-8.2,12.0.0,12.0.0,1,False,Laravel-12,PHP-8.2__Laravel-12,Single constraint,PHPUnit + Composer test,2026
P032,electrikmilk/astral-desktop,https://github.com/electrikmilk/astral-desktop,main,,,MIT,2025-11-24T19:23:42Z,2026-08-04T10:40:57Z,2026-08-03T23:31:06Z,5322.0,False,False,False,Confirmed Laravel Application,True,True,True,True,True,True,True,2026-08-03T23:31:06+00:00,True,True,phpunit.xml,True,True,False,,^8.1,^10.10,False,False,,False,True,Eligible,2026-09-11T14:06:43.575766+00:00,8.1.0,8.1.0,1,False,PHP-8.1,10.10.0,10.10.0,1,False,Laravel-10,PHP-8.1__Laravel-10,Single constraint,PHPUnit,2026
P035,WINBIGFOX/TimeScribe,https://github.com/WINBIGFOX/TimeScribe,main,,,GPL-3.0,2025-01-20T19:25:11Z,2026-09-09T12:21:59Z,2026-06-02T13:28:40Z,38419.0,False,False,False,Confirmed Laravel Application,True,True,True,True,True,True,True,2026-06-02T13:28:40+00:00,True,True,phpunit.xml,True,True,False,,^8.4,^13.12,False,False,,False,True,Eligible,2026-09-11T14:06:47.397886+00:00,8.4.0,8.4.0,1,False,PHP-8.4,13.12.0,13.12.0,1,False,Laravel-13,PHP-8.4__Laravel-13,Single constraint,PHPUnit,2026
P036,Kareem-Bizreh/E-Commerce_Platform,https://github.com/Kareem-Bizreh/E-Commerce_Platform,main,,,,2024-11-24T16:17:14Z,2026-08-01T11:10:24Z,2025-01-24T19:02:43Z,577.0,False,False,False,Confirmed Laravel Application,True,True,True,True,True,True,True,2025-01-24T19:02:43+00:00,True,True,phpunit.xml,True,True,False,,^8.2,^11.31,False,False,,False,True,Eligible,2026-09-11T14:06:51.274049+00:00,8.2.0,8.2.0,1,False,PHP-8.2,11.31.0,11.31.0,1,False,Laravel-11,PHP-8.2__Laravel-11,Single constraint,PHPUnit,2025
P038,Omar-Mega-Byte/eCommerce-Laravel,https://github.com/Omar-Mega-Byte/eCommerce-Laravel,main,,,,2024-07-02T15:23:37Z,2025-06-07T14:11:27Z,2025-02-24T20:30:40Z,19303.0,False,False,False,Confirmed Laravel Application,True,True,True,True,True,True,True,2025-02-24T20:30:40+00:00,True,True,phpunit.xml,True,True,False,,^8.2,^11.9,False,False,,False,True,Eligible,2026-09-11T14:06:55.061761+00:00,8.2.0,8.2.0,1,False,PHP-8.2,11.9.0,11.9.0,1,False,Laravel-11,PHP-8.2__Laravel-11,Single constraint,PHPUnit,2025
P066,maurocasas/fastindex,https://github.com/maurocasas/fastindex,main,,,Apache-2.0,2024-09-23T22:05:13Z,2026-08-06T12:38:59Z,2025-02-06T18:21:34Z,1429.0,False,False,False,Confirmed Laravel Application,True,True,True,True,True,True,True,2025-02-06T18:21:34+00:00,True,True,phpunit.xml,True,True,False,,^8.2,^11.9,False,False,,False,True,Eligible,2026-09-11T14:07:09.315943+00:00,8.2.0,8.2.0,1,False,PHP-8.2,11.9.0,11.9.0,1,False,Laravel-11,PHP-8.2__Laravel-11,Single constraint,PHPUnit,2025
P074,SjorsO/watchtower,https://github.com/SjorsO/watchtower,main,,,,2025-07-29T18:05:53Z,2026-08-15T14:49:42Z,2025-12-20T15:39:34Z,97.0,False,False,False,Confirmed Laravel Application,True,True,True,True,True,True,True,2025-12-20T15:39:34+00:00,True,True,phpunit.xml,True,True,False,,^8.4,^12.0,False,False,,False,True,Eligible,2026-09-11T14:07:13.136506+00:00,8.4.0,8.4.0,1,False,PHP-8.4,12.0.0,12.0.0,1,False,Laravel-12,PHP-8.4__Laravel-12,Single constraint,PHPUnit,2025
P085,ProMoath/Gheras-Manager-Back-End,https://github.com/ProMoath/Gheras-Manager-Back-End,main,,,,2025-12-19T04:57:57Z,2026-09-10T04:33:51Z,2026-09-10T04:33:52Z,141.0,False,False,False,Confirmed Laravel Application,True,True,True,True,True,True,True,2026-09-10T04:33:52+00:00,True,True,phpunit.xml,True,True,False,,^8.1,^10.10,False,False,,False,True,Eligible,2026-09-11T14:07:16.372605+00:00,8.1.0,8.1.0,1,False,PHP-8.1,10.10.0,10.10.0,1,False,Laravel-10,PHP-8.1__Laravel-10,Single constraint,PHPUnit,2026
P086,raflizocky/field-service-management,https://github.com/raflizocky/field-service-management,main,,,MIT,2025-06-18T12:49:59Z,2026-07-25T22:36:07Z,2025-06-27T11:57:42Z,991.0,False,False,False,Confirmed Laravel Application,True,True,True,True,True,True,True,2025-06-27T11:57:42+00:00,True,True,phpunit.xml,True,True,True,"test: ['@php artisan config:clear --ansi', '@php artisan test']",^8.2,^12.0,False,False,,False,True,Eligible,2026-09-11T14:07:20.166172+00:00,8.2.0,8.2.0,1,False,PHP-8.2,12.0.0,12.0.0,1,False,Laravel-12,PHP-8.2__Laravel-12,Single constraint,PHPUnit + Composer test,2025
P092,jjdejong/phpip,https://github.com/jjdejong/phpip,master,,,GPL-3.0,2017-01-12T19:31:15Z,2026-09-07T14:46:43Z,2026-07-16T15:35:51Z,8897.0,False,False,False,Confirmed Laravel Application,True,True,True,True,True,True,True,2026-07-16T15:35:51+00:00,True,True,phpunit.xml,True,True,False,,^8.3,^13.0,False,False,,False,True,Eligible,2026-09-11T14:07:32.375035+00:00,8.3.0,8.3.0,1,False,PHP-8.3,13.0.0,13.0.0,1,False,Laravel-13,PHP-8.3__Laravel-13,Single constraint,PHPUnit,2026
P101,mortenebak/tallstarter,https://github.com/mortenebak/tallstarter,main,,,,2025-03-02T09:05:42Z,2026-07-31T17:06:52Z,2026-09-06T10:35:53Z,1609.0,False,False,False,Confirmed Laravel Application,True,True,True,True,True,True,True,2026-09-06T10:35:53+00:00,True,True,phpunit.xml,True,True,True,test:pest: ./vendor/bin/pest -p | test:pint: ./vendor/bin/pint | test:rector: ./vendor/bin/rector --dry-run | test:static: ./vendor/bin/phpstan analyse --memory-limit=2G,^8.2|^8.3|^8.4|^8.5,^12.2,False,False,,False,True,Eligible,2026-09-11T14:07:42.941144+00:00,8.2.0,8.5.0,4,True,"PHP-Multi[8.2,8.3,8.4,8.5]",12.2.0,12.2.0,1,False,Laravel-12,"PHP-Multi[8.2,8.3,8.4,8.5]__Laravel-12",Multi-PHP,PHPUnit + Composer test,2026
P104,spone12/forum,https://github.com/spone12/forum,master,,,,2020-05-05T10:13:50Z,2025-10-04T07:50:49Z,2025-10-04T07:50:45Z,17641.0,False,False,False,Confirmed Laravel Application,True,True,True,True,True,True,True,2025-10-04T07:50:45+00:00,True,True,phpunit.xml,True,True,False,,^8.1,^10.0,False,False,,False,True,Eligible,2026-09-11T14:07:46.890418+00:00,8.1.0,8.1.0,1,False,PHP-8.1,10.0.0,10.0.0,1,False,Laravel-10,PHP-8.1__Laravel-10,Single constraint,PHPUnit,2025
P111,engsahaly/laravel_course_level_2,https://github.com/engsahaly/laravel_course_level_2,master,,,,2024-03-04T19:58:35Z,2026-06-21T15:10:44Z,2025-01-29T07:46:03Z,454.0,False,False,False,Confirmed Laravel Application,True,True,True,True,True,True,True,2025-01-29T07:46:03+00:00,True,True,phpunit.xml,True,True,False,,^8.1,^10.10,False,False,,False,True,Eligible,2026-09-11T14:07:50.502384+00:00,8.1.0,8.1.0,1,False,PHP-8.1,10.10.0,10.10.0,1,False,Laravel-10,PHP-8.1__Laravel-10,Single constraint,PHPUnit,2025
P112,MarcosKlender/Larapark,https://github.com/MarcosKlender/Larapark,main,,,MIT,2023-04-07T03:11:05Z,2025-11-03T15:53:00Z,2025-11-03T15:52:57Z,501.0,False,False,False,Confirmed Laravel Application,True,True,True,True,True,True,True,2025-11-03T15:52:57+00:00,True,True,phpunit.xml,True,True,False,,^8.1,^10.0,False,False,,False,True,Eligible,2026-09-11T14:07:53.937386+00:00,8.1.0,8.1.0,1,False,PHP-8.1,10.0.0,10.0.0,1,False,Laravel-10,PHP-8.1__Laravel-10,Single constraint,PHPUnit,2025
P116,cib-Both/Inventory_Management,https://github.com/cib-Both/Inventory_Management,main,,,,2025-02-04T05:32:18Z,2026-01-27T16:42:31Z,2026-06-12T10:39:17Z,1067.0,False,False,False,Confirmed Laravel Application,True,True,True,True,True,True,True,2026-06-12T10:39:17+00:00,True,True,phpunit.xml,True,True,False,,^8.2,^11.31,False,False,,False,True,Eligible,2026-09-11T14:07:57.318620+00:00,8.2.0,8.2.0,1,False,PHP-8.2,11.31.0,11.31.0,1,False,Laravel-11,PHP-8.2__Laravel-11,Single constraint,PHPUnit,2026
P138,jamesdordoy/Portfolio,https://github.com/jamesdordoy/Portfolio,master,,,,2019-01-30T12:37:54Z,2026-09-08T08:38:12Z,2026-06-29T13:53:56Z,38768.0,False,False,False,Confirmed Laravel Application,True,True,True,True,True,True,True,2026-06-29T13:53:56+00:00,True,True,phpunit.xml,True,True,False,,^8.3|^8.4,^13.15.0,False,False,,False,True,Eligible,2026-09-11T14:08:09.489109+00:00,8.3.0,8.4.0,2,True,"PHP-Multi[8.3,8.4]",13.15.0,13.15.0,1,False,Laravel-13,"PHP-Multi[8.3,8.4]__Laravel-13",Multi-PHP,PHPUnit,2026
P143,SantanuDatta/BookHive,https://github.com/SantanuDatta/BookHive,main,,,AGPL-3.0,2024-02-01T06:59:18Z,2026-09-02T04:45:24Z,2026-09-02T04:45:13Z,4387.0,False,False,False,Confirmed Laravel Application,True,True,True,True,True,True,True,2026-09-02T04:45:13+00:00,True,True,phpunit.xml,True,True,False,,^8.3,^13.30.1,False,False,,False,True,Eligible,2026-09-11T14:08:13.952800+00:00,8.3.0,8.3.0,1,False,PHP-8.3,13.30.1,13.30.1,1,False,Laravel-13,PHP-8.3__Laravel-13,Single constraint,PHPUnit,2026
P145,Cut0x/forum-php,https://github.com/Cut0x/forum-php,main,,,NOASSERTION,2026-02-05T17:11:49Z,2026-08-28T18:26:24Z,2026-08-28T19:31:27Z,1091.0,False,False,False,Confirmed Laravel Application,True,True,True,True,True,True,True,2026-08-28T19:31:27+00:00,True,True,phpunit.xml,True,True,True,"test: ['@php artisan config:clear --ansi @no_additional_args', '@php artisan test']",^8.3,^13.8,False,False,,False,True,Eligible,2026-09-11T14:08:17.710962+00:00,8.3.0,8.3.0,1,False,PHP-8.3,13.8.0,13.8.0,1,False,Laravel-13,PHP-8.3__Laravel-13,Single constraint,PHPUnit + Composer test,2026
P147,bubblevy/bubbleclinic,https://github.com/bubblevy/bubbleclinic,main,,,MIT,2023-11-30T17:12:05Z,2026-06-01T14:01:38Z,2025-12-18T11:15:01Z,4136.0,False,False,False,Confirmed Laravel Application,True,True,True,True,True,True,True,2025-12-18T11:15:01+00:00,True,True,phpunit.xml,True,True,False,,^8.1,^10.10,False,False,,False,True,Eligible,2026-09-11T14:08:25.564492+00:00,8.1.0,8.1.0,1,False,PHP-8.1,10.10.0,10.10.0,1,False,Laravel-10,PHP-8.1__Laravel-10,Single constraint,PHPUnit,2025
P161,sprblm/CTFG,https://github.com/sprblm/CTFG,main,,,MIT,2021-07-15T18:26:48Z,2026-07-26T12:34:59Z,2025-02-11T23:32:13Z,6172.0,False,False,False,Confirmed Laravel Application,True,True,True,True,True,True,True,2025-02-11T23:32:13+00:00,True,True,phpunit.xml,True,True,False,,^7.3|^8.0,^9.0,False,False,,False,True,Eligible,2026-09-11T14:08:37.442818+00:00,7.3.0,8.0.0,2,True,"PHP-Multi[7.3,8.0]",9.0.0,9.0.0,1,False,Laravel-9,"PHP-Multi[7.3,8.0]__Laravel-9",Multi-PHP,PHPUnit,2025
P162,NativePHP/nativephp.com,https://github.com/NativePHP/nativephp.com,main,,,,2023-06-28T21:10:23Z,2026-09-10T15:18:21Z,2026-09-10T15:11:02Z,23805.0,False,False,False,Confirmed Laravel Application,True,True,True,True,True,True,True,2026-09-10T15:11:02+00:00,True,True,phpunit.xml,True,True,False,,^8.2,^12.0,False,False,,False,True,Eligible,2026-09-11T14:08:41.287886+00:00,8.2.0,8.2.0,1,False,PHP-8.2,12.0.0,12.0.0,1,False,Laravel-12,PHP-8.2__Laravel-12,Single constraint,PHPUnit,2026
P164,ploi/roadmap,https://github.com/ploi/roadmap,main,,,MIT,2022-05-03T07:32:43Z,2026-08-27T06:40:47Z,2026-08-06T12:38:49Z,6167.0,False,False,False,Confirmed Laravel Application,True,True,True,True,True,True,True,2026-08-06T12:38:49+00:00,True,True,phpunit.xml,True,True,True,test: ['vendor/bin/pest tests/'],^8.2,^12.0,False,False,,False,True,Eligible,2026-09-11T14:08:45.674965+00:00,8.2.0,8.2.0,1,False,PHP-8.2,12.0.0,12.0.0,1,False,Laravel-12,PHP-8.2__Laravel-12,Single constraint,PHPUnit + Composer test,2026
P176,javdome/unstyled-blade-starter-kit,https://github.com/javdome/unstyled-blade-starter-kit,master,,,,2025-03-12T15:10:25Z,2026-04-30T04:47:26Z,2025-04-23T06:17:47Z,134.0,False,False,False,Confirmed Laravel Application,True,True,True,True,True,True,True,2025-04-23T06:17:47+00:00,True,True,phpunit.xml,True,False,False,,^8.2,^12.0,False,False,,False,True,Eligible,2026-09-11T14:09:01.059468+00:00,8.2.0,8.2.0,1,False,PHP-8.2,12.0.0,12.0.0,1,False,Laravel-12,PHP-8.2__Laravel-12,Single constraint,PHPUnit,2025
P214,agorakit/agorakit,https://github.com/agorakit/agorakit,main,,,AGPL-3.0,2015-07-07T18:12:36Z,2026-09-06T21:00:23Z,2026-02-05T08:07:43Z,15863.0,False,False,False,Confirmed Laravel Application,True,True,True,True,True,True,True,2026-02-05T08:07:43+00:00,True,True,phpunit.xml,True,True,True,test: vendor/bin/phpunit | test-unit: vendor/bin/phpunit --testsuite Unit | test-int: vendor/bin/phpunit --testsuite Integration | test-e2e: vendor/bin/phpunit --testsuite E2E,^8.2,^11.30,False,False,,False,True,Eligible,2026-09-11T14:09:23.556460+00:00,8.2.0,8.2.0,1,False,PHP-8.2,11.30.0,11.30.0,1,False,Laravel-11,PHP-8.2__Laravel-11,Single constraint,PHPUnit + Composer test,2026
P216,theharshkhatri/vendorflow,https://github.com/theharshkhatri/vendorflow,main,,,,2026-01-15T10:09:01Z,2026-07-21T13:32:26Z,2026-05-13T11:53:55Z,2539.0,False,False,False,Confirmed Laravel Application,True,True,True,True,True,True,True,2026-05-13T11:53:55+00:00,True,True,phpunit.xml,True,True,True,"test: ['@php artisan config:clear --ansi', '@php artisan test']",^8.2,^12.0,False,False,,False,True,Eligible,2026-09-11T14:09:27.998941+00:00,8.2.0,8.2.0,1,False,PHP-8.2,12.0.0,12.0.0,1,False,Laravel-12,PHP-8.2__Laravel-12,Single constraint,PHPUnit + Composer test,2026
P235,cachethq/cachet,https://github.com/cachethq/cachet,3.x,,,NOASSERTION,2014-11-16T22:23:11Z,2026-09-09T22:20:03Z,2026-09-07T07:02:35Z,37981.0,False,False,False,Confirmed Laravel Application,True,True,True,True,True,True,True,2026-09-07T07:02:35+00:00,True,True,phpunit.xml,True,True,True,test: ['@php artisan test'],^8.3,^13.0,False,False,,False,True,Eligible,2026-09-11T14:09:35.665976+00:00,8.3.0,8.3.0,1,False,PHP-8.3,13.0.0,13.0.0,1,False,Laravel-13,PHP-8.3__Laravel-13,Single constraint,PHPUnit + Composer test,2026
P251,HolgerHatGarKeineNode/twenty-one-companion,https://github.com/HolgerHatGarKeineNode/twenty-one-companion,master,,,MIT,2026-06-11T10:52:31Z,2026-09-05T22:04:54Z,2026-09-05T22:04:50Z,4603.0,False,False,False,Confirmed Laravel Application,True,True,True,True,True,True,True,2026-09-05T22:04:50+00:00,True,True,phpunit.xml,True,True,True,"test: ['@php artisan config:clear --ansi', '@lint:check', '@types:check', '@php artisan test --parallel'] | test:integration: ['Composer\\Config::disableProcessTimeout', 'php artisan config:clear --ansi && php vendor/bin/pest -c phpunit.integration.xml'] | test:browser: ['Composer\\Config::disableProcessTimeout', 'bash scripts/run-browser.sh'] | test:push-kotlin: ['Composer\\Config::disableProcessTimeout', 'bash scripts/run-push-kotlin.sh'] | test:coverage: ['Composer\\Config::disableProcessTimeout', '@php artisan config:clear --ansi', '@php -d pcov.enabled=1 vendor/bin/pest --coverage --compact'] | test:tia: ['Composer\\Config::disableProcessTimeout', '@php artisan config:clear --ansi', 'php -d pcov.enabled=1 -d pcov.directory=""$(pwd)"" vendor/bin/pest --tia --compact']",^8.4,^13.7,False,False,,False,True,Eligible,2026-09-11T14:09:44.424807+00:00,8.4.0,8.4.0,1,False,PHP-8.4,13.7.0,13.7.0,1,False,Laravel-13,PHP-8.4__Laravel-13,Single constraint,PHPUnit + Composer test,2026
P258,adielsh/laravel-vue-vuex-vuerouter-login,https://github.com/adielsh/laravel-vue-vuex-vuerouter-login,master,,,,2017-03-05T08:55:10Z,2026-08-09T14:52:24Z,2026-08-09T14:52:01Z,149.0,False,False,False,Confirmed Laravel Application,True,True,True,True,True,True,True,2026-08-09T14:52:01+00:00,True,True,phpunit.xml,True,True,False,,>=5.6.4,5.3.*,False,False,,False,True,Eligible,2026-09-11T14:09:48.604896+00:00,5.6.4,5.6.4,1,False,PHP-5.6,5.3.0,5.3.0,1,False,Laravel-5,PHP-5.6__Laravel-5,Single constraint,PHPUnit,2026
P270,spatie/laravel-passkeys-app,https://github.com/spatie/laravel-passkeys-app,main,,,,2024-08-26T12:12:08Z,2026-05-26T16:27:47Z,2025-05-12T08:38:05Z,153.0,False,False,False,Confirmed Laravel Application,True,True,True,True,True,True,True,2025-05-12T08:38:05+00:00,True,True,phpunit.xml,True,True,False,,^8.2,^12.0,False,False,,False,True,Eligible,2026-09-11T14:10:01.179045+00:00,8.2.0,8.2.0,1,False,PHP-8.2,12.0.0,12.0.0,1,False,Laravel-12,PHP-8.2__Laravel-12,Single constraint,PHPUnit,2025
P287,kyledoesdev/songrank.dev,https://github.com/kyledoesdev/songrank.dev,master,,,MIT,2023-08-29T05:14:46Z,2026-09-06T15:14:36Z,2026-09-10T02:28:46Z,44459.0,False,False,False,Confirmed Laravel Application,True,True,True,True,True,True,True,2026-09-10T02:28:46+00:00,True,True,phpunit.xml,True,True,False,,^8.4||^8.5,^13.0,False,False,,False,True,Eligible,2026-09-11T14:10:17.289722+00:00,8.4.0,8.5.0,2,True,"PHP-Multi[8.4,8.5]",13.0.0,13.0.0,1,False,Laravel-13,"PHP-Multi[8.4,8.5]__Laravel-13",Multi-PHP,PHPUnit,2026
P288,anjaraeu/Raki,https://github.com/anjaraeu/Raki,master,,,AGPL-3.0,2019-05-23T07:39:01Z,2025-05-01T16:31:41Z,2025-05-01T16:31:36Z,7542.0,False,False,False,Confirmed Laravel Application,True,True,True,True,True,True,True,2025-05-01T16:31:36+00:00,True,True,phpunit.xml,True,True,False,,^8.0.2,^8.0,False,False,,False,True,Eligible,2026-09-11T14:10:23.371602+00:00,8.0.2,8.0.2,1,False,PHP-8.0,8.0.0,8.0.0,1,False,Laravel-8,PHP-8.0__Laravel-8,Single constraint,PHPUnit,2025
P290,Bijay-Shre-stha/ForumFusion,https://github.com/Bijay-Shre-stha/ForumFusion,main,,,MIT,2023-12-22T01:37:38Z,2025-10-17T16:16:53Z,2025-09-20T12:10:20Z,3096.0,False,False,False,Confirmed Laravel Application,True,True,True,True,True,True,True,2025-09-20T12:10:20+00:00,True,True,phpunit.xml,True,True,False,,^8.1,^10.10,False,False,,False,True,Eligible,2026-09-11T14:10:26.748386+00:00,8.1.0,8.1.0,1,False,PHP-8.1,10.10.0,10.10.0,1,False,Laravel-10,PHP-8.1__Laravel-10,Single constraint,PHPUnit,2025
P295,Nejcc/laravelplus,https://github.com/Nejcc/laravelplus,master,,,,2023-02-03T14:02:30Z,2025-10-15T04:36:54Z,2025-04-15T21:00:03Z,47909.0,False,False,False,Confirmed Laravel Application,True,True,True,True,True,True,True,2025-04-15T21:00:03+00:00,True,True,phpunit.xml,True,False,True,pint:test: ['vendor/bin/pint --test'],^8.2,^12.0,False,False,,False,True,Eligible,2026-09-11T14:10:30.051588+00:00,8.2.0,8.2.0,1,False,PHP-8.2,12.0.0,12.0.0,1,False,Laravel-12,PHP-8.2__Laravel-12,Single constraint,PHPUnit + Composer test,2025
P296,abel291/ecommerce-hardware-laravel-inertia-react,https://github.com/abel291/ecommerce-hardware-laravel-inertia-react,main,,,,2024-03-02T19:13:18Z,2026-06-12T08:53:26Z,2026-06-12T08:53:21Z,1229267.0,False,False,False,Confirmed Laravel Application,True,True,True,True,True,True,True,2026-06-12T08:53:21+00:00,True,True,phpunit.xml,True,True,False,,^8.1,^10.0,False,False,,False,True,Eligible,2026-09-11T14:10:34.298732+00:00,8.1.0,8.1.0,1,False,PHP-8.1,10.0.0,10.0.0,1,False,Laravel-10,PHP-8.1__Laravel-10,Single constraint,PHPUnit,2026
P297,SallaApp/laravel-starter-kit,https://github.com/SallaApp/laravel-starter-kit,master,,,,2021-11-19T07:54:18Z,2026-08-17T08:13:27Z,2026-09-01T22:31:03Z,1301.0,False,False,False,Confirmed Laravel Application,True,True,True,True,True,True,True,2026-09-01T22:31:03+00:00,True,True,phpunit.xml,True,True,True,"test: ['@php artisan config:clear --ansi @no_additional_args', '@php artisan test']",^8.3,^13.8,False,False,,False,True,Eligible,2026-09-11T14:10:38.431650+00:00,8.3.0,8.3.0,1,False,PHP-8.3,13.8.0,13.8.0,1,False,Laravel-13,PHP-8.3__Laravel-13,Single constraint,PHPUnit + Composer test,2026
P319,ModernPUG/modernpug.org,https://github.com/ModernPUG/modernpug.org,v2,,,MIT,2016-03-18T13:27:13Z,2026-08-21T15:34:04Z,2026-06-23T13:13:56Z,18630.0,False,False,False,Confirmed Laravel Application,True,True,True,True,True,True,True,2026-06-23T13:13:56+00:00,True,True,phpunit.xml,True,True,True,"test: ['@php artisan optimize --env=testing', '@php artisan db:wipe --env=testing', '@php artisan migrate --seed --env=testing', '@php artisan test --env=testing', '@php artisan config:clear --env=testing']",^8.5,^13.0,False,False,,False,True,Eligible,2026-09-11T14:10:55.477695+00:00,8.5.0,8.5.0,1,False,PHP-8.5,13.0.0,13.0.0,1,False,Laravel-13,PHP-8.5__Laravel-13,Single constraint,PHPUnit + Composer test,2026
P326,aungkhant2002/laravel-modular-api-boilerplate,https://github.com/aungkhant2002/laravel-modular-api-boilerplate,main,,,,2025-12-30T06:42:23Z,2026-07-21T08:26:10Z,2026-01-11T15:25:51Z,195.0,False,False,False,Confirmed Laravel Application,True,True,True,True,True,True,True,2026-01-11T15:25:51+00:00,True,True,phpunit.xml,True,True,True,"test: ['@php artisan config:clear --ansi', '@php artisan test']",^8.2,^12.0,False,False,,False,True,Eligible,2026-09-11T14:11:04.477157+00:00,8.2.0,8.2.0,1,False,PHP-8.2,12.0.0,12.0.0,1,False,Laravel-12,PHP-8.2__Laravel-12,Single constraint,PHPUnit + Composer test,2026
P331,SalahEddine-Ghannouch/Filament-School-Management,https://github.com/SalahEddine-Ghannouch/Filament-School-Management,main,,,,2025-04-27T09:57:54Z,2025-09-28T22:46:20Z,2025-04-27T10:24:24Z,720.0,False,False,False,Confirmed Laravel Application,True,True,True,True,True,True,True,2025-04-27T10:24:24+00:00,True,True,phpunit.xml,True,True,True,"test: ['@php artisan config:clear --ansi', '@php artisan test']",^8.2,^12.0,False,False,,False,True,Eligible,2026-09-11T14:11:12.806467+00:00,8.2.0,8.2.0,1,False,PHP-8.2,12.0.0,12.0.0,1,False,Laravel-12,PHP-8.2__Laravel-12,Single constraint,PHPUnit + Composer test,2025
P332,Roxayl/mondegc,https://github.com/Roxayl/mondegc,main,,,NOASSERTION,2021-03-18T17:45:46Z,2026-08-09T17:25:40Z,2026-08-09T17:25:34Z,8978.0,False,False,False,Confirmed Laravel Application,True,True,True,True,True,True,True,2026-08-09T17:25:34+00:00,True,True,phpunit.xml.dist,True,True,False,,^8.1,^10.0,False,False,,False,True,Eligible,2026-09-11T14:11:16.878180+00:00,8.1.0,8.1.0,1,False,PHP-8.1,10.0.0,10.0.0,1,False,Laravel-10,PHP-8.1__Laravel-10,Single constraint,PHPUnit,2026
P339,orebarranco/filament-ddd-starter,https://github.com/orebarranco/filament-ddd-starter,main,,,MIT,2025-02-06T10:24:10Z,2026-09-03T10:29:17Z,2026-09-01T10:34:51Z,2404.0,False,False,False,Confirmed Laravel Application,True,True,True,True,True,True,True,2026-09-01T10:34:51+00:00,True,True,phpunit.xml,True,True,True,"test:lint: ['rector --dry-run --no-progress-bar', 'pint --parallel --test'] | test:unit: pest --parallel --compact | test: ['@php artisan config:clear --ansi', '@test:unit', '@test:lint']",^8.4,^13.0,False,False,,False,True,Eligible,2026-09-11T14:11:20.984361+00:00,8.4.0,8.4.0,1,False,PHP-8.4,13.0.0,13.0.0,1,False,Laravel-13,PHP-8.4__Laravel-13,Single constraint,PHPUnit + Composer test,2026
P346,GuilhermeStracini/POC-GHActions-CI-PHPLaravel,https://github.com/GuilhermeStracini/POC-GHActions-CI-PHPLaravel,main,,,MIT,2024-04-13T00:24:29Z,2026-09-10T07:19:55Z,2026-09-10T07:20:08Z,1007.0,False,False,False,Confirmed Laravel Application,True,True,True,True,True,True,True,2026-09-10T07:20:08+00:00,True,True,phpunit.xml,True,True,False,,^8.2,^12.0,False,False,,False,True,Eligible,2026-09-11T14:11:24.845092+00:00,8.2.0,8.2.0,1,False,PHP-8.2,12.0.0,12.0.0,1,False,Laravel-12,PHP-8.2__Laravel-12,Single constraint,PHPUnit,2026
P353,jeffersongoncalves/mobilekitv4,https://github.com/jeffersongoncalves/mobilekitv4,main,,,,2025-07-11T19:59:58Z,2026-09-05T21:43:09Z,2026-09-05T23:53:05Z,19130.0,False,False,False,Confirmed Laravel Application,True,True,True,True,True,True,True,2026-09-05T23:53:05+00:00,True,True,phpunit.xml,True,True,False,,^8.3,^13.0,False,False,,False,True,Eligible,2026-09-11T14:11:36.024155+00:00,8.3.0,8.3.0,1,False,PHP-8.3,13.0.0,13.0.0,1,False,Laravel-13,PHP-8.3__Laravel-13,Single constraint,PHPUnit,2026
P356,arifnd/register-dokumen,https://github.com/arifnd/register-dokumen,main,,,,2024-01-24T09:16:14Z,2026-07-02T16:06:43Z,2026-01-07T02:16:20Z,2746.0,False,False,False,Confirmed Laravel Application,True,True,True,True,True,True,True,2026-01-07T02:16:20+00:00,True,True,phpunit.xml,True,True,True,"test: ['@php artisan config:clear --ansi', '@php artisan test']",^8.2,^12.0,False,False,,False,True,Eligible,2026-09-11T14:11:39.856345+00:00,8.2.0,8.2.0,1,False,PHP-8.2,12.0.0,12.0.0,1,False,Laravel-12,PHP-8.2__Laravel-12,Single constraint,PHPUnit + Composer test,2026
P357,OgbuaguEmmanuel/laravel_jumpstart,https://github.com/OgbuaguEmmanuel/laravel_jumpstart,main,,,,2025-07-22T13:13:12Z,2025-09-08T15:05:04Z,2025-09-08T15:05:00Z,606.0,False,False,False,Confirmed Laravel Application,True,True,True,True,True,True,True,2025-09-08T15:05:00+00:00,True,True,phpunit.xml,True,True,True,"test: ['@php artisan config:clear --ansi', '@php artisan test']",^8.2,^12.0,False,False,,False,True,Eligible,2026-09-11T14:11:43.459929+00:00,8.2.0,8.2.0,1,False,PHP-8.2,12.0.0,12.0.0,1,False,Laravel-12,PHP-8.2__Laravel-12,Single constraint,PHPUnit + Composer test,2025
P362,souravtah/Laravel9-Inertia-ssr-bootstrap5-starter-kit,https://github.com/souravtah/Laravel9-Inertia-ssr-bootstrap5-starter-kit,master,,,,2022-04-03T18:28:25Z,2026-04-16T09:17:55Z,2026-04-16T09:17:54Z,2036.0,False,False,False,Confirmed Laravel Application,True,True,True,True,True,True,True,2026-04-16T09:17:54+00:00,True,True,phpunit.xml,True,True,False,,^8.0.2,^9.2,False,False,,False,True,Eligible,2026-09-11T14:11:47.557814+00:00,8.0.2,8.0.2,1,False,PHP-8.0,9.2.0,9.2.0,1,False,Laravel-9,PHP-8.0__Laravel-9,Single constraint,PHPUnit,2026
P366,akhwan90/cat_laravel,https://github.com/akhwan90/cat_laravel,master,,,,2023-04-01T15:07:28Z,2025-12-16T16:03:59Z,2025-09-06T09:20:38Z,5840.0,False,False,False,Confirmed Laravel Application,True,True,True,True,True,True,True,2025-09-06T09:20:38+00:00,True,True,phpunit.xml,True,True,False,,^7.3|^8.0,^8.75,False,False,,False,True,Eligible,2026-09-11T14:11:50.863407+00:00,7.3.0,8.0.0,2,True,"PHP-Multi[7.3,8.0]",8.75.0,8.75.0,1,False,Laravel-8,"PHP-Multi[7.3,8.0]__Laravel-8",Multi-PHP,PHPUnit,2025
P368,montedev0516/WhatsApp-ChatApp,https://github.com/montedev0516/WhatsApp-ChatApp,main,,,,2015-11-28T17:18:44Z,2025-10-01T05:37:52Z,2025-07-24T07:10:19Z,3956.0,False,False,False,Confirmed Laravel Application,True,True,True,True,True,True,True,2025-07-24T07:10:19+00:00,True,True,phpunit.xml,True,True,False,,^8.1,^10.10,False,False,,False,True,Eligible,2026-09-11T14:11:54.602380+00:00,8.1.0,8.1.0,1,False,PHP-8.1,10.10.0,10.10.0,1,False,Laravel-10,PHP-8.1__Laravel-10,Single constraint,PHPUnit,2025
P373,mongodb-developer/laravel-movies-retrieval-tutorial,https://github.com/mongodb-developer/laravel-movies-retrieval-tutorial,main,,,,2025-10-30T00:17:24Z,2026-08-20T12:35:42Z,2026-04-13T17:54:47Z,165.0,False,False,False,Confirmed Laravel Application,True,True,True,True,True,True,True,2026-04-13T17:54:47+00:00,True,False,,True,True,True,"test: ['@php artisan config:clear --ansi', '@php artisan test']",^8.2,^12.0,False,False,,False,True,Eligible,2026-09-11T14:11:58.652705+00:00,8.2.0,8.2.0,1,False,PHP-8.2,12.0.0,12.0.0,1,False,Laravel-12,PHP-8.2__Laravel-12,Single constraint,Composer test script,2026
P389,MahdiAmrollahi/Todo_app_laravel,https://github.com/MahdiAmrollahi/Todo_app_laravel,main,,,,2026-05-21T23:20:43Z,2026-07-30T00:33:51Z,2026-05-21T23:21:26Z,74.0,False,False,False,Confirmed Laravel Application,True,True,True,True,True,True,True,2026-05-21T23:21:26+00:00,True,True,phpunit.xml,True,True,True,"test: ['@php artisan config:clear --ansi @no_additional_args', '@php artisan test']",^8.3,^13.8,False,False,,False,True,Eligible,2026-09-11T14:12:11.123924+00:00,8.3.0,8.3.0,1,False,PHP-8.3,13.8.0,13.8.0,1,False,Laravel-13,PHP-8.3__Laravel-13,Single constraint,PHPUnit + Composer test,2026
P394,gitscrum-core/laravel-gitscrum,https://github.com/gitscrum-core/laravel-gitscrum,master,,,MIT,2016-11-18T17:34:36Z,2026-08-31T15:27:43Z,2025-05-14T14:10:03Z,14481.0,False,False,False,Confirmed Laravel Application,True,True,True,True,True,True,True,2025-05-14T14:10:03+00:00,True,True,phpunit.xml; phpunit.xml.dist,True,True,True,test: phpunit,>=7.1,5.5.*,False,False,,False,True,Eligible,2026-09-11T14:12:15.157250+00:00,7.1.0,7.1.0,1,False,PHP-7.1,5.5.0,5.5.0,1,False,Laravel-5,PHP-7.1__Laravel-5,Single constraint,PHPUnit + Composer test,2025
P399,piotr-jura-udemy/laravel-vue-spa-course,https://github.com/piotr-jura-udemy/laravel-vue-spa-course,master,,,,2019-10-23T16:14:08Z,2026-08-11T05:25:42Z,2026-07-05T11:48:57Z,1340.0,False,False,False,Confirmed Laravel Application,True,True,True,True,True,True,True,2026-07-05T11:48:57+00:00,True,True,phpunit.xml,True,True,False,,^7.2,^6.9,False,False,,False,True,Eligible,2026-09-11T14:12:19.385484+00:00,7.2.0,7.2.0,1,False,PHP-7.2,6.9.0,6.9.0,1,False,Laravel-6,PHP-7.2__Laravel-6,Single constraint,PHPUnit,2026
P405,laradashboard/laradashboard,https://github.com/laradashboard/laradashboard,main,,,MIT,2020-07-24T17:48:11Z,2026-09-08T10:00:15Z,2026-09-06T18:49:05Z,65314.0,False,False,False,Confirmed Laravel Application,True,True,True,True,True,True,True,2026-09-06T18:49:05+00:00,True,True,phpunit.xml,True,True,True,"pest: ['./vendor/bin/pest --parallel --testsuite=Unit,Feature,Smoke,Browser && ./vendor/bin/pest --testsuite=Sequential'] | test: ['@pint', '@phpstan', '@type-check', '@pest'] | test:modules: ['@pint:all', '@phpstan', '@pest:modules', '@type-check'] | test-all: ['@pint:all', '@phpstan', '@pest:all', '@type-check']",^8.3|^8.4,^13.0,False,False,,False,True,Eligible,2026-09-11T14:12:23.448372+00:00,8.3.0,8.4.0,2,True,"PHP-Multi[8.3,8.4]",13.0.0,13.0.0,1,False,Laravel-13,"PHP-Multi[8.3,8.4]__Laravel-13",Multi-PHP,PHPUnit + Composer test,2026
P406,HolgerHatGarKeineNode/einundzwanzig-portal,https://github.com/HolgerHatGarKeineNode/einundzwanzig-portal,master,,,MIT,2025-11-21T03:26:21Z,2026-09-09T17:14:30Z,2026-09-09T17:11:27Z,9919.0,False,False,False,Confirmed Laravel Application,True,True,True,True,True,True,True,2026-09-09T17:11:27+00:00,True,True,phpunit.xml,True,True,True,"test:lint: ['pint --parallel --test'] | test: ['Composer\\Config::disableProcessTimeout', '@php artisan config:clear --ansi', '@test:lint', '@putenv PHP_INI_SCAN_DIR=:tests/php.d-runtime', '@php artisan test --fresh']",^8.4,^13.0,False,False,,False,True,Eligible,2026-09-11T14:12:27.777611+00:00,8.4.0,8.4.0,1,False,PHP-8.4,13.0.0,13.0.0,1,False,Laravel-13,PHP-8.4__Laravel-13,Single constraint,PHPUnit + Composer test,2026
P414,youssefchlendi/employeesManagmentSystem,https://github.com/youssefchlendi/employeesManagmentSystem,main,,,MIT,2022-02-02T16:50:55Z,2026-06-07T23:12:07Z,2025-11-16T20:10:44Z,5797.0,False,False,False,Confirmed Laravel Application,True,True,True,True,True,True,True,2025-11-16T20:10:44+00:00,True,True,phpunit.xml,True,True,False,,^7.3|^8.0,^8.75,False,False,,False,True,Eligible,2026-09-11T14:12:31.311745+00:00,7.3.0,8.0.0,2,True,"PHP-Multi[7.3,8.0]",8.75.0,8.75.0,1,False,Laravel-8,"PHP-Multi[7.3,8.0]__Laravel-8",Multi-PHP,PHPUnit,2025
P426,aimanyusufw/laravel-warehouse-management-system,https://github.com/aimanyusufw/laravel-warehouse-management-system,main,,,,2025-06-03T10:23:06Z,2026-07-22T16:33:48Z,2025-12-14T02:01:35Z,1332.0,False,False,False,Confirmed Laravel Application,True,True,True,True,True,True,True,2025-12-14T02:01:35+00:00,True,True,phpunit.xml,True,True,True,"test: ['@php artisan config:clear --ansi', '@php artisan test']",^8.2,^12.0,False,False,,False,True,Eligible,2026-09-11T14:12:50.000350+00:00,8.2.0,8.2.0,1,False,PHP-8.2,12.0.0,12.0.0,1,False,Laravel-12,PHP-8.2__Laravel-12,Single constraint,PHPUnit + Composer test,2025
P435,danihidayatx/tenancy-starterkit,https://github.com/danihidayatx/tenancy-starterkit,main,,,MIT,2026-02-13T10:01:45Z,2026-09-06T11:03:18Z,2026-02-13T11:12:02Z,1495.0,False,False,False,Confirmed Laravel Application,True,True,True,True,True,True,True,2026-02-13T11:12:02+00:00,True,True,phpunit.xml,True,True,True,"test: ['@php artisan config:clear --ansi', '@php artisan test']",^8.2,^12.0,False,False,,False,True,Eligible,2026-09-11T14:13:01.628362+00:00,8.2.0,8.2.0,1,False,PHP-8.2,12.0.0,12.0.0,1,False,Laravel-12,PHP-8.2__Laravel-12,Single constraint,PHPUnit + Composer test,2026
P445,Snevver/SteamGuessr,https://github.com/Snevver/SteamGuessr,development,,,MIT,2025-10-02T14:18:43Z,2026-09-07T09:11:03Z,2026-09-07T09:10:54Z,668.0,False,False,False,Confirmed Laravel Application,True,True,True,True,True,True,True,2026-09-07T09:10:54+00:00,True,True,phpunit.xml,True,True,True,"test: ['@php artisan config:clear --ansi', '@php artisan test']",^8.2,^12.0,False,False,,False,True,Eligible,2026-09-11T14:13:05.074073+00:00,8.2.0,8.2.0,1,False,PHP-8.2,12.0.0,12.0.0,1,False,Laravel-12,PHP-8.2__Laravel-12,Single constraint,PHPUnit + Composer test,2026
P446,Aboubakary833/menu-manager,https://github.com/Aboubakary833/menu-manager,main,,,,2023-12-09T13:22:27Z,2026-04-19T00:41:22Z,2025-09-13T07:21:38Z,2327.0,False,False,False,Confirmed Laravel Application,True,True,True,True,True,True,True,2025-09-13T07:21:38+00:00,True,True,phpunit.xml,True,True,False,,^8.1,^10.38,False,False,,False,True,Eligible,2026-09-11T14:13:08.737578+00:00,8.1.0,8.1.0,1,False,PHP-8.1,10.38.0,10.38.0,1,False,Laravel-10,PHP-8.1__Laravel-10,Single constraint,PHPUnit,2025
P448,kauffinger/livewire-chat,https://github.com/kauffinger/livewire-chat,main,,,MIT,2025-05-22T18:39:01Z,2026-08-26T19:37:19Z,2026-02-05T20:44:26Z,943.0,False,False,False,Confirmed Laravel Application,True,True,True,True,True,True,True,2026-02-05T20:44:26+00:00,True,True,phpunit.xml,True,True,True,"test: ['@php artisan config:clear --ansi', '@php artisan test']",^8.2,^12.0,False,False,,False,True,Eligible,2026-09-11T14:13:13.613338+00:00,8.2.0,8.2.0,1,False,PHP-8.2,12.0.0,12.0.0,1,False,Laravel-12,PHP-8.2__Laravel-12,Single constraint,PHPUnit + Composer test,2026
P453,genta-bahana-nagari/sija-kerja,https://github.com/genta-bahana-nagari/sija-kerja,main,,,MIT,2025-05-11T07:08:20Z,2026-03-17T14:35:59Z,2026-03-17T14:35:56Z,1050.0,False,False,False,Confirmed Laravel Application,True,True,True,True,True,True,True,2026-03-17T14:35:56+00:00,True,True,phpunit.xml,True,True,True,"test: ['@php artisan config:clear --ansi', '@php artisan test']",^8.2,^12.0,False,False,,False,True,Eligible,2026-09-11T14:13:17.543034+00:00,8.2.0,8.2.0,1,False,PHP-8.2,12.0.0,12.0.0,1,False,Laravel-12,PHP-8.2__Laravel-12,Single constraint,PHPUnit + Composer test,2026
P471,Site-Store-Pro/laravel-ecommerce,https://github.com/Site-Store-Pro/laravel-ecommerce,main,,,MIT,2026-07-20T23:48:40Z,2026-09-08T22:37:57Z,2026-09-08T22:37:53Z,3535.0,False,False,False,Confirmed Laravel Application,True,True,True,True,True,True,True,2026-09-08T22:37:53+00:00,True,True,phpunit.xml,True,True,True,"test: ['@php artisan config:clear --ansi', '@php artisan test']",^8.3,^13.0,False,False,,False,True,Eligible,2026-09-11T14:13:22.507997+00:00,8.3.0,8.3.0,1,False,PHP-8.3,13.0.0,13.0.0,1,False,Laravel-13,PHP-8.3__Laravel-13,Single constraint,PHPUnit + Composer test,2026
P480,vitoo/jvscript.fr,https://github.com/vitoo/jvscript.fr,production,,,MIT,2017-01-10T09:30:44Z,2026-08-19T13:43:12Z,2026-08-19T13:38:08Z,11655.0,False,False,False,Confirmed Laravel Application,True,True,True,True,True,True,True,2026-08-19T13:38:08+00:00,True,True,phpunit.xml,True,True,False,,^8.2,^12.0,False,False,,False,True,Eligible,2026-09-11T14:13:33.702904+00:00,8.2.0,8.2.0,1,False,PHP-8.2,12.0.0,12.0.0,1,False,Laravel-12,PHP-8.2__Laravel-12,Single constraint,PHPUnit,2026
P519,DanielSouza2005/Projeto-Laravel,https://github.com/DanielSouza2005/Projeto-Laravel,main,,,GPL-3.0,2022-07-02T01:08:15Z,2025-10-24T09:17:54Z,2025-04-20T15:42:22Z,123.0,False,False,False,Confirmed Laravel Application,True,True,True,True,True,True,True,2025-04-20T15:42:22+00:00,True,True,phpunit.xml,True,True,False,,^8.0.2,^9.19,False,False,,False,True,Eligible,2026-09-11T14:13:49.318302+00:00,8.0.2,8.0.2,1,False,PHP-8.0,9.19.0,9.19.0,1,False,Laravel-9,PHP-8.0__Laravel-9,Single constraint,PHPUnit,2025
P527,alihamzahq/laravel-multi-tenant-saas-starter,https://github.com/alihamzahq/laravel-multi-tenant-saas-starter,main,,,,2025-12-03T19:16:33Z,2026-06-12T09:32:09Z,2026-05-15T12:52:34Z,1318.0,False,False,False,Confirmed Laravel Application,True,True,True,True,True,True,True,2026-05-15T12:52:34+00:00,True,True,phpunit.xml,True,True,True,"test: ['@php artisan config:clear --ansi', '@php artisan test']",^8.4,^12.0,False,False,,False,True,Eligible,2026-09-11T14:13:57.140703+00:00,8.4.0,8.4.0,1,False,PHP-8.4,12.0.0,12.0.0,1,False,Laravel-12,PHP-8.4__Laravel-12,Single constraint,PHPUnit + Composer test,2026
P541,phamhieuit04/vibra-api,https://github.com/phamhieuit04/vibra-api,main,,,,2025-05-10T13:59:06Z,2026-05-14T20:03:48Z,2026-05-14T20:03:44Z,186676.0,False,False,False,Confirmed Laravel Application,True,True,True,True,True,True,True,2026-05-14T20:03:44+00:00,True,True,phpunit.xml,True,True,False,,^8.1,^10.10,False,False,,False,True,Eligible,2026-09-11T14:14:01.502295+00:00,8.1.0,8.1.0,1,False,PHP-8.1,10.10.0,10.10.0,1,False,Laravel-10,PHP-8.1__Laravel-10,Single constraint,PHPUnit,2026
P547,filakitphp/basev4,https://github.com/filakitphp/basev4,main,,,MIT,2025-06-04T10:42:06Z,2026-09-09T12:26:37Z,2026-09-09T12:22:19Z,5482.0,False,False,False,Confirmed Laravel Application,True,True,True,True,True,True,True,2026-09-09T12:22:19+00:00,True,True,phpunit.xml,True,True,False,,^8.3,^13.0,False,False,,False,True,Eligible,2026-09-11T14:14:06.319721+00:00,8.3.0,8.3.0,1,False,PHP-8.3,13.0.0,13.0.0,1,False,Laravel-13,PHP-8.3__Laravel-13,Single constraint,PHPUnit,2026
P548,rzkjanuarr/absensi_pegawai,https://github.com/rzkjanuarr/absensi_pegawai,master,,,,2025-05-21T11:44:03Z,2026-07-01T17:45:30Z,2025-07-13T02:57:59Z,1435.0,False,False,False,Confirmed Laravel Application,True,True,True,True,True,True,True,2025-07-13T02:57:59+00:00,True,True,phpunit.xml,True,True,False,,^8.2,^11.31,False,False,,False,True,Eligible,2026-09-11T14:14:10.066334+00:00,8.2.0,8.2.0,1,False,PHP-8.2,11.31.0,11.31.0,1,False,Laravel-11,PHP-8.2__Laravel-11,Single constraint,PHPUnit,2025
P549,BekaMan95/Lara-Mail,https://github.com/BekaMan95/Lara-Mail,main,,,,2024-12-13T13:09:49Z,2025-10-26T10:36:55Z,2025-05-09T12:53:54Z,679.0,False,False,False,Confirmed Laravel Application,True,True,True,True,True,True,True,2025-05-09T12:53:54+00:00,True,True,phpunit.xml,True,True,False,,^8.2,^11.31,False,False,,False,True,Eligible,2026-09-11T14:14:13.471762+00:00,8.2.0,8.2.0,1,False,PHP-8.2,11.31.0,11.31.0,1,False,Laravel-11,PHP-8.2__Laravel-11,Single constraint,PHPUnit,2025
P557,cbouvat/oasso,https://github.com/cbouvat/oasso,main,,,MIT,2018-08-06T07:18:33Z,2026-09-03T23:31:50Z,2025-03-11T07:46:35Z,5444.0,False,False,False,Confirmed Laravel Application,True,True,True,True,True,True,True,2025-03-11T07:46:35+00:00,True,True,phpunit.xml,True,True,False,,^8.1,^10.10,False,False,,False,True,Eligible,2026-09-11T14:14:23.267341+00:00,8.1.0,8.1.0,1,False,PHP-8.1,10.10.0,10.10.0,1,False,Laravel-10,PHP-8.1__Laravel-10,Single constraint,PHPUnit,2025
P567,NziCode/stone-commerce-platform,https://github.com/NziCode/stone-commerce-platform,main,,,,2026-06-02T12:31:27Z,2026-09-06T04:14:33Z,2026-09-06T04:14:28Z,7014.0,False,False,False,Confirmed Laravel Application,True,True,True,True,True,True,True,2026-09-06T04:14:28+00:00,True,True,phpunit.xml,True,True,False,,^8.2,^11.31,False,False,,False,True,Eligible,2026-09-11T14:14:31.436590+00:00,8.2.0,8.2.0,1,False,PHP-8.2,11.31.0,11.31.0,1,False,Laravel-11,PHP-8.2__Laravel-11,Single constraint,PHPUnit,2026
P571,MGeurts/laravel-11-bootstrap-5,https://github.com/MGeurts/laravel-11-bootstrap-5,master,,,MIT,2023-03-10T13:02:22Z,2026-03-30T18:54:42Z,2026-03-30T18:54:38Z,501.0,False,False,False,Confirmed Laravel Application,True,True,True,True,True,True,True,2026-03-30T18:54:38+00:00,True,True,phpunit.xml,True,True,False,,^8.2,^11.0,False,False,,False,True,Eligible,2026-09-11T14:14:39.047478+00:00,8.2.0,8.2.0,1,False,PHP-8.2,11.0.0,11.0.0,1,False,Laravel-11,PHP-8.2__Laravel-11,Single constraint,PHPUnit,2026
P574,aicwebtech/biblesupersearch_api,https://github.com/aicwebtech/biblesupersearch_api,develop,,,GPL-3.0,2020-02-12T03:10:34Z,2026-09-07T16:30:40Z,2026-09-10T15:27:20Z,249151.0,False,False,False,Confirmed Laravel Application,True,True,True,True,True,True,True,2026-09-10T15:27:20+00:00,True,True,phpunit.xml,True,True,True,test: phpunit,>=8.2.0,^12.0,False,False,,False,True,Eligible,2026-09-11T14:14:42.896256+00:00,8.2.0,8.2.0,1,False,PHP-8.2,12.0.0,12.0.0,1,False,Laravel-12,PHP-8.2__Laravel-12,Single constraint,PHPUnit + Composer test,2026
P575,padosoft/laravel-ai-chat,https://github.com/padosoft/laravel-ai-chat,main,,,Apache-2.0,2026-05-01T19:37:43Z,2026-07-24T14:01:23Z,2026-09-10T07:13:44Z,811.0,False,False,False,Confirmed Laravel Application,True,True,True,True,True,True,True,2026-09-10T07:13:44+00:00,True,True,phpunit.xml,True,True,True,"test: ['@php artisan config:clear --ansi', '@php artisan test']",^8.4,^13.0,False,False,,False,True,Eligible,2026-09-11T14:14:46.675756+00:00,8.4.0,8.4.0,1,False,PHP-8.4,13.0.0,13.0.0,1,False,Laravel-13,PHP-8.4__Laravel-13,Single constraint,PHPUnit + Composer test,2026
P576,Mohammad-Al-Bast/EDUadmin-backend,https://github.com/Mohammad-Al-Bast/EDUadmin-backend,main,,,,2025-07-30T20:05:45Z,2026-02-16T13:14:04Z,2026-02-16T13:14:00Z,266.0,False,False,False,Confirmed Laravel Application,True,True,True,True,True,True,True,2026-02-16T13:14:00+00:00,True,True,phpunit.xml,True,True,True,"test: ['@php artisan config:clear --ansi', '@php artisan test']",^8.2,^12.0,False,False,,False,True,Eligible,2026-09-11T14:14:51.422284+00:00,8.2.0,8.2.0,1,False,PHP-8.2,12.0.0,12.0.0,1,False,Laravel-12,PHP-8.2__Laravel-12,Single constraint,PHPUnit + Composer test,2026
P585,kevin-dev31/ShadowCamp,https://github.com/kevin-dev31/ShadowCamp,main,,,NOASSERTION,2025-03-05T18:28:56Z,2025-03-31T12:41:41Z,2025-03-05T18:53:28Z,2096.0,False,False,False,Confirmed Laravel Application,True,True,True,True,True,True,True,2025-03-05T18:53:28+00:00,True,True,phpunit.xml,True,True,False,,^8.1,^10.10,False,False,,False,True,Eligible,2026-09-11T14:14:54.872119+00:00,8.1.0,8.1.0,1,False,PHP-8.1,10.10.0,10.10.0,1,False,Laravel-10,PHP-8.1__Laravel-10,Single constraint,PHPUnit,2025
P593,sensasi-apps/sensasi-logistic,https://github.com/sensasi-apps/sensasi-logistic,main,,,MIT,2022-10-31T19:14:36Z,2024-09-20T03:17:26Z,2025-04-06T20:55:38Z,13604.0,False,False,False,Confirmed Laravel Application,True,True,True,True,True,True,True,2025-04-06T20:55:38+00:00,True,True,phpunit.xml,True,True,False,,^8.0.2,^9.19,False,False,,False,True,Eligible,2026-09-11T14:14:59.216226+00:00,8.0.2,8.0.2,1,False,PHP-8.0,9.19.0,9.19.0,1,False,Laravel-9,PHP-8.0__Laravel-9,Single constraint,PHPUnit,2025
P604,AbdullahShublaq/CHATash,https://github.com/AbdullahShublaq/CHATash,master,,,,2020-09-16T19:16:50Z,2026-09-06T09:20:14Z,2026-09-06T09:20:11Z,1148.0,False,False,False,Confirmed Laravel Application,True,True,True,True,True,True,True,2026-09-06T09:20:11+00:00,True,True,phpunit.xml,True,True,False,,^7.2.5,^7.24,False,False,,False,True,Eligible,2026-09-11T14:15:02.810733+00:00,7.2.5,7.2.5,1,False,PHP-7.2,7.24.0,7.24.0,1,False,Laravel-7,PHP-7.2__Laravel-7,Single constraint,PHPUnit,2026
P606,mviniciusca/warriorfolio,https://github.com/mviniciusca/warriorfolio,main,,,MIT,2022-03-06T13:04:01Z,2026-08-31T13:43:20Z,2026-03-22T23:53:37Z,92514.0,False,False,False,Confirmed Laravel Application,True,True,True,True,True,True,True,2026-03-22T23:53:37+00:00,True,True,phpunit.xml,True,True,False,,^8.2,^11.44.0,False,False,,False,True,Eligible,2026-09-11T14:15:09.923543+00:00,8.2.0,8.2.0,1,False,PHP-8.2,11.44.0,11.44.0,1,False,Laravel-11,PHP-8.2__Laravel-11,Single constraint,PHPUnit,2026
P627,tighten/novapackages,https://github.com/tighten/novapackages,main,,,,2020-01-27T14:20:06Z,2026-07-04T22:46:01Z,2026-09-08T16:54:39Z,11085.0,False,False,False,Confirmed Laravel Application,True,True,True,True,True,True,True,2026-09-08T16:54:39+00:00,True,True,phpunit.xml,True,True,True,"test: ['@php artisan config:clear --ansi', '@php artisan test']",^8.3,^13.4,False,False,,False,True,Eligible,2026-09-11T14:15:18.256876+00:00,8.3.0,8.3.0,1,False,PHP-8.3,13.4.0,13.4.0,1,False,Laravel-13,PHP-8.3__Laravel-13,Single constraint,PHPUnit + Composer test,2026
P639,Hi-Folks/gh-actions-yaml-generator,https://github.com/Hi-Folks/gh-actions-yaml-generator,develop,,,MIT,2021-01-02T11:07:36Z,2026-07-28T02:20:55Z,2025-08-03T17:26:52Z,3849.0,False,False,False,Confirmed Laravel Application,True,True,True,True,True,True,True,2025-08-03T17:26:52+00:00,True,True,phpunit.xml,True,True,True,test: pest --order-by random,^8.2|^8.3,^11.0,False,False,,False,True,Eligible,2026-09-11T14:15:30.627392+00:00,8.2.0,8.3.0,2,True,"PHP-Multi[8.2,8.3]",11.0.0,11.0.0,1,False,Laravel-11,"PHP-Multi[8.2,8.3]__Laravel-11",Multi-PHP,PHPUnit + Composer test,2025
P660,Bangkah/ABSENSI-KARYAWAN,https://github.com/Bangkah/ABSENSI-KARYAWAN,main,,,MIT,2025-07-14T20:20:30Z,2026-07-21T20:10:54Z,2025-09-06T05:13:23Z,840.0,False,False,False,Confirmed Laravel Application,True,True,True,True,True,True,True,2025-09-06T05:13:23+00:00,True,True,phpunit.xml,True,True,False,,^8.0.2,^9.11,False,False,,False,True,Eligible,2026-09-11T14:15:39.257374+00:00,8.0.2,8.0.2,1,False,PHP-8.0,9.11.0,9.11.0,1,False,Laravel-9,PHP-8.0__Laravel-9,Single constraint,PHPUnit,2025
P664,LuisAPI/BASA-Chatbot,https://github.com/LuisAPI/BASA-Chatbot,main,,,,2025-07-15T01:24:06Z,2026-04-09T03:14:21Z,2026-09-08T22:15:10Z,26650.0,False,False,False,Confirmed Laravel Application,True,True,True,True,True,True,True,2026-09-08T22:15:10+00:00,True,True,phpunit.xml,True,True,True,"test: ['@php artisan config:clear --ansi', '@php artisan test']",^8.2,^12.0,False,False,,False,True,Eligible,2026-09-11T14:15:43.148031+00:00,8.2.0,8.2.0,1,False,PHP-8.2,12.0.0,12.0.0,1,False,Laravel-12,PHP-8.2__Laravel-12,Single constraint,PHPUnit + Composer test,2026
P665,mikeu-dev/lahan-cerdas,https://github.com/mikeu-dev/lahan-cerdas,main,,,,2025-09-14T15:08:06Z,2026-05-13T03:29:43Z,2025-12-08T15:16:11Z,2099.0,False,False,False,Confirmed Laravel Application,True,True,True,True,True,True,True,2025-12-08T15:16:11+00:00,True,True,phpunit.xml,True,True,True,"test: ['@php artisan config:clear --ansi', '@php artisan test']",^8.2,^12.0,False,False,,False,True,Eligible,2026-09-11T14:15:46.624306+00:00,8.2.0,8.2.0,1,False,PHP-8.2,12.0.0,12.0.0,1,False,Laravel-12,PHP-8.2__Laravel-12,Single constraint,PHPUnit + Composer test,2025
P673,JHWelch/ChoreManager,https://github.com/JHWelch/ChoreManager,main,,,GPL-2.0,2021-01-29T03:27:33Z,2025-08-06T23:38:51Z,2026-01-31T00:25:11Z,6173.0,False,False,False,Confirmed Laravel Application,True,True,True,True,True,True,True,2026-01-31T00:25:11+00:00,True,True,phpunit.xml,True,True,True,"test:lint: pint --test | test:psr4: composer dump-autoload --no-scripts --no-interaction 2>&1 | grep 'does not comply with psr-4' || exit 0; exit 1 | test:types: phpstan analyse --ansi --memory-limit=-1 | test:unit: pest -p | test: ['@test:lint', '@test:types', '@test:unit']",^8.2,^11.20,False,False,,False,True,Eligible,2026-09-11T14:15:51.232604+00:00,8.2.0,8.2.0,1,False,PHP-8.2,11.20.0,11.20.0,1,False,Laravel-11,PHP-8.2__Laravel-11,Single constraint,PHPUnit + Composer test,2026
P678,AlbertoBarrago/tasks-manager,https://github.com/AlbertoBarrago/tasks-manager,main,,,,2025-06-04T12:36:35Z,2026-05-27T06:33:49Z,2025-07-09T09:06:53Z,562.0,False,False,False,Confirmed Laravel Application,True,True,True,True,True,True,True,2025-07-09T09:06:53+00:00,True,True,phpunit.xml,True,True,True,"test: ['@php artisan config:clear --ansi', '@php artisan test']",^8.2,^12.0,False,False,,False,True,Eligible,2026-09-11T14:15:54.994109+00:00,8.2.0,8.2.0,1,False,PHP-8.2,12.0.0,12.0.0,1,False,Laravel-12,PHP-8.2__Laravel-12,Single constraint,PHPUnit + Composer test,2025
P679,solutionforest/Watchdog,https://github.com/solutionforest/Watchdog,main,,,,2024-05-01T16:00:52Z,2026-07-08T17:52:23Z,2026-04-29T10:05:13Z,155.0,False,False,False,Confirmed Laravel Application,True,True,True,True,True,True,True,2026-04-29T10:05:13+00:00,True,True,phpunit.xml,True,True,False,,^8.1,^10.10,False,False,,False,True,Eligible,2026-09-11T14:15:59.031071+00:00,8.1.0,8.1.0,1,False,PHP-8.1,10.10.0,10.10.0,1,False,Laravel-10,PHP-8.1__Laravel-10,Single constraint,PHPUnit,2026
P681,dharmendraone/user-task-laravel,https://github.com/dharmendraone/user-task-laravel,second-branch,,,,2024-10-06T20:51:47Z,2026-07-04T16:19:55Z,2026-07-04T16:15:43Z,91.0,False,False,False,Confirmed Laravel Application,True,True,True,True,True,True,True,2026-07-04T16:15:43+00:00,True,True,phpunit.xml,True,True,False,,^8.2,^11.9,False,False,,False,True,Eligible,2026-09-11T14:16:06.821688+00:00,8.2.0,8.2.0,1,False,PHP-8.2,11.9.0,11.9.0,1,False,Laravel-11,PHP-8.2__Laravel-11,Single constraint,PHPUnit,2026
P688,404NotFoundIndonesia/raktrek,https://github.com/404NotFoundIndonesia/raktrek,main,,,MIT,2023-08-24T14:09:44Z,2026-05-13T23:21:18Z,2026-05-13T23:21:15Z,3603.0,False,False,False,Confirmed Laravel Application,True,True,True,True,True,True,True,2026-05-13T23:21:15+00:00,True,True,phpunit.xml,True,True,False,,^8.1,^10.10,False,False,,False,True,Eligible,2026-09-11T14:16:18.973402+00:00,8.1.0,8.1.0,1,False,PHP-8.1,10.10.0,10.10.0,1,False,Laravel-10,PHP-8.1__Laravel-10,Single constraint,PHPUnit,2026
P731,NaufalArdian12/eduApp-API,https://github.com/NaufalArdian12/eduApp-API,master,,,,2025-11-05T12:34:34Z,2025-12-15T15:21:58Z,2025-12-15T15:21:54Z,2198.0,False,False,False,Confirmed Laravel Application,True,True,True,True,True,True,True,2025-12-15T15:21:54+00:00,True,True,phpunit.xml,True,True,True,"test: ['@php artisan config:clear --ansi', '@php artisan test']",^8.2,^12.0,False,False,,False,True,Eligible,2026-09-11T14:16:35.001234+00:00,8.2.0,8.2.0,1,False,PHP-8.2,12.0.0,12.0.0,1,False,Laravel-12,PHP-8.2__Laravel-12,Single constraint,PHPUnit + Composer test,2025
P752,Archanaub04/Laravel-React-E-Commerce,https://github.com/Archanaub04/Laravel-React-E-Commerce,master,,,,2025-03-30T06:42:23Z,2026-08-20T15:22:19Z,2026-05-21T09:54:23Z,10974.0,False,False,False,Confirmed Laravel Application,True,True,True,True,True,True,True,2026-05-21T09:54:23+00:00,True,True,phpunit.xml,True,True,False,,^8.2,^12.0,False,False,,False,True,Eligible,2026-09-11T14:16:54.590789+00:00,8.2.0,8.2.0,1,False,PHP-8.2,12.0.0,12.0.0,1,False,Laravel-12,PHP-8.2__Laravel-12,Single constraint,PHPUnit,2026
P756,MuhammedMSalama/ChatMessage,https://github.com/MuhammedMSalama/ChatMessage,main,,,MIT,2025-03-28T01:50:46Z,2026-03-29T16:40:41Z,2026-03-27T15:03:39Z,376.0,False,False,False,Confirmed Laravel Application,True,True,True,True,True,True,True,2026-03-27T15:03:39+00:00,True,True,phpunit.xml,True,True,False,,^8.2,^11.31,False,False,,False,True,Eligible,2026-09-11T14:16:58.502247+00:00,8.2.0,8.2.0,1,False,PHP-8.2,11.31.0,11.31.0,1,False,Laravel-11,PHP-8.2__Laravel-11,Single constraint,PHPUnit,2026
P770,lopadova/AskMyDocs,https://github.com/lopadova/AskMyDocs,main,,,MIT,2026-04-16T17:13:58Z,2026-09-10T09:33:11Z,2026-09-10T10:05:49Z,25497.0,False,False,False,Confirmed Laravel Application,True,True,True,True,True,True,True,2026-09-10T10:05:49+00:00,True,True,phpunit.xml,True,True,False,,^8.3,^13.0,False,False,,False,True,Eligible,2026-09-11T14:17:10.408355+00:00,8.3.0,8.3.0,1,False,PHP-8.3,13.0.0,13.0.0,1,False,Laravel-13,PHP-8.3__Laravel-13,Single constraint,PHPUnit,2026
P772,Devnawjesh/hr-payroll,https://github.com/Devnawjesh/hr-payroll,main,,,,2019-02-11T23:27:26Z,2026-09-06T23:28:56Z,2026-08-16T16:56:22Z,23546.0,False,False,False,Confirmed Laravel Application,True,True,True,True,True,True,True,2026-08-16T16:56:22+00:00,True,True,phpunit.xml,True,True,True,"test: ['@php artisan config:clear --ansi', '@php artisan test']",^8.2,^12.0,False,False,,False,True,Eligible,2026-09-11T14:17:14.205419+00:00,8.2.0,8.2.0,1,False,PHP-8.2,12.0.0,12.0.0,1,False,Laravel-12,PHP-8.2__Laravel-12,Single constraint,PHPUnit + Composer test,2026
P778,Abdelhakim-Baalla/HackGo,https://github.com/Abdelhakim-Baalla/HackGo,main,,,,2025-03-17T10:27:31Z,2026-01-02T22:04:02Z,2025-03-27T22:50:30Z,363.0,False,False,False,Confirmed Laravel Application,True,True,True,True,True,True,True,2025-03-27T22:50:30+00:00,True,True,phpunit.xml,True,True,False,,^8.0,^9.0,False,False,,False,True,Eligible,2026-09-11T14:17:18.087638+00:00,8.0.0,8.0.0,1,False,PHP-8.0,9.0.0,9.0.0,1,False,Laravel-9,PHP-8.0__Laravel-9,Single constraint,PHPUnit,2025
P794,SameOldNick/SameOldWebsite,https://github.com/SameOldNick/SameOldWebsite,main,,,MIT,2023-08-29T04:42:14Z,2026-09-08T04:31:50Z,2026-09-08T04:31:43Z,8240.0,False,False,False,Confirmed Laravel Application,True,True,True,True,True,True,True,2026-09-08T04:31:43+00:00,True,True,phpunit.xml,True,False,False,,^8.2,^12.0,False,False,,False,True,Eligible,2026-09-11T14:17:25.706651+00:00,8.2.0,8.2.0,1,False,PHP-8.2,12.0.0,12.0.0,1,False,Laravel-12,PHP-8.2__Laravel-12,Single constraint,PHPUnit,2026
P799,jeffersongoncalves/nativekit,https://github.com/jeffersongoncalves/nativekit,main,,,,2025-07-09T19:55:12Z,2026-09-10T00:04:40Z,2026-09-10T00:04:29Z,4569.0,False,False,False,Confirmed Laravel Application,True,True,True,True,True,True,True,2026-09-10T00:04:29+00:00,True,True,phpunit.xml,True,True,False,,^8.3,^13.0,False,False,,False,True,Eligible,2026-09-11T14:17:29.384946+00:00,8.3.0,8.3.0,1,False,PHP-8.3,13.0.0,13.0.0,1,False,Laravel-13,PHP-8.3__Laravel-13,Single constraint,PHPUnit,2026
P826,goldcoders-corp/vuetified,https://github.com/goldcoders-corp/vuetified,main,,,MIT,2017-07-26T13:15:14Z,2026-01-08T09:14:16Z,2025-01-14T08:09:41Z,26301.0,False,False,False,Confirmed Laravel Application,True,True,True,True,True,True,True,2025-01-14T08:09:41+00:00,True,True,phpunit.xml,True,True,False,,^8.0,^8.12,False,False,,False,True,Eligible,2026-09-11T14:17:38.182200+00:00,8.0.0,8.0.0,1,False,PHP-8.0,8.12.0,8.12.0,1,False,Laravel-8,PHP-8.0__Laravel-8,Single constraint,PHPUnit,2025
P835,kwkuh/domain-marketplace,https://github.com/kwkuh/domain-marketplace,main,,,MIT,2025-01-07T09:28:44Z,2026-09-06T03:27:48Z,2026-08-01T14:26:19Z,1942.0,False,False,False,Confirmed Laravel Application,True,True,True,True,True,True,True,2026-08-01T14:26:19+00:00,True,True,phpunit.xml,True,True,True,"test: ['@php artisan config:clear --ansi @no_additional_args', '@php artisan test']",^8.3,^13.8,False,False,,False,True,Eligible,2026-09-11T14:17:41.949215+00:00,8.3.0,8.3.0,1,False,PHP-8.3,13.8.0,13.8.0,1,False,Laravel-13,PHP-8.3__Laravel-13,Single constraint,PHPUnit + Composer test,2026
P836,ooaoJ/interscore,https://github.com/ooaoJ/interscore,main,,,,2026-06-22T18:00:29Z,2026-06-26T18:58:49Z,2026-06-26T18:58:45Z,2863.0,False,False,False,Confirmed Laravel Application,True,True,True,True,True,True,True,2026-06-26T18:58:45+00:00,True,True,phpunit.xml,True,True,True,"test: ['@php artisan config:clear --ansi @no_additional_args', '@php artisan test']",^8.3,^13.8,False,False,,False,True,Eligible,2026-09-11T14:17:45.947800+00:00,8.3.0,8.3.0,1,False,PHP-8.3,13.8.0,13.8.0,1,False,Laravel-13,PHP-8.3__Laravel-13,Single constraint,PHPUnit + Composer test,2026
P857,Reaper1994/supermarket-checkout,https://github.com/Reaper1994/supermarket-checkout,main,,,MIT,2024-07-17T21:54:50Z,2025-07-31T11:08:18Z,2025-04-17T22:34:41Z,225.0,False,False,False,Confirmed Laravel Application,True,True,True,True,True,True,True,2025-04-17T22:34:41+00:00,True,True,phpunit.xml,True,True,False,,^8.2,^11.9,False,False,,False,True,Eligible,2026-09-11T14:18:09.291297+00:00,8.2.0,8.2.0,1,False,PHP-8.2,11.9.0,11.9.0,1,False,Laravel-11,PHP-8.2__Laravel-11,Single constraint,PHPUnit,2025
P866,engsahaly/laravel_course_level_2_starter_repo,https://github.com/engsahaly/laravel_course_level_2_starter_repo,master,,,,2024-03-04T04:55:46Z,2026-06-21T15:10:12Z,2025-01-29T07:46:21Z,145.0,False,False,False,Confirmed Laravel Application,True,True,True,True,True,True,True,2025-01-29T07:46:21+00:00,True,True,phpunit.xml,True,True,False,,^8.1,^10.10,False,False,,False,True,Eligible,2026-09-11T14:18:17.339676+00:00,8.1.0,8.1.0,1,False,PHP-8.1,10.10.0,10.10.0,1,False,Laravel-10,PHP-8.1__Laravel-10,Single constraint,PHPUnit,2025
P868,basirkhan12/Graphic-and-banner-designing-app-fabricjs,https://github.com/basirkhan12/Graphic-and-banner-designing-app-fabricjs,master,,,,2021-08-24T07:45:45Z,2026-07-19T15:37:34Z,2026-04-03T09:53:37Z,9626.0,False,False,False,Confirmed Laravel Application,True,True,True,True,True,True,True,2026-04-03T09:53:37+00:00,True,True,phpunit.xml,True,True,False,,^7.3|^8.0,^8.12,False,False,,False,True,Eligible,2026-09-11T14:18:21.674015+00:00,7.3.0,8.0.0,2,True,"PHP-Multi[7.3,8.0]",8.12.0,8.12.0,1,False,Laravel-8,"PHP-Multi[7.3,8.0]__Laravel-8",Multi-PHP,PHPUnit,2026
P875,icaluwu/Project-Absence-Laravel,https://github.com/icaluwu/Project-Absence-Laravel,main,,,MIT,2025-08-22T10:52:57Z,2026-02-03T22:48:29Z,2025-08-26T02:19:02Z,592.0,False,False,False,Confirmed Laravel Application,True,True,True,True,True,True,True,2025-08-26T02:19:02+00:00,True,True,phpunit.xml,True,True,True,"test: ['@php artisan config:clear --ansi', '@php artisan test']",^8.2,^12.0,False,False,,False,True,Eligible,2026-09-11T14:18:33.226656+00:00,8.2.0,8.2.0,1,False,PHP-8.2,12.0.0,12.0.0,1,False,Laravel-12,PHP-8.2__Laravel-12,Single constraint,PHPUnit + Composer test,2025
P880,imamsudarajat04/app-rtv2,https://github.com/imamsudarajat04/app-rtv2,main,,,,2022-03-02T10:39:06Z,2025-09-17T17:35:59Z,2025-09-17T17:35:55Z,30855.0,False,False,False,Confirmed Laravel Application,True,True,True,True,True,True,True,2025-09-17T17:35:55+00:00,True,True,phpunit.xml,True,True,False,,^7.2.5|^8.0,^7.29,False,False,,False,True,Eligible,2026-09-11T14:18:36.864765+00:00,7.2.5,8.0.0,2,True,"PHP-Multi[7.2,8.0]",7.29.0,7.29.0,1,False,Laravel-7,"PHP-Multi[7.2,8.0]__Laravel-7",Multi-PHP,PHPUnit,2025
P885,JoanGarfias/curvex,https://github.com/JoanGarfias/curvex,main,,,,2025-10-22T05:26:39Z,2026-06-24T06:19:25Z,2026-01-23T17:29:10Z,632.0,False,False,False,Confirmed Laravel Application,True,True,True,True,True,True,True,2026-01-23T17:29:10+00:00,True,True,phpunit.xml,True,True,True,"test: ['@php artisan config:clear --ansi', '@php artisan test']",^8.2,^12.0,False,False,,False,True,Eligible,2026-09-11T14:18:44.374879+00:00,8.2.0,8.2.0,1,False,PHP-8.2,12.0.0,12.0.0,1,False,Laravel-12,PHP-8.2__Laravel-12,Single constraint,PHPUnit + Composer test,2026
P889,itsLeonB/rekam-medis-elektronik,https://github.com/itsLeonB/rekam-medis-elektronik,master,,,NOASSERTION,2023-08-02T16:06:08Z,2026-07-29T05:16:35Z,2025-01-08T02:06:07Z,88387.0,False,False,False,Confirmed Laravel Application,True,True,True,True,True,True,True,2025-01-08T02:06:07+00:00,True,True,phpunit.xml,True,True,False,,^8.1,^10.10,False,False,,False,True,Eligible,2026-09-11T14:18:47.811470+00:00,8.1.0,8.1.0,1,False,PHP-8.1,10.10.0,10.10.0,1,False,Laravel-10,PHP-8.1__Laravel-10,Single constraint,PHPUnit,2025
P891,VirajMadhu/LaraPm,https://github.com/VirajMadhu/LaraPm,main,,,MIT,2025-01-08T12:17:40Z,2025-03-05T11:49:47Z,2025-01-10T02:03:21Z,16300.0,False,False,False,Confirmed Laravel Application,True,True,True,True,True,True,True,2025-01-10T02:03:21+00:00,True,True,phpunit.xml,True,True,False,,^8.2.0,^10.0,False,False,,False,True,Eligible,2026-09-11T14:18:52.936823+00:00,8.2.0,8.2.0,1,False,PHP-8.2,10.0.0,10.0.0,1,False,Laravel-10,PHP-8.2__Laravel-10,Single constraint,PHPUnit,2025
P900,AlwaysCuriousCo/package-pipeline,https://github.com/AlwaysCuriousCo/package-pipeline,main,,,MIT,2026-08-03T18:13:29Z,2026-09-09T17:39:12Z,2026-09-03T13:38:56Z,5066.0,False,False,False,Confirmed Laravel Application,True,True,True,True,True,True,True,2026-09-03T13:38:56+00:00,True,True,phpunit.xml,True,True,True,"test: ['@php artisan config:clear --ansi @no_additional_args', '@php artisan test']",^8.3,^13.17,False,False,,False,True,Eligible,2026-09-11T14:18:57.235795+00:00,8.3.0,8.3.0,1,False,PHP-8.3,13.17.0,13.17.0,1,False,Laravel-13,PHP-8.3__Laravel-13,Single constraint,PHPUnit + Composer test,2026
P919,laravel-shift/laravel-5.7,https://github.com/laravel-shift/laravel-5.7,master,,,,2018-08-27T16:21:55Z,2026-03-15T18:38:18Z,2026-03-15T18:38:14Z,266.0,False,False,False,Confirmed Laravel Application,True,True,True,True,True,True,True,2026-03-15T18:38:14+00:00,True,True,phpunit.xml,True,False,False,,^7.1.3,5.7.*,False,False,,False,True,Eligible,2026-09-11T14:19:00.262432+00:00,7.1.3,7.1.3,1,False,PHP-7.1,5.7.0,5.7.0,1,False,Laravel-5,PHP-7.1__Laravel-5,Single constraint,PHPUnit,2026
P920,benjamincrozat/blog-v5,https://github.com/benjamincrozat/blog-v5,main,,,,2025-02-08T11:20:04Z,2026-09-04T16:37:50Z,2026-09-04T16:36:08Z,10887.0,False,False,False,Confirmed Laravel Application,True,True,True,True,True,True,True,2026-09-04T16:36:08+00:00,True,True,phpunit.xml.dist,True,True,True,"test: ['@php artisan config:clear --ansi @no_additional_args', '@php artisan test']",^8.4,^13.0,False,False,,False,True,Eligible,2026-09-11T14:19:03.802999+00:00,8.4.0,8.4.0,1,False,PHP-8.4,13.0.0,13.0.0,1,False,Laravel-13,PHP-8.4__Laravel-13,Single constraint,PHPUnit + Composer test,2026
P921,vpatel95/MesApp,https://github.com/vpatel95/MesApp,master,,,,2017-10-06T09:46:31Z,2026-03-21T11:16:13Z,2025-03-10T05:56:41Z,1029.0,False,False,False,Confirmed Laravel Application,True,True,True,True,True,True,True,2025-03-10T05:56:41+00:00,True,True,phpunit.xml,True,False,False,,^7.4,^5.6,False,False,,False,True,Eligible,2026-09-11T14:19:07.363541+00:00,7.4.0,7.4.0,1,False,PHP-7.4,5.6.0,5.6.0,1,False,Laravel-5,PHP-7.4__Laravel-5,Single constraint,PHPUnit,2025
P929,sadiq-bd/file-manager,https://github.com/sadiq-bd/file-manager,main,,,MIT,2024-07-24T21:11:02Z,2026-04-21T13:53:00Z,2026-04-21T13:52:57Z,253.0,False,False,False,Confirmed Laravel Application,True,True,True,True,True,True,True,2026-04-21T13:52:57+00:00,True,True,phpunit.xml,True,True,False,,^8.2,^11.9,False,False,,False,True,Eligible,2026-09-11T14:19:11.320168+00:00,8.2.0,8.2.0,1,False,PHP-8.2,11.9.0,11.9.0,1,False,Laravel-11,PHP-8.2__Laravel-11,Single constraint,PHPUnit,2026
P940,sfauzi/book-career,https://github.com/sfauzi/book-career,main,,,,2025-06-16T03:54:39Z,2025-10-07T12:03:47Z,2025-10-07T12:03:43Z,1438.0,False,False,False,Confirmed Laravel Application,True,True,True,True,True,True,True,2025-10-07T12:03:43+00:00,True,True,phpunit.xml,True,True,True,"test: ['@php artisan config:clear --ansi', '@php artisan test']",^8.2,^12.0,False,False,,False,True,Eligible,2026-09-11T14:19:18.420211+00:00,8.2.0,8.2.0,1,False,PHP-8.2,12.0.0,12.0.0,1,False,Laravel-12,PHP-8.2__Laravel-12,Single constraint,PHPUnit + Composer test,2025
P959,NoelDeMartin/lss,https://github.com/NoelDeMartin/lss,main,,,AGPL-3.0,2024-08-16T06:43:32Z,2026-09-08T09:15:28Z,2026-09-08T09:12:52Z,402.0,False,False,False,Confirmed Laravel Application,True,True,True,True,True,True,True,2026-09-08T09:12:52+00:00,True,True,phpunit.xml,True,True,True,"test: ['@php artisan config:clear --ansi', '@lint:check', '@types:check', '@php artisan test']",^8.2,^13.0,False,False,,False,True,Eligible,2026-09-11T14:19:36.852592+00:00,8.2.0,8.2.0,1,False,PHP-8.2,13.0.0,13.0.0,1,False,Laravel-13,PHP-8.2__Laravel-13,Single constraint,PHPUnit + Composer test,2026
P965,svareX/link-shortener,https://github.com/svareX/link-shortener,main,,,,2023-07-12T21:28:34Z,2026-03-24T10:10:10Z,2026-03-24T10:10:12Z,123.0,False,False,False,Confirmed Laravel Application,True,True,True,True,True,True,True,2026-03-24T10:10:12+00:00,True,True,phpunit.xml,True,True,False,,^8.1,^10.10,False,False,,False,True,Eligible,2026-09-11T14:19:40.555367+00:00,8.1.0,8.1.0,1,False,PHP-8.1,10.10.0,10.10.0,1,False,Laravel-10,PHP-8.1__Laravel-10,Single constraint,PHPUnit,2026
P974,benjdiasaad/ERP,https://github.com/benjdiasaad/ERP,main,,,,2026-03-16T13:39:15Z,2026-05-01T11:53:36Z,2026-04-03T13:58:19Z,569.0,False,False,False,Confirmed Laravel Application,True,True,True,True,True,True,True,2026-04-03T13:58:19+00:00,True,True,phpunit.xml,True,True,True,"test: ['@php artisan config:clear --ansi', '@php artisan test']",^8.2,^12.0,False,False,,False,True,Eligible,2026-09-11T14:19:47.689627+00:00,8.2.0,8.2.0,1,False,PHP-8.2,12.0.0,12.0.0,1,False,Laravel-12,PHP-8.2__Laravel-12,Single constraint,PHPUnit + Composer test,2026
P976,dcblogdev/laravel-admintw,https://github.com/dcblogdev/laravel-admintw,main,,,,2021-05-16T12:13:19Z,2026-07-22T15:10:21Z,2025-05-17T17:22:10Z,6527.0,False,False,False,Confirmed Laravel Application,True,True,True,True,True,True,True,2025-05-17T17:22:10+00:00,True,True,phpunit.xml,True,True,True,"pest: pest | test: ['@pint', '@stan', '@pest-type-coverage', '@pest-coverage']",^8.2,^12.12.0,False,False,,False,True,Eligible,2026-09-11T14:19:52.701080+00:00,8.2.0,8.2.0,1,False,PHP-8.2,12.12.0,12.12.0,1,False,Laravel-12,PHP-8.2__Laravel-12,Single constraint,PHPUnit + Composer test,2025
P994,BaseMax/LaravelBlogAssignment,https://github.com/BaseMax/LaravelBlogAssignment,main,,,GPL-3.0,2023-02-04T17:10:17Z,2026-09-04T12:19:02Z,2026-09-04T12:18:52Z,9433.0,False,False,False,Confirmed Laravel Application,True,True,True,True,True,True,True,2026-09-04T12:18:52+00:00,True,True,phpunit.xml,True,True,False,,^8.0.2,^9.19,False,False,,False,True,Eligible,2026-09-11T14:20:07.932456+00:00,8.0.2,8.0.2,1,False,PHP-8.0,9.19.0,9.19.0,1,False,Laravel-9,PHP-8.0__Laravel-9,Single constraint,PHPUnit,2026
P1013,riodwanto/superduper-filament-starter-kit,https://github.com/riodwanto/superduper-filament-starter-kit,master,,,MIT,2024-02-25T20:32:42Z,2026-09-03T07:14:30Z,2025-10-10T04:12:18Z,11618.0,False,False,False,Confirmed Laravel Application,True,True,True,True,True,True,True,2025-10-10T04:12:18+00:00,True,True,phpunit.xml,True,True,False,,^8.2,^11.9,False,False,,False,True,Eligible,2026-09-11T14:20:21.150577+00:00,8.2.0,8.2.0,1,False,PHP-8.2,11.9.0,11.9.0,1,False,Laravel-11,PHP-8.2__Laravel-11,Single constraint,PHPUnit,2025
P1020,Devsome/silkpanel-cms,https://github.com/Devsome/silkpanel-cms,master,,,NOASSERTION,2026-02-03T21:19:43Z,2026-09-07T23:26:22Z,2026-09-07T23:26:17Z,295218.0,False,False,False,Confirmed Laravel Application,True,True,True,True,True,True,True,2026-09-07T23:26:17+00:00,True,True,phpunit.xml,True,True,True,"test: ['@php artisan config:clear --ansi', '@php artisan test']",^8.3,^13.0,False,False,,False,True,Eligible,2026-09-11T14:20:32.737487+00:00,8.3.0,8.3.0,1,False,PHP-8.3,13.0.0,13.0.0,1,False,Laravel-13,PHP-8.3__Laravel-13,Single constraint,PHPUnit + Composer test,2026
P1022,dimasrizkyfebrian/orderbyte,https://github.com/dimasrizkyfebrian/orderbyte,main,,,,2025-06-19T01:03:26Z,2025-10-27T06:28:35Z,2025-10-26T01:12:50Z,838.0,False,False,False,Confirmed Laravel Application,True,True,True,True,True,True,True,2025-10-26T01:12:50+00:00,True,True,phpunit.xml,True,True,False,,^8.2,^11.0,False,False,,False,True,Eligible,2026-09-11T14:20:36.873336+00:00,8.2.0,8.2.0,1,False,PHP-8.2,11.0.0,11.0.0,1,False,Laravel-11,PHP-8.2__Laravel-11,Single constraint,PHPUnit,2025
P1033,devaslanphp/forumium,https://github.com/devaslanphp/forumium,master,,,MIT,2022-12-21T13:55:05Z,2026-06-27T11:31:41Z,2025-08-20T19:36:43Z,1372.0,False,False,False,Confirmed Laravel Application,True,True,True,True,True,True,True,2025-08-20T19:36:43+00:00,True,True,phpunit.xml,True,True,True,test: ['./vendor/bin/pest'],^8.1,^10.0,False,False,,False,True,Eligible,2026-09-11T14:20:40.983837+00:00,8.1.0,8.1.0,1,False,PHP-8.1,10.0.0,10.0.0,1,False,Laravel-10,PHP-8.1__Laravel-10,Single constraint,PHPUnit + Composer test,2025
P1035,invoiceninja/invoiceninja,https://github.com/invoiceninja/invoiceninja,v5-stable,,,NOASSERTION,2013-11-26T12:30:05Z,2026-09-10T15:50:47Z,2026-09-10T02:52:11Z,4237319.0,False,False,False,Confirmed Laravel Application,True,True,True,True,True,True,True,2026-09-10T02:52:11+00:00,True,True,phpunit.xml,True,True,True,test: phpunit | test-coverage: phpunit --coverage-html coverage,^8.2|^8.3|^8.4|^8.5,^12,False,False,,False,True,Eligible,2026-09-11T14:20:45.562002+00:00,8.2.0,8.5.0,4,True,"PHP-Multi[8.2,8.3,8.4,8.5]",12.0.0,12.0.0,1,False,Laravel-12,"PHP-Multi[8.2,8.3,8.4,8.5]__Laravel-12",Multi-PHP,PHPUnit + Composer test,2026
P1038,akaunting/akaunting,https://github.com/akaunting/akaunting,master,,,NOASSERTION,2017-06-21T14:17:56Z,2026-09-10T16:26:35Z,2026-09-09T23:58:42Z,86999.0,False,False,False,Confirmed Laravel Application,True,True,True,True,True,True,True,2026-09-09T23:58:42+00:00,True,True,phpunit.xml,True,True,True,"test: ['composer install --prefer-dist --no-interaction --no-scripts --no-progress --no-ansi', 'composer dump-autoload']",^8.1,^10.0,False,False,,False,True,Eligible,2026-09-11T14:20:49.678110+00:00,8.1.0,8.1.0,1,False,PHP-8.1,10.0.0,10.0.0,1,False,Laravel-10,PHP-8.1__Laravel-10,Single constraint,PHPUnit + Composer test,2026
P1043,igudy/employees-management-system,https://github.com/igudy/employees-management-system,master,,,,2021-11-10T13:24:49Z,2026-07-21T19:14:46Z,2026-07-21T19:14:18Z,2284.0,False,False,False,Confirmed Laravel Application,True,True,True,True,True,True,True,2026-07-21T19:14:18+00:00,True,True,phpunit.xml,True,True,False,,^7.3|^8.0,^8.65,False,False,,False,True,Eligible,2026-09-11T14:20:53.161126+00:00,7.3.0,8.0.0,2,True,"PHP-Multi[7.3,8.0]",8.65.0,8.65.0,1,False,Laravel-8,"PHP-Multi[7.3,8.0]__Laravel-8",Multi-PHP,PHPUnit,2026
P1044,kalwar/NameApp,https://github.com/kalwar/NameApp,main,,,,2025-05-05T12:49:51Z,2025-05-22T07:33:44Z,2025-05-22T04:17:04Z,124.0,False,False,False,Confirmed Laravel Application,True,True,True,True,True,True,True,2025-05-22T04:17:04+00:00,True,True,phpunit.xml,True,True,True,"test: ['@php artisan config:clear --ansi', '@php artisan test']",^8.2,^12.0,False,False,,False,True,Eligible,2026-09-11T14:20:56.853880+00:00,8.2.0,8.2.0,1,False,PHP-8.2,12.0.0,12.0.0,1,False,Laravel-12,PHP-8.2__Laravel-12,Single constraint,PHPUnit + Composer test,2025
P1050,koel/koel,https://github.com/koel/koel,master,,,MIT,2015-12-06T12:13:19Z,2026-09-10T11:24:56Z,2026-09-09T15:45:32Z,27990.0,False,False,False,Confirmed Laravel Application,True,True,True,True,True,True,True,2026-09-09T15:45:32+00:00,True,True,phpunit.xml.dist,True,True,True,test: @php artisan test --parallel,>=8.3,^13.0,False,False,,False,True,Eligible,2026-09-11T14:21:00.968793+00:00,8.3.0,8.3.0,1,False,PHP-8.3,13.0.0,13.0.0,1,False,Laravel-13,PHP-8.3__Laravel-13,Single constraint,PHPUnit + Composer test,2026
P1058,laravelkr/website,https://github.com/laravelkr/website,master,,,MIT,2019-02-28T13:08:12Z,2026-06-21T09:02:09Z,2026-06-21T09:02:05Z,10223.0,False,False,False,Confirmed Laravel Application,True,True,True,True,True,True,True,2026-06-21T09:02:05+00:00,True,True,phpunit.xml,True,True,False,,^8.5,^13.0,False,False,,False,True,Eligible,2026-09-11T14:21:09.517033+00:00,8.5.0,8.5.0,1,False,PHP-8.5,13.0.0,13.0.0,1,False,Laravel-13,PHP-8.5__Laravel-13,Single constraint,PHPUnit,2026
P1062,hackedon/ctf-manager,https://github.com/hackedon/ctf-manager,master,,,MIT,2019-10-24T08:24:01Z,2025-08-15T11:46:08Z,2025-08-15T11:46:05Z,853.0,False,False,False,Confirmed Laravel Application,True,True,True,True,True,True,True,2025-08-15T11:46:05+00:00,True,True,phpunit.xml,True,True,False,,^7.0,7.*,False,False,,False,True,Eligible,2026-09-11T14:21:14.033737+00:00,7.0.0,7.0.0,1,False,PHP-7.0,7.0.0,7.0.0,1,False,Laravel-7,PHP-7.0__Laravel-7,Single constraint,PHPUnit,2025
P1078,rakibhasansabbir/Laravel-Ecommerce-API,https://github.com/rakibhasansabbir/Laravel-Ecommerce-API,master,,,MIT,2018-10-18T19:39:40Z,2026-09-07T07:07:49Z,2026-09-05T22:08:06Z,2085.0,False,False,False,Confirmed Laravel Application,True,True,True,True,True,True,True,2026-09-05T22:08:06+00:00,True,True,phpunit.xml,True,True,False,,^8.1,^9.0,False,False,,False,True,Eligible,2026-09-11T14:21:17.632827+00:00,8.1.0,8.1.0,1,False,PHP-8.1,9.0.0,9.0.0,1,False,Laravel-9,PHP-8.1__Laravel-9,Single constraint,PHPUnit,2026
P1100,fernaerell/Website-Profile-SMK-PR,https://github.com/fernaerell/Website-Profile-SMK-PR,main,,,,2023-11-22T05:17:28Z,2025-04-02T00:33:11Z,2025-04-02T00:33:07Z,8592.0,False,False,False,Confirmed Laravel Application,True,True,True,True,True,True,True,2025-04-02T00:33:07+00:00,True,True,phpunit.xml,True,True,False,,^8.1,^10.10,False,False,,False,True,Eligible,2026-09-11T14:21:34.489191+00:00,8.1.0,8.1.0,1,False,PHP-8.1,10.10.0,10.10.0,1,False,Laravel-10,PHP-8.1__Laravel-10,Single constraint,PHPUnit,2025
P1108,YasserElgammal/tasks-management,https://github.com/YasserElgammal/tasks-management,main,,,,2023-08-21T19:32:06Z,2026-03-01T08:42:29Z,2026-03-01T08:42:31Z,279.0,False,False,False,Confirmed Laravel Application,True,True,True,True,True,True,True,2026-03-01T08:42:31+00:00,True,True,phpunit.xml,True,True,False,,^8.1,^10.10,False,False,,False,True,Eligible,2026-09-11T14:21:42.368226+00:00,8.1.0,8.1.0,1,False,PHP-8.1,10.10.0,10.10.0,1,False,Laravel-10,PHP-8.1__Laravel-10,Single constraint,PHPUnit,2026
P1109,yassine-serrafi/weesaas-ai-store-laravel,https://github.com/yassine-serrafi/weesaas-ai-store-laravel,main,,,MIT,2026-06-23T15:54:04Z,2026-07-08T15:07:57Z,2026-06-26T19:51:12Z,316.0,False,False,False,Confirmed Laravel Application,True,True,True,True,True,True,True,2026-06-26T19:51:12+00:00,True,True,phpunit.xml,True,True,True,"test: ['@php artisan config:clear --ansi', '@php artisan test']",^8.2,^12.0,False,False,,False,True,Eligible,2026-09-11T14:21:45.778317+00:00,8.2.0,8.2.0,1,False,PHP-8.2,12.0.0,12.0.0,1,False,Laravel-12,PHP-8.2__Laravel-12,Single constraint,PHPUnit + Composer test,2026
P1115,RodneySsemambo/retail-management-dashboard,https://github.com/RodneySsemambo/retail-management-dashboard,main,,,,2025-10-22T10:44:47Z,2026-05-12T11:33:59Z,2026-03-05T05:13:00Z,1725.0,False,False,False,Confirmed Laravel Application,True,True,True,True,True,True,True,2026-03-05T05:13:00+00:00,True,True,phpunit.xml,True,True,True,"test: ['@php artisan config:clear --ansi', '@php artisan test']",^8.2,^12.0,False,False,,False,True,Eligible,2026-09-11T14:21:58.808877+00:00,8.2.0,8.2.0,1,False,PHP-8.2,12.0.0,12.0.0,1,False,Laravel-12,PHP-8.2__Laravel-12,Single constraint,PHPUnit + Composer test,2026
P1118,wyxos/atlas,https://github.com/wyxos/atlas,main,,,MIT,2025-10-27T20:47:53Z,2026-09-04T22:05:15Z,2026-09-04T22:05:08Z,45009.0,False,False,False,Confirmed Laravel Application,True,True,True,True,True,True,True,2026-09-04T22:05:08+00:00,True,True,phpunit.xml,True,True,True,"test: ['@php artisan config:clear --ansi', '@php artisan test --compact']",^8.4,^12.0,False,False,,False,True,Eligible,2026-09-11T14:22:02.797980+00:00,8.4.0,8.4.0,1,False,PHP-8.4,12.0.0,12.0.0,1,False,Laravel-12,PHP-8.4__Laravel-12,Single constraint,PHPUnit + Composer test,2026
P1168,AmirPeyravan/ai-chat-bot,https://github.com/AmirPeyravan/ai-chat-bot,amirhossein,,,,2025-05-17T08:53:23Z,2026-09-07T15:28:05Z,2025-06-10T08:32:27Z,83.0,False,False,False,Confirmed Laravel Application,True,True,True,True,True,True,True,2025-06-10T08:32:27+00:00,True,True,phpunit.xml,True,True,True,"test: ['@php artisan config:clear --ansi', '@php artisan test']",^8.2,^12.0,False,False,,False,True,Eligible,2026-09-11T14:22:26.807283+00:00,8.2.0,8.2.0,1,False,PHP-8.2,12.0.0,12.0.0,1,False,Laravel-12,PHP-8.2__Laravel-12,Single constraint,PHPUnit + Composer test,2025
P1172,spatie/spatie.be,https://github.com/spatie/spatie.be,main,,,,2018-07-20T13:12:13Z,2026-09-07T14:41:05Z,2026-09-07T14:40:53Z,151031.0,False,False,False,Confirmed Laravel Application,True,True,True,True,True,True,True,2026-09-07T14:40:53+00:00,True,True,phpunit.xml,True,True,True,test: ./vendor/bin/pest --parallel,^8.4,^13.0,False,False,,False,True,Eligible,2026-09-11T14:22:31.209568+00:00,8.4.0,8.4.0,1,False,PHP-8.4,13.0.0,13.0.0,1,False,Laravel-13,PHP-8.4__Laravel-13,Single constraint,PHPUnit + Composer test,2026
P1176,rakarmp/forum-,https://github.com/rakarmp/forum-,master,,,,2023-02-07T12:02:16Z,2025-02-24T14:16:12Z,2025-04-29T02:05:05Z,3827.0,False,False,False,Confirmed Laravel Application,True,True,True,True,True,True,True,2025-04-29T02:05:05+00:00,True,True,phpunit.xml,True,True,False,,^7.3|^8.0,^8.40,False,False,,False,True,Eligible,2026-09-11T14:22:38.770809+00:00,7.3.0,8.0.0,2,True,"PHP-Multi[7.3,8.0]",8.40.0,8.40.0,1,False,Laravel-8,"PHP-Multi[7.3,8.0]__Laravel-8",Multi-PHP,PHPUnit,2025
P1178,theihasan/geezap,https://github.com/theihasan/geezap,main,,,,2024-06-22T01:30:11Z,2026-08-08T10:13:18Z,2026-03-17T11:43:14Z,11663.0,False,False,False,Confirmed Laravel Application,True,True,True,True,True,True,True,2026-03-17T11:43:14+00:00,True,True,phpunit.xml,True,True,False,,^8.2,^12.0,False,False,,False,True,Eligible,2026-09-11T14:22:42.115987+00:00,8.2.0,8.2.0,1,False,PHP-8.2,12.0.0,12.0.0,1,False,Laravel-12,PHP-8.2__Laravel-12,Single constraint,PHPUnit,2026
P1191,BlueStarSystem/aura-starter-kit,https://github.com/BlueStarSystem/aura-starter-kit,master,,,,2026-08-19T20:58:56Z,2026-08-22T10:30:31Z,2026-08-20T05:20:13Z,272.0,False,False,False,Confirmed Laravel Application,True,True,True,True,True,True,True,2026-08-20T05:20:13+00:00,True,True,phpunit.xml,True,True,True,"test: ['@php artisan config:clear --ansi @no_additional_args', '@php artisan test']",^8.4,^13.17,False,False,,False,True,Eligible,2026-09-11T14:22:45.690262+00:00,8.4.0,8.4.0,1,False,PHP-8.4,13.17.0,13.17.0,1,False,Laravel-13,PHP-8.4__Laravel-13,Single constraint,PHPUnit + Composer test,2026
P1195,sqlik/sesmograph,https://github.com/sqlik/sesmograph,main,,,NOASSERTION,2026-08-11T17:44:57Z,2026-09-07T00:09:04Z,2026-08-14T21:37:01Z,11963.0,False,False,False,Confirmed Laravel Application,True,True,True,True,True,True,True,2026-08-14T21:37:01+00:00,True,True,phpunit.xml,True,True,True,"test: ['@php artisan config:clear --ansi @no_additional_args', '@php artisan test']",^8.3,^13.8,False,False,,False,True,Eligible,2026-09-11T14:22:53.774809+00:00,8.3.0,8.3.0,1,False,PHP-8.3,13.8.0,13.8.0,1,False,Laravel-13,PHP-8.3__Laravel-13,Single constraint,PHPUnit + Composer test,2026
P1205,otatechie/guacpanel-tailwind,https://github.com/otatechie/guacpanel-tailwind,main,,,MIT,2025-01-30T16:41:06Z,2026-08-31T08:53:09Z,2026-08-31T08:51:03Z,14042.0,False,False,False,Confirmed Laravel Application,True,True,True,True,True,True,True,2026-08-31T08:51:03+00:00,True,True,phpunit.xml,True,True,True,"test: ['@php artisan config:clear --ansi', '@php artisan test']",^8.3,^13.0,False,False,,False,True,Eligible,2026-09-11T14:23:02.390027+00:00,8.3.0,8.3.0,1,False,PHP-8.3,13.0.0,13.0.0,1,False,Laravel-13,PHP-8.3__Laravel-13,Single constraint,PHPUnit + Composer test,2026
P1207,engsahaly/filament_php_course,https://github.com/engsahaly/filament_php_course,master,,,,2025-10-04T23:10:06Z,2026-06-21T15:08:14Z,2025-11-25T08:35:01Z,1944.0,False,False,False,Confirmed Laravel Application,True,True,True,True,True,True,True,2025-11-25T08:35:01+00:00,True,True,phpunit.xml,True,True,True,"test: ['@php artisan config:clear --ansi', '@php artisan test']",^8.2,^12.0,False,False,,False,True,Eligible,2026-09-11T14:23:06.540570+00:00,8.2.0,8.2.0,1,False,PHP-8.2,12.0.0,12.0.0,1,False,Laravel-12,PHP-8.2__Laravel-12,Single constraint,PHPUnit + Composer test,2025
P1212,ahmedemadm90/tickets,https://github.com/ahmedemadm90/tickets,master,,,,2022-01-16T09:51:22Z,2026-08-12T06:38:47Z,2026-08-12T06:26:05Z,32219.0,False,False,False,Confirmed Laravel Application,True,True,True,True,True,True,True,2026-08-12T06:26:05+00:00,True,True,phpunit.xml,True,True,False,,^7.3|^8.0,^8.65,False,False,,False,True,Eligible,2026-09-11T14:23:10.506824+00:00,7.3.0,8.0.0,2,True,"PHP-Multi[7.3,8.0]",8.65.0,8.65.0,1,False,Laravel-8,"PHP-Multi[7.3,8.0]__Laravel-8",Multi-PHP,PHPUnit,2026
P1217,AkibaAT/fvn.li,https://github.com/AkibaAT/fvn.li,development,,,MIT,2024-03-04T23:31:21Z,2026-09-07T14:11:40Z,2026-09-07T14:13:19Z,24746.0,False,False,False,Confirmed Laravel Application,True,True,True,True,True,True,True,2026-09-07T14:13:19+00:00,True,True,phpunit.xml,True,True,True,"test: ['@test:all'] | test:php: php artisan test --env=testing --testsuite=Unit,Feature | test:browser: bun run test:e2e | test:a11y: bun run test:a11y | test:browser:pest: bash scripts/pest-browser-ddev.sh | test:frontend: ['bun run test:js:coverage', '@test:browser:pest'] | test:all: ['@test:php', '@test:frontend', '@test:browser', '@test:a11y'] | test:coverage: XDEBUG_MODE=coverage php artisan test --env=testing --testsuite=Unit,Feature --coverage | test:coverage:clover: mkdir -p build/logs && XDEBUG_MODE=coverage php artisan test --env=testing --testsuite=Unit,Feature --coverage-clover=build/logs/clover.xml | test:coverage:audit: php scripts/audit-php-coverage.php build/logs/clover.xml | test:parallel: php artisan test --env=testing --parallel | test:unit: php artisan test --env=testing --testsuite=Unit | test:feature: php artisan test --env=testing --testsuite=Feature | migrate:test: php artisan migrate:fresh --seed --env=testing",^8.5,^13.0,False,False,,False,True,Eligible,2026-09-11T14:23:19.187083+00:00,8.5.0,8.5.0,1,False,PHP-8.5,13.0.0,13.0.0,1,False,Laravel-13,PHP-8.5__Laravel-13,Single constraint,PHPUnit + Composer test,2026
P1226,4xmen/xshop,https://github.com/4xmen/xshop,master,,,NOASSERTION,2023-05-30T12:24:51Z,2026-09-09T13:40:40Z,2026-09-04T13:12:41Z,111098.0,False,False,False,Confirmed Laravel Application,True,True,True,True,True,True,True,2026-09-04T13:12:41+00:00,True,True,phpunit.xml,True,True,False,,^8.2,^12.25,False,False,,False,True,Eligible,2026-09-11T14:23:22.401688+00:00,8.2.0,8.2.0,1,False,PHP-8.2,12.25.0,12.25.0,1,False,Laravel-12,PHP-8.2__Laravel-12,Single constraint,PHPUnit,2026
P1229,nafiesl/free-pmo,https://github.com/nafiesl/free-pmo,master,,,MIT,2017-11-21T14:19:36Z,2026-09-09T14:02:23Z,2026-09-04T08:18:53Z,4217.0,False,False,False,Confirmed Laravel Application,True,True,True,True,True,True,True,2026-09-04T08:18:53+00:00,True,True,phpunit.xml,True,True,False,,^7.3|^8.0,^8.0,False,False,,False,True,Eligible,2026-09-11T14:23:26.221458+00:00,7.3.0,8.0.0,2,True,"PHP-Multi[7.3,8.0]",8.0.0,8.0.0,1,False,Laravel-8,"PHP-Multi[7.3,8.0]__Laravel-8",Multi-PHP,PHPUnit,2026
P1245,hrace009/PW-Panel,https://github.com/hrace009/PW-Panel,master,,,MIT,2022-02-05T10:18:48Z,2026-07-25T07:18:14Z,2026-07-15T06:27:35Z,11481.0,False,False,False,Confirmed Laravel Application,True,True,True,True,True,True,True,2026-07-15T06:27:35+00:00,True,True,phpunit.xml,True,True,False,,^7.3|^8.0,^8.75,False,False,,False,True,Eligible,2026-09-11T14:23:34.941002+00:00,7.3.0,8.0.0,2,True,"PHP-Multi[7.3,8.0]",8.75.0,8.75.0,1,False,Laravel-8,"PHP-Multi[7.3,8.0]__Laravel-8",Multi-PHP,PHPUnit,2026
P1253,ekomh170/Project-PKWU_WorkshopLogic-TA,https://github.com/ekomh170/Project-PKWU_WorkshopLogic-TA,master,,,NOASSERTION,2024-12-18T07:54:13Z,2025-09-07T05:09:56Z,2025-07-12T13:19:18Z,107619.0,False,False,False,Confirmed Laravel Application,True,True,True,True,True,True,True,2025-07-12T13:19:18+00:00,True,True,phpunit.xml,True,True,False,,^8.2,^11.31,False,False,,False,True,Eligible,2026-09-11T14:23:38.305916+00:00,8.2.0,8.2.0,1,False,PHP-8.2,11.31.0,11.31.0,1,False,Laravel-11,PHP-8.2__Laravel-11,Single constraint,PHPUnit,2025
P1264,jaredchesebro/ee7-coilpack,https://github.com/jaredchesebro/ee7-coilpack,main,,,,2023-03-29T21:20:54Z,2026-08-07T15:39:34Z,2026-08-07T15:38:39Z,17926.0,False,False,False,Confirmed Laravel Application,True,True,True,True,True,True,True,2026-08-07T15:38:39+00:00,True,True,phpunit.xml,True,True,False,,^8.2,^12.0,False,False,,False,True,Eligible,2026-09-11T14:23:53.086869+00:00,8.2.0,8.2.0,1,False,PHP-8.2,12.0.0,12.0.0,1,False,Laravel-12,PHP-8.2__Laravel-12,Single constraint,PHPUnit,2026
P1266,amitavroy/xpense-manager,https://github.com/amitavroy/xpense-manager,main,,,,2025-10-06T14:10:19Z,2026-09-08T04:19:17Z,2026-09-06T10:10:21Z,5284.0,False,False,False,Confirmed Laravel Application,True,True,True,True,True,True,True,2026-09-06T10:10:21+00:00,True,True,phpunit.xml,True,True,True,"test: ['@php artisan config:clear --ansi', '@php artisan test']",^8.2,^13.30.1,False,False,,False,True,Eligible,2026-09-11T14:23:57.905931+00:00,8.2.0,8.2.0,1,False,PHP-8.2,13.30.1,13.30.1,1,False,Laravel-13,PHP-8.2__Laravel-13,Single constraint,PHPUnit + Composer test,2026
P1284,AKAME007/laravel-vue-cli-3,https://github.com/AKAME007/laravel-vue-cli-3,master,,,,2025-06-05T01:05:05Z,2025-07-29T14:31:00Z,2025-06-05T01:06:10Z,485.0,False,False,False,Confirmed Laravel Application,True,True,True,True,True,True,True,2025-06-05T01:06:10+00:00,True,True,phpunit.xml,True,True,False,,^7.1.3,5.6.*,False,False,,False,True,Eligible,2026-09-11T14:24:05.993918+00:00,7.1.3,7.1.3,1,False,PHP-7.1,5.6.0,5.6.0,1,False,Laravel-5,PHP-7.1__Laravel-5,Single constraint,PHPUnit,2025
P1286,vickypandey14/Laravel-Reverb-chat-application,https://github.com/vickypandey14/Laravel-Reverb-chat-application,main,,,,2024-06-06T17:13:57Z,2026-02-01T00:15:18Z,2026-01-10T18:28:03Z,190.0,False,False,False,Confirmed Laravel Application,True,True,True,True,True,True,True,2026-01-10T18:28:03+00:00,True,True,phpunit.xml,True,True,False,,^8.2,^11.9,False,False,,False,True,Eligible,2026-09-11T14:24:11.155711+00:00,8.2.0,8.2.0,1,False,PHP-8.2,11.9.0,11.9.0,1,False,Laravel-11,PHP-8.2__Laravel-11,Single constraint,PHPUnit,2026
P1287,UTRS2/utrs,https://github.com/UTRS2/utrs,master,,,AGPL-3.0,2020-03-08T11:23:08Z,2026-08-31T07:20:18Z,2026-08-31T07:51:51Z,13169.0,False,False,False,Confirmed Laravel Application,True,True,True,True,True,True,True,2026-08-31T07:51:51+00:00,True,True,phpunit.xml.dist,True,True,True,"test: ['parallel-lint . --exclude vendor --exclude node_modules', '@php artisan test']",^8.2,^11,False,False,,False,True,Eligible,2026-09-11T14:24:15.166851+00:00,8.2.0,8.2.0,1,False,PHP-8.2,11.0.0,11.0.0,1,False,Laravel-11,PHP-8.2__Laravel-11,Single constraint,PHPUnit + Composer test,2026
P1290,aardnsyhs/grajavan,https://github.com/aardnsyhs/grajavan,main,,,,2024-09-11T07:02:42Z,2026-03-03T03:32:35Z,2026-09-09T23:16:05Z,1182.0,False,False,False,Confirmed Laravel Application,True,True,True,True,True,True,True,2026-09-09T23:16:05+00:00,True,True,phpunit.xml,True,True,False,,^8.1,^10.10,False,False,,False,True,Eligible,2026-09-11T14:24:19.084681+00:00,8.1.0,8.1.0,1,False,PHP-8.1,10.10.0,10.10.0,1,False,Laravel-10,PHP-8.1__Laravel-10,Single constraint,PHPUnit,2026
P1292,engsahaly/livewire_course,https://github.com/engsahaly/livewire_course,master,,,,2023-07-08T22:08:42Z,2026-06-21T15:11:57Z,2025-01-29T07:28:29Z,431.0,False,False,False,Confirmed Laravel Application,True,True,True,True,True,True,True,2025-01-29T07:28:29+00:00,True,True,phpunit.xml,True,True,False,,^8.1,^10.10,False,False,,False,True,Eligible,2026-09-11T14:24:22.849491+00:00,8.1.0,8.1.0,1,False,PHP-8.1,10.10.0,10.10.0,1,False,Laravel-10,PHP-8.1__Laravel-10,Single constraint,PHPUnit,2025
P1310,JieAnthony/apple-mdm-system,https://github.com/JieAnthony/apple-mdm-system,master,,,,2025-10-13T01:41:33Z,2026-08-24T20:13:10Z,2026-06-05T09:58:22Z,2962.0,False,False,False,Confirmed Laravel Application,True,True,True,True,True,True,True,2026-06-05T09:58:22+00:00,True,True,phpunit.xml,True,True,True,"test: ['@php artisan config:clear --ansi', '@php artisan test']",^8.4,^12.0,False,False,,False,True,Eligible,2026-09-11T14:24:33.426322+00:00,8.4.0,8.4.0,1,False,PHP-8.4,12.0.0,12.0.0,1,False,Laravel-12,PHP-8.4__Laravel-12,Single constraint,PHPUnit + Composer test,2026
P1312,tqt97/Laravel-Roles-Permissions,https://github.com/tqt97/Laravel-Roles-Permissions,master,,,,2025-02-15T02:23:49Z,2025-03-21T03:08:06Z,2025-02-15T03:48:27Z,180.0,False,False,False,Confirmed Laravel Application,True,True,True,True,True,True,True,2025-02-15T03:48:27+00:00,True,True,phpunit.xml,True,True,False,,^8.2,^11.31,False,False,,False,True,Eligible,2026-09-11T14:24:36.834232+00:00,8.2.0,8.2.0,1,False,PHP-8.2,11.31.0,11.31.0,1,False,Laravel-11,PHP-8.2__Laravel-11,Single constraint,PHPUnit,2025
P1318,fajriyan/box-cms,https://github.com/fajriyan/box-cms,main,,,,2024-10-31T05:05:35Z,2026-08-04T22:06:28Z,2026-08-04T22:05:45Z,4264.0,False,False,False,Confirmed Laravel Application,True,True,True,True,True,True,True,2026-08-04T22:05:45+00:00,True,True,phpunit.xml,True,True,False,,^8.2,^11,False,False,,False,True,Eligible,2026-09-11T14:24:44.507573+00:00,8.2.0,8.2.0,1,False,PHP-8.2,11.0.0,11.0.0,1,False,Laravel-11,PHP-8.2__Laravel-11,Single constraint,PHPUnit,2026
P1324,piotr-jura-udemy/laravel-graphql-vue-tailwind-course,https://github.com/piotr-jura-udemy/laravel-graphql-vue-tailwind-course,master,,,,2020-06-08T17:37:49Z,2026-07-05T11:49:21Z,2026-07-05T11:49:18Z,2871.0,False,False,False,Confirmed Laravel Application,True,True,True,True,True,True,True,2026-07-05T11:49:18+00:00,True,True,phpunit.xml,True,True,False,,^7.2.5,^7.0,False,False,,False,True,Eligible,2026-09-11T14:24:47.851122+00:00,7.2.5,7.2.5,1,False,PHP-7.2,7.0.0,7.0.0,1,False,Laravel-7,PHP-7.2__Laravel-7,Single constraint,PHPUnit,2026
P1347,merodiro/social-network,https://github.com/merodiro/social-network,master,,,,2017-02-01T15:58:29Z,2023-03-07T14:13:31Z,2026-02-14T16:34:39Z,6028.0,False,False,False,Confirmed Laravel Application,True,True,True,True,True,True,True,2026-02-14T16:34:39+00:00,True,True,phpunit.xml,True,True,True,test: phpunit,>=7.1.3,5.6.*,False,False,,False,True,Eligible,2026-09-11T14:24:59.799891+00:00,7.1.3,7.1.3,1,False,PHP-7.1,5.6.0,5.6.0,1,False,Laravel-5,PHP-7.1__Laravel-5,Single constraint,PHPUnit + Composer test,2026
P1348,modus-digital/laravel-starter-kit,https://github.com/modus-digital/laravel-starter-kit,master,,,MIT,2025-05-16T11:07:16Z,2026-02-06T12:43:04Z,2026-02-23T09:29:09Z,7246.0,False,False,False,Confirmed Laravel Application,True,True,True,True,True,True,True,2026-02-23T09:29:09+00:00,True,True,phpunit.xml,True,True,True,"test: ['@php artisan config:clear --ansi', '@php artisan test']",^8.3,^12.0,False,False,,False,True,Eligible,2026-09-11T14:25:05.394946+00:00,8.3.0,8.3.0,1,False,PHP-8.3,12.0.0,12.0.0,1,False,Laravel-12,PHP-8.3__Laravel-12,Single constraint,PHPUnit + Composer test,2026
P1351,kwedbh/Employee-Data-Management-System,https://github.com/kwedbh/Employee-Data-Management-System,master,,,MIT,2020-04-05T10:43:27Z,2025-11-07T10:37:29Z,2026-01-28T22:33:12Z,16413.0,False,False,False,Confirmed Laravel Application,True,True,True,True,True,True,True,2026-01-28T22:33:12+00:00,True,True,phpunit.xml,True,True,False,,^7.2.5,^7.0,False,False,,False,True,Eligible,2026-09-11T14:25:12.296027+00:00,7.2.5,7.2.5,1,False,PHP-7.2,7.0.0,7.0.0,1,False,Laravel-7,PHP-7.2__Laravel-7,Single constraint,PHPUnit,2026
P1358,GabrielG71/busca_produto,https://github.com/GabrielG71/busca_produto,main,,,,2025-03-09T21:09:33Z,2025-08-15T22:24:11Z,2025-06-22T19:45:32Z,91.0,False,False,False,Confirmed Laravel Application,True,True,True,True,True,True,True,2025-06-22T19:45:32+00:00,True,True,phpunit.xml,True,True,False,,^8.2,^12.0,False,False,,False,True,Eligible,2026-09-11T14:25:20.192411+00:00,8.2.0,8.2.0,1,False,PHP-8.2,12.0.0,12.0.0,1,False,Laravel-12,PHP-8.2__Laravel-12,Single constraint,PHPUnit,2025
P1362,thomasnynas12/react-laravel,https://github.com/thomasnynas12/react-laravel,main,,,,2025-03-11T04:22:05Z,2025-04-23T13:06:49Z,2025-03-11T04:24:04Z,7366.0,False,False,False,Confirmed Laravel Application,True,True,True,True,True,True,True,2025-03-11T04:24:04+00:00,True,True,phpunit.xml,True,True,False,,^7.2.5,^7.0,False,False,,False,True,Eligible,2026-09-11T14:25:24.189369+00:00,7.2.5,7.2.5,1,False,PHP-7.2,7.0.0,7.0.0,1,False,Laravel-7,PHP-7.2__Laravel-7,Single constraint,PHPUnit,2025
P1365,aliqasemzadeh/7ul,https://github.com/aliqasemzadeh/7ul,main,,,,2026-08-03T15:44:31Z,2026-08-18T01:27:11Z,2026-08-11T14:40:05Z,545.0,False,False,False,Confirmed Laravel Application,True,True,True,True,True,True,True,2026-08-11T14:40:05+00:00,True,True,phpunit.xml,True,True,True,"test: ['@php artisan config:clear --ansi @no_additional_args', '@php artisan test']",^8.4,^13.17,False,False,,False,True,Eligible,2026-09-11T14:25:32.373554+00:00,8.4.0,8.4.0,1,False,PHP-8.4,13.17.0,13.17.0,1,False,Laravel-13,PHP-8.4__Laravel-13,Single constraint,PHPUnit + Composer test,2026
P1366,M-Media-Group/m-media,https://github.com/M-Media-Group/m-media,master,,,,2019-08-22T01:32:16Z,2025-07-04T10:15:44Z,2025-07-04T10:15:40Z,63062.0,False,False,False,Confirmed Laravel Application,True,True,True,True,True,True,True,2025-07-04T10:15:40+00:00,True,True,phpunit.xml,True,True,False,,^7.4,^6.20,False,False,,False,True,Eligible,2026-09-11T14:25:37.143276+00:00,7.4.0,7.4.0,1,False,PHP-7.4,6.20.0,6.20.0,1,False,Laravel-6,PHP-7.4__Laravel-6,Single constraint,PHPUnit,2025
P1372,AmirPeyravan/music-player-style,https://github.com/AmirPeyravan/music-player-style,master,,,,2025-05-15T05:44:48Z,2026-07-28T07:30:25Z,2025-06-07T07:37:46Z,111.0,False,False,False,Confirmed Laravel Application,True,True,True,True,True,True,True,2025-06-07T07:37:46+00:00,True,True,phpunit.xml,True,True,True,"test: ['@php artisan config:clear --ansi', '@php artisan test']",^8.2,^12.0,False,False,,False,True,Eligible,2026-09-11T14:25:45.058962+00:00,8.2.0,8.2.0,1,False,PHP-8.2,12.0.0,12.0.0,1,False,Laravel-12,PHP-8.2__Laravel-12,Single constraint,PHPUnit + Composer test,2025
P1375,nirav-gajera/company-and-employee-management,https://github.com/nirav-gajera/company-and-employee-management,main,,,,2023-05-23T05:00:07Z,2026-09-07T04:04:23Z,2026-09-07T04:04:23Z,1155.0,False,False,False,Confirmed Laravel Application,True,True,True,True,True,True,True,2026-09-07T04:04:23+00:00,True,True,phpunit.xml,True,True,False,,>=7.0.0,5.5.*,False,False,,False,True,Eligible,2026-09-11T14:25:48.704717+00:00,7.0.0,7.0.0,1,False,PHP-7.0,5.5.0,5.5.0,1,False,Laravel-5,PHP-7.0__Laravel-5,Single constraint,PHPUnit,2026
P1377,librenms/librenms,https://github.com/librenms/librenms,master,,,NOASSERTION,2013-10-28T01:37:13Z,2026-09-10T14:40:44Z,2026-09-10T14:36:47Z,375434.0,False,False,False,Confirmed Laravel Application,True,True,True,True,True,True,True,2026-09-10T14:36:47+00:00,True,True,phpunit.xml,True,True,True,"test:lint: ['pint --test', 'rector --dry-run'] | test:unit: phpunit | test:types: phpstan | test:types-new: run_check() { set -- $(git diff --name-only --diff-filter=A master... -- '*.php'); if [ $# -gt 0 ]; then vendor/bin/phpstan analyse -l 6 ""$@""; return $?; else echo 'No new PHP files found to analyze.'; return 0; fi; }; run_check | test: ['@test:unit', '@test:lint', '@test:types']",^8.2,^12.10,False,False,,False,True,Eligible,2026-09-11T14:25:52.368226+00:00,8.2.0,8.2.0,1,False,PHP-8.2,12.10.0,12.10.0,1,False,Laravel-12,PHP-8.2__Laravel-12,Single constraint,PHPUnit + Composer test,2026
P1387,Ferks-FK/SourceAdmin,https://github.com/Ferks-FK/SourceAdmin,development,,,MIT,2022-11-19T15:47:38Z,2026-01-26T02:45:09Z,2025-05-06T00:27:25Z,3192.0,False,False,False,Confirmed Laravel Application,True,True,True,True,True,True,True,2025-05-06T00:27:25+00:00,True,True,phpunit.xml,True,True,False,,^8.1,^12.0.7,False,False,,False,True,Eligible,2026-09-11T14:25:56.056635+00:00,8.1.0,8.1.0,1,False,PHP-8.1,12.0.7,12.0.7,1,False,Laravel-12,PHP-8.1__Laravel-12,Single constraint,PHPUnit,2025
P1390,Jieyab89/Lara-Mankost,https://github.com/Jieyab89/Lara-Mankost,main,,,,2022-06-20T09:28:33Z,2026-03-13T08:59:27Z,2026-03-13T08:59:23Z,932.0,False,False,False,Confirmed Laravel Application,True,True,True,True,True,True,True,2026-03-13T08:59:23+00:00,True,True,phpunit.xml,True,True,False,,^7.2.5,^7.0,False,False,,False,True,Eligible,2026-09-11T14:26:08.346251+00:00,7.2.5,7.2.5,1,False,PHP-7.2,7.0.0,7.0.0,1,False,Laravel-7,PHP-7.2__Laravel-7,Single constraint,PHPUnit,2026
P1399,temo-123/climbing.ge,https://github.com/temo-123/climbing.ge,master,,,,2022-10-14T20:30:44Z,2026-09-08T17:28:13Z,2026-09-08T17:25:29Z,238459.0,False,False,False,Confirmed Laravel Application,True,True,True,True,True,True,True,2026-09-08T17:25:29+00:00,True,True,phpunit.xml,True,True,False,,^8.2.0,^11.0,False,False,,False,True,Eligible,2026-09-11T14:26:12.741194+00:00,8.2.0,8.2.0,1,False,PHP-8.2,11.0.0,11.0.0,1,False,Laravel-11,PHP-8.2__Laravel-11,Single constraint,PHPUnit,2026
P1414,kyawzinhtett/lara_blog,https://github.com/kyawzinhtett/lara_blog,main,,,,2023-04-28T16:27:24Z,2025-08-01T08:02:34Z,2025-01-03T09:50:45Z,242.0,False,False,False,Confirmed Laravel Application,True,True,True,True,True,True,True,2025-01-03T09:50:45+00:00,True,True,phpunit.xml,True,True,False,,^8.1,^10.8,False,False,,False,True,Eligible,2026-09-11T14:26:16.797450+00:00,8.1.0,8.1.0,1,False,PHP-8.1,10.8.0,10.8.0,1,False,Laravel-10,PHP-8.1__Laravel-10,Single constraint,PHPUnit,2025
P1421,IvandryPage/roboticschool,https://github.com/IvandryPage/roboticschool,main,,,,2026-06-04T05:18:41Z,2026-07-21T03:25:51Z,2026-07-02T08:42:24Z,3656.0,False,False,False,Confirmed Laravel Application,True,True,True,True,True,True,True,2026-07-02T08:42:24+00:00,True,True,phpunit.xml,True,True,True,"test: ['@php artisan config:clear --ansi', '@lint:check', '@php artisan test']",^8.4,^12.0,False,False,,False,True,Eligible,2026-09-11T14:26:22.619225+00:00,8.4.0,8.4.0,1,False,PHP-8.4,12.0.0,12.0.0,1,False,Laravel-12,PHP-8.4__Laravel-12,Single constraint,PHPUnit + Composer test,2026
P1429,nuxt-ui-templates/starter-laravel,https://github.com/nuxt-ui-templates/starter-laravel,main,,,MIT,2025-05-06T12:56:09Z,2026-08-29T07:07:36Z,2026-09-10T17:29:35Z,449.0,False,False,False,Confirmed Laravel Application,True,True,True,True,True,True,True,2026-09-10T17:29:35+00:00,True,True,phpunit.xml,True,True,True,"test: ['@php artisan config:clear --ansi', '@php artisan test']",^8.4.14,^12.37.0,False,False,,False,True,Eligible,2026-09-11T14:26:39.616251+00:00,8.4.14,8.4.14,1,False,PHP-8.4,12.37.0,12.37.0,1,False,Laravel-12,PHP-8.4__Laravel-12,Single constraint,PHPUnit + Composer test,2026
P1432,ed3t/tango,https://github.com/ed3t/tango,master,,,MIT,2018-05-24T15:41:17Z,2026-03-27T12:48:56Z,2026-03-27T12:48:52Z,1134.0,False,False,False,Confirmed Laravel Application,True,True,True,True,True,True,True,2026-03-27T12:48:52+00:00,True,True,phpunit.xml,True,False,False,,>=5.6.4,5.4.*,False,False,,False,True,Eligible,2026-09-11T14:26:42.834884+00:00,5.6.4,5.6.4,1,False,PHP-5.6,5.4.0,5.4.0,1,False,Laravel-5,PHP-5.6__Laravel-5,Single constraint,PHPUnit,2026
P1433,HebaAbdElhamed/laravel-hr-management-system-api,https://github.com/HebaAbdElhamed/laravel-hr-management-system-api,main,,,,2026-05-16T15:07:31Z,2026-07-03T13:14:42Z,2026-05-16T15:48:13Z,143.0,False,False,False,Confirmed Laravel Application,True,True,True,True,True,True,True,2026-05-16T15:48:13+00:00,True,True,phpunit.xml,True,True,True,"test: ['@php artisan config:clear --ansi @no_additional_args', '@php artisan test']",^8.3,^13.0,False,False,,False,True,Eligible,2026-09-11T14:26:47.286177+00:00,8.3.0,8.3.0,1,False,PHP-8.3,13.0.0,13.0.0,1,False,Laravel-13,PHP-8.3__Laravel-13,Single constraint,PHPUnit + Composer test,2026
P1436,ikramsyakir/magnetize,https://github.com/ikramsyakir/magnetize,main,,,MIT,2021-05-09T13:58:11Z,2025-01-27T11:42:54Z,2025-07-03T08:37:51Z,21547.0,False,False,False,Confirmed Laravel Application,True,True,True,True,True,True,True,2025-07-03T08:37:51+00:00,True,True,phpunit.xml,True,True,False,,^8.3,^11.0,False,False,,False,True,Eligible,2026-09-11T14:26:51.074368+00:00,8.3.0,8.3.0,1,False,PHP-8.3,11.0.0,11.0.0,1,False,Laravel-11,PHP-8.3__Laravel-11,Single constraint,PHPUnit,2025
P1448,spatie/laravel-queues-demo-app,https://github.com/spatie/laravel-queues-demo-app,master,,,,2019-05-17T13:44:31Z,2026-01-31T10:26:34Z,2026-01-31T10:26:30Z,786.0,False,False,False,Confirmed Laravel Application,True,True,True,True,True,True,True,2026-01-31T10:26:30+00:00,True,True,phpunit.xml,True,True,False,,^7.1.3,5.8.*,False,False,,False,True,Eligible,2026-09-11T14:26:55.018286+00:00,7.1.3,7.1.3,1,False,PHP-7.1,5.8.0,5.8.0,1,False,Laravel-5,PHP-7.1__Laravel-5,Single constraint,PHPUnit,2026
P1452,BaseMax/LaravelBigDataTest,https://github.com/BaseMax/LaravelBigDataTest,main,,,,2021-07-13T08:47:56Z,2026-09-05T10:54:56Z,2026-09-10T03:53:59Z,2810.0,False,False,False,Confirmed Laravel Application,True,True,True,True,True,True,True,2026-09-10T03:53:59+00:00,True,True,phpunit.xml,True,True,False,,^7.3|^8.0,^8.40,False,False,,False,True,Eligible,2026-09-11T14:26:58.117873+00:00,7.3.0,8.0.0,2,True,"PHP-Multi[7.3,8.0]",8.40.0,8.40.0,1,False,Laravel-8,"PHP-Multi[7.3,8.0]__Laravel-8",Multi-PHP,PHPUnit,2026
P1456,VikrantParmar/laravel-jwt-api-crudX,https://github.com/VikrantParmar/laravel-jwt-api-crudX,main,,,MIT,2025-01-01T06:56:47Z,2025-02-10T15:40:49Z,2025-01-12T06:44:57Z,8604.0,False,False,False,Confirmed Laravel Application,True,True,True,True,True,True,True,2025-01-12T06:44:57+00:00,True,True,phpunit.xml,True,True,False,,^8.1,^10.10,False,False,,False,True,Eligible,2026-09-11T14:27:02.152950+00:00,8.1.0,8.1.0,1,False,PHP-8.1,10.10.0,10.10.0,1,False,Laravel-10,PHP-8.1__Laravel-10,Single constraint,PHPUnit,2025
P1458,justshobee/Laravel-CRUD,https://github.com/justshobee/Laravel-CRUD,main,,,,2025-01-06T16:14:35Z,2025-12-06T21:24:54Z,2025-01-06T22:13:04Z,75.0,False,False,False,Confirmed Laravel Application,True,True,True,True,True,True,True,2025-01-06T22:13:04+00:00,True,True,phpunit.xml,True,True,False,,^8.2,^11.31,False,False,,False,True,Eligible,2026-09-11T14:27:06.044760+00:00,8.2.0,8.2.0,1,False,PHP-8.2,11.31.0,11.31.0,1,False,Laravel-11,PHP-8.2__Laravel-11,Single constraint,PHPUnit,2025
P1459,raupulus/api-fryntiz,https://github.com/raupulus/api-fryntiz,main,,,GPL-3.0,2018-06-25T15:20:36Z,2025-08-04T02:14:21Z,2026-09-09T14:38:42Z,58463.0,False,False,False,Confirmed Laravel Application,True,True,True,True,True,True,True,2026-09-09T14:38:42+00:00,True,True,phpunit.xml,True,True,False,,^8.0,^8.40,False,False,,False,True,Eligible,2026-09-11T14:27:09.755410+00:00,8.0.0,8.0.0,1,False,PHP-8.0,8.40.0,8.40.0,1,False,Laravel-8,PHP-8.0__Laravel-8,Single constraint,PHPUnit,2026
P1460,bappy3a/e-commerce-application-using-Laravel-and-Vue,https://github.com/bappy3a/e-commerce-application-using-Laravel-and-Vue,master,,,,2020-11-23T09:53:01Z,2026-07-02T20:54:59Z,2026-07-02T20:54:56Z,25495.0,False,False,False,Confirmed Laravel Application,True,True,True,True,True,True,True,2026-07-02T20:54:56+00:00,True,True,phpunit.xml,True,True,False,,^7.3|^8.0,^8.12,False,False,,False,True,Eligible,2026-09-11T14:27:12.835776+00:00,7.3.0,8.0.0,2,True,"PHP-Multi[7.3,8.0]",8.12.0,8.12.0,1,False,Laravel-8,"PHP-Multi[7.3,8.0]__Laravel-8",Multi-PHP,PHPUnit,2026
P1473,gdarko/laravel-vue-starter,https://github.com/gdarko/laravel-vue-starter,main,,,,2021-08-28T22:40:38Z,2026-08-28T19:37:58Z,2026-04-01T12:44:17Z,10552.0,False,False,False,Confirmed Laravel Application,True,True,True,True,True,True,True,2026-04-01T12:44:17+00:00,True,True,phpunit.xml,True,True,True,"test: ['@php artisan config:clear --ansi', '@php artisan test']",^8.3,^13.0,False,False,,False,True,Eligible,2026-09-11T14:27:16.392972+00:00,8.3.0,8.3.0,1,False,PHP-8.3,13.0.0,13.0.0,1,False,Laravel-13,PHP-8.3__Laravel-13,Single constraint,PHPUnit + Composer test,2026
P1482,manjurulhoque/laravel-udemy-clone,https://github.com/manjurulhoque/laravel-udemy-clone,master,,,MIT,2018-12-25T16:56:52Z,2026-04-12T19:25:22Z,2026-08-08T11:22:31Z,4911.0,False,False,False,Confirmed Laravel Application,True,True,True,True,True,True,True,2026-08-08T11:22:31+00:00,True,True,phpunit.xml,True,True,False,,^8.1,^10.0,False,False,,False,True,Eligible,2026-09-11T14:27:23.782661+00:00,8.1.0,8.1.0,1,False,PHP-8.1,10.0.0,10.0.0,1,False,Laravel-10,PHP-8.1__Laravel-10,Single constraint,PHPUnit,2026
P1490,Laravel-Nepal/laravelnepal.com,https://github.com/Laravel-Nepal/laravelnepal.com,master,,,MIT,2025-08-02T17:42:55Z,2026-05-27T12:22:57Z,2026-05-27T12:22:16Z,5321.0,False,False,False,Confirmed Laravel Application,True,True,True,True,True,True,True,2026-05-27T12:22:16+00:00,True,True,phpunit.xml,True,True,True,"test: ['@php artisan config:clear --ansi', '@php artisan test']",^8.3,^12.44,False,False,,False,True,Eligible,2026-09-11T14:27:27.421233+00:00,8.3.0,8.3.0,1,False,PHP-8.3,12.44.0,12.44.0,1,False,Laravel-12,PHP-8.3__Laravel-12,Single constraint,PHPUnit + Composer test,2026
P1495,andreapollastri/newsletter,https://github.com/andreapollastri/newsletter,main,,,MIT,2026-01-22T20:50:03Z,2026-08-31T09:21:59Z,2026-09-06T05:18:16Z,2974.0,False,False,False,Confirmed Laravel Application,True,True,True,True,True,True,True,2026-09-06T05:18:16+00:00,True,True,phpunit.xml,True,True,True,"test: ['@php artisan config:clear --ansi', '@php artisan test']",^8.3,^13.0,False,False,,False,True,Eligible,2026-09-11T14:27:36.120349+00:00,8.3.0,8.3.0,1,False,PHP-8.3,13.0.0,13.0.0,1,False,Laravel-13,PHP-8.3__Laravel-13,Single constraint,PHPUnit + Composer test,2026
P1532,cham11ng/multi-tenant-postgres,https://github.com/cham11ng/multi-tenant-postgres,master,,,,2017-06-09T09:50:41Z,2026-05-10T02:44:48Z,2026-07-20T22:43:20Z,2179.0,False,False,False,Confirmed Laravel Application,True,True,True,True,True,True,True,2026-07-20T22:43:20+00:00,True,True,phpunit.xml,True,True,False,,>=5.6.4,5.4.*,False,False,,False,True,Eligible,2026-09-11T14:27:47.883976+00:00,5.6.4,5.6.4,1,False,PHP-5.6,5.4.0,5.4.0,1,False,Laravel-5,PHP-5.6__Laravel-5,Single constraint,PHPUnit,2026
P1534,harris21/ship-ai-with-laravel,https://github.com/harris21/ship-ai-with-laravel,main,,,,2026-03-23T17:46:13Z,2026-09-08T11:57:17Z,2026-07-08T13:46:36Z,180.0,False,False,False,Confirmed Laravel Application,True,True,True,True,True,True,True,2026-07-08T13:46:36+00:00,True,True,phpunit.xml,True,True,True,"test: ['@php artisan config:clear --ansi', '@php artisan test']",^8.3,^13.0,False,False,,False,True,Eligible,2026-09-11T14:27:51.637336+00:00,8.3.0,8.3.0,1,False,PHP-8.3,13.0.0,13.0.0,1,False,Laravel-13,PHP-8.3__Laravel-13,Single constraint,PHPUnit + Composer test,2026
P1535,mehdidhammou/invento,https://github.com/mehdidhammou/invento,master,,,,2022-12-27T19:11:05Z,2025-12-30T19:46:17Z,2026-04-14T01:48:52Z,1025.0,False,False,False,Confirmed Laravel Application,True,True,True,True,True,True,True,2026-04-14T01:48:52+00:00,True,True,phpunit.xml,True,True,False,,^8.1,^9.19,False,False,,False,True,Eligible,2026-09-11T14:27:54.931080+00:00,8.1.0,8.1.0,1,False,PHP-8.1,9.19.0,9.19.0,1,False,Laravel-9,PHP-8.1__Laravel-9,Single constraint,PHPUnit,2026
P1557,Eckmars/Eckmar-v2,https://github.com/Eckmars/Eckmar-v2,master,,,MIT,2024-02-06T03:50:30Z,2026-08-07T10:05:32Z,2025-09-14T12:17:07Z,5052.0,False,False,False,Confirmed Laravel Application,True,True,True,True,True,True,True,2025-09-14T12:17:07+00:00,True,True,phpunit.xml,True,True,False,,^7.1.3,5.7.*,False,False,,False,True,Eligible,2026-09-11T14:28:02.301237+00:00,7.1.3,7.1.3,1,False,PHP-7.1,5.7.0,5.7.0,1,False,Laravel-5,PHP-7.1__Laravel-5,Single constraint,PHPUnit,2025
P1560,mohamadabdelhady/intellect_book_service_website,https://github.com/mohamadabdelhady/intellect_book_service_website,main,,,MIT,2021-08-18T16:15:25Z,2026-02-07T18:50:35Z,2026-02-07T18:50:31Z,101079.0,False,False,False,Confirmed Laravel Application,True,True,True,True,True,True,True,2026-02-07T18:50:31+00:00,True,True,phpunit.xml,True,True,False,,^7.3|^8.0,^9.1,False,False,,False,True,Eligible,2026-09-11T14:28:10.862650+00:00,7.3.0,8.0.0,2,True,"PHP-Multi[7.3,8.0]",9.1.0,9.1.0,1,False,Laravel-9,"PHP-Multi[7.3,8.0]__Laravel-9",Multi-PHP,PHPUnit,2026
P1562,arafat-web/Bulk-Email-Sender,https://github.com/arafat-web/Bulk-Email-Sender,main,,,MIT,2023-10-04T20:16:58Z,2026-09-10T10:39:42Z,2026-09-10T11:56:19Z,9363.0,False,False,False,Confirmed Laravel Application,True,True,True,True,True,True,True,2026-09-10T11:56:19+00:00,True,True,phpunit.xml,True,True,False,,^8.1,^10.10,False,False,,False,True,Eligible,2026-09-11T14:28:14.100779+00:00,8.1.0,8.1.0,1,False,PHP-8.1,10.10.0,10.10.0,1,False,Laravel-10,PHP-8.1__Laravel-10,Single constraint,PHPUnit,2026
P1571,andrewdwallo/erpsaas,https://github.com/andrewdwallo/erpsaas,3.x,,,MIT,2022-09-21T14:18:43Z,2026-09-10T16:19:32Z,2026-03-05T00:55:33Z,14069.0,False,False,False,Confirmed Laravel Application,True,True,True,True,True,True,True,2026-03-05T00:55:33+00:00,True,True,phpunit.xml,True,True,True,"test: ['@php artisan config:clear --ansi', '@php artisan test']",^8.2,^12.0,False,False,,False,True,Eligible,2026-09-11T14:28:21.904113+00:00,8.2.0,8.2.0,1,False,PHP-8.2,12.0.0,12.0.0,1,False,Laravel-12,PHP-8.2__Laravel-12,Single constraint,PHPUnit + Composer test,2026
P1585,minhajul/blog,https://github.com/minhajul/blog,main,,,,2021-05-30T15:54:40Z,2026-09-10T05:13:51Z,2026-09-10T05:13:47Z,8823.0,False,False,False,Confirmed Laravel Application,True,True,True,True,True,True,True,2026-09-10T05:13:47+00:00,True,True,phpunit.xml,True,True,True,"test: ['@php artisan config:clear --ansi', '@php artisan test --parallel']",^8.4,^13.0,False,False,,False,True,Eligible,2026-09-11T14:28:29.483195+00:00,8.4.0,8.4.0,1,False,PHP-8.4,13.0.0,13.0.0,1,False,Laravel-13,PHP-8.4__Laravel-13,Single constraint,PHPUnit + Composer test,2026
P1587,nuclearcms/nuclear,https://github.com/nuclearcms/nuclear,master,,,MIT,2015-09-07T21:05:07Z,2026-07-18T12:47:32Z,2026-04-09T20:33:33Z,7923.0,False,False,False,Confirmed Laravel Application,True,True,True,True,True,True,True,2026-04-09T20:33:33+00:00,True,True,phpunit.xml,True,False,False,,^8.2,^9.19,False,False,,False,True,Eligible,2026-09-11T14:28:33.237473+00:00,8.2.0,8.2.0,1,False,PHP-8.2,9.19.0,9.19.0,1,False,Laravel-9,PHP-8.2__Laravel-9,Single constraint,PHPUnit,2026
P1605,alaminfirdows/laravel-editorjs-demo,https://github.com/alaminfirdows/laravel-editorjs-demo,2.x,,,,2024-03-29T17:19:37Z,2026-03-24T16:45:17Z,2026-03-24T16:49:02Z,248.0,False,False,False,Confirmed Laravel Application,True,True,True,True,True,True,True,2026-03-24T16:49:02+00:00,True,True,phpunit.xml,True,True,True,"test: ['@php artisan config:clear --ansi', '@php artisan test']",^8.3,^13.0,False,False,,False,True,Eligible,2026-09-11T14:28:36.358195+00:00,8.3.0,8.3.0,1,False,PHP-8.3,13.0.0,13.0.0,1,False,Laravel-13,PHP-8.3__Laravel-13,Single constraint,PHPUnit + Composer test,2026
P1614,hanzo-alpha/simdata-sosial,https://github.com/hanzo-alpha/simdata-sosial,main,,,MIT,2023-11-02T14:12:22Z,2026-05-22T16:00:55Z,2026-06-22T23:02:52Z,37984.0,False,False,False,Confirmed Laravel Application,True,True,True,True,True,True,True,2026-06-22T23:02:52+00:00,True,True,phpunit.xml,True,True,False,,^8.2,^12.0,False,False,,False,True,Eligible,2026-09-11T14:28:45.321742+00:00,8.2.0,8.2.0,1,False,PHP-8.2,12.0.0,12.0.0,1,False,Laravel-12,PHP-8.2__Laravel-12,Single constraint,PHPUnit,2026
P1615,Tschucki/pr0p0ll,https://github.com/Tschucki/pr0p0ll,main,,,AGPL-3.0,2024-01-06T20:29:34Z,2026-08-03T19:58:43Z,2026-08-03T19:58:24Z,7286.0,False,False,False,Confirmed Laravel Application,True,True,True,True,True,True,True,2026-08-03T19:58:24+00:00,True,True,phpunit.xml,True,True,False,,^8.3,^13.0,False,False,,False,True,Eligible,2026-09-11T14:28:49.244309+00:00,8.3.0,8.3.0,1,False,PHP-8.3,13.0.0,13.0.0,1,False,Laravel-13,PHP-8.3__Laravel-13,Single constraint,PHPUnit,2026
P1626,TedoHarisC/presensi-app-laravel-filament,https://github.com/TedoHarisC/presensi-app-laravel-filament,main,,,,2024-08-08T09:57:48Z,2025-12-16T16:05:32Z,2025-02-14T07:54:12Z,875.0,False,False,False,Confirmed Laravel Application,True,True,True,True,True,True,True,2025-02-14T07:54:12+00:00,True,True,phpunit.xml,True,True,False,,^8.2,^11.9,False,False,,False,True,Eligible,2026-09-11T14:28:56.935172+00:00,8.2.0,8.2.0,1,False,PHP-8.2,11.9.0,11.9.0,1,False,Laravel-11,PHP-8.2__Laravel-11,Single constraint,PHPUnit,2025
P1642,rurumiru/novel-site-platform,https://github.com/rurumiru/novel-site-platform,main,,,MIT,2026-06-11T14:03:35Z,2026-08-31T14:41:14Z,2026-08-31T14:32:53Z,2112.0,False,False,False,Confirmed Laravel Application,True,True,True,True,True,True,True,2026-08-31T14:32:53+00:00,True,True,phpunit.xml,True,False,True,"test: ['@php artisan config:clear --ansi', '@php artisan test']",^8.2,^12.0,False,False,,False,True,Eligible,2026-09-11T14:29:07.824471+00:00,8.2.0,8.2.0,1,False,PHP-8.2,12.0.0,12.0.0,1,False,Laravel-12,PHP-8.2__Laravel-12,Single constraint,PHPUnit + Composer test,2026
P1652,BaseMax/BookingLaravelGraphQL,https://github.com/BaseMax/BookingLaravelGraphQL,main,,,GPL-3.0,2023-08-24T09:53:11Z,2026-09-02T17:08:07Z,2026-09-02T17:07:53Z,888.0,False,False,False,Confirmed Laravel Application,True,True,True,True,True,True,True,2026-09-02T17:07:53+00:00,True,True,phpunit.xml,True,True,False,,^8.1,^10.10,False,False,,False,True,Eligible,2026-09-11T14:29:18.541659+00:00,8.1.0,8.1.0,1,False,PHP-8.1,10.10.0,10.10.0,1,False,Laravel-10,PHP-8.1__Laravel-10,Single constraint,PHPUnit,2026
P1672,harys-rifai/lvmac12012628-POS,https://github.com/harys-rifai/lvmac12012628-POS,main,,,,2026-01-28T14:49:02Z,2026-05-09T01:34:32Z,2026-02-22T05:30:01Z,583.0,False,False,False,Confirmed Laravel Application,True,True,True,True,True,True,True,2026-02-22T05:30:01+00:00,True,True,phpunit.xml,True,True,True,"test:lint: ['pint --parallel --test'] | test: ['@php artisan config:clear --ansi', '@test:lint', '@php artisan test']",^8.2,^12.0,False,False,,False,True,Eligible,2026-09-11T14:29:28.152802+00:00,8.2.0,8.2.0,1,False,PHP-8.2,12.0.0,12.0.0,1,False,Laravel-12,PHP-8.2__Laravel-12,Single constraint,PHPUnit + Composer test,2026
P1675,amarskdev/Laravel-Ecommerce-Platform,https://github.com/amarskdev/Laravel-Ecommerce-Platform,main,,,,2023-02-11T15:26:25Z,2026-09-02T08:18:42Z,2026-05-30T13:38:46Z,24551.0,False,False,False,Confirmed Laravel Application,True,True,True,True,True,True,True,2026-05-30T13:38:46+00:00,True,True,phpunit.xml,True,True,False,,^7.3,^8.0,False,False,,False,True,Eligible,2026-09-11T14:29:31.900466+00:00,7.3.0,7.3.0,1,False,PHP-7.3,8.0.0,8.0.0,1,False,Laravel-8,PHP-7.3__Laravel-8,Single constraint,PHPUnit,2026
P1682,gerrygeop/inventori-merchandise,https://github.com/gerrygeop/inventori-merchandise,main,,,,2024-03-28T15:24:34Z,2025-05-20T04:57:45Z,2025-05-14T08:06:12Z,1930.0,False,False,False,Confirmed Laravel Application,True,True,True,True,True,True,True,2025-05-14T08:06:12+00:00,True,True,phpunit.xml,True,True,False,,^8.1,^10.10,False,False,,False,True,Eligible,2026-09-11T14:29:39.261954+00:00,8.1.0,8.1.0,1,False,PHP-8.1,10.10.0,10.10.0,1,False,Laravel-10,PHP-8.1__Laravel-10,Single constraint,PHPUnit,2025
P1685,CodeRomeos/laravel-inertia-react-shadcn-boilerplate,https://github.com/CodeRomeos/laravel-inertia-react-shadcn-boilerplate,1.x,,,MIT,2024-06-23T16:02:25Z,2026-09-10T04:28:13Z,2025-11-18T16:52:36Z,5289.0,False,False,False,Confirmed Laravel Application,True,True,True,True,True,True,True,2025-11-18T16:52:36+00:00,True,True,phpunit.xml,True,True,False,,^8.2,^12.0,False,False,,False,True,Eligible,2026-09-11T14:29:43.081124+00:00,8.2.0,8.2.0,1,False,PHP-8.2,12.0.0,12.0.0,1,False,Laravel-12,PHP-8.2__Laravel-12,Single constraint,PHPUnit,2025
P1703,asgarimehdi/h-dashboard,https://github.com/asgarimehdi/h-dashboard,main,,,,2025-03-19T09:29:25Z,2026-09-08T20:17:56Z,2026-09-10T16:03:46Z,6101.0,False,False,False,Confirmed Laravel Application,True,True,True,True,True,True,True,2026-09-10T16:03:46+00:00,True,True,phpunit.xml,True,False,True,"test: ['Composer\\Config::disableProcessTimeout', 'php artisan config:clear', 'php artisan route:clear', 'XDEBUG_MODE=off php artisan test'] | pint:test: pint --test",^8.3,^13.0,False,False,,False,True,Eligible,2026-09-11T14:29:57.756372+00:00,8.3.0,8.3.0,1,False,PHP-8.3,13.0.0,13.0.0,1,False,Laravel-13,PHP-8.3__Laravel-13,Single constraint,PHPUnit + Composer test,2026
P1721,mycermy/ims-lo14,https://github.com/mycermy/ims-lo14,master,,,,2023-12-23T23:41:48Z,2025-03-21T15:05:39Z,2025-02-26T02:44:25Z,3690.0,False,False,False,Confirmed Laravel Application,True,True,True,True,True,True,True,2025-02-26T02:44:25+00:00,True,True,phpunit.xml,True,True,False,,^8.3,^11.22,False,False,,False,True,Eligible,2026-09-11T14:30:08.909899+00:00,8.3.0,8.3.0,1,False,PHP-8.3,11.22.0,11.22.0,1,False,Laravel-11,PHP-8.3__Laravel-11,Single constraint,PHPUnit,2025
P1723,aydinpramasta/perpustakaan,https://github.com/aydinpramasta/perpustakaan,main,,,,2023-01-19T06:19:35Z,2026-08-18T01:37:46Z,2025-06-06T13:20:28Z,2223.0,False,False,False,Confirmed Laravel Application,True,True,True,True,True,True,True,2025-06-06T13:20:28+00:00,True,True,phpunit.xml,True,True,False,,^8.2.0,^12.17,False,False,,False,True,Eligible,2026-09-11T14:30:12.511435+00:00,8.2.0,8.2.0,1,False,PHP-8.2,12.17.0,12.17.0,1,False,Laravel-12,PHP-8.2__Laravel-12,Single constraint,PHPUnit,2025
P1726,cwang22/buy-all-steam-games,https://github.com/cwang22/buy-all-steam-games,master,,,MIT,2017-03-18T06:37:25Z,2026-09-04T09:43:22Z,2025-01-22T04:57:33Z,3038.0,False,False,False,Confirmed Laravel Application,True,True,True,True,True,True,True,2025-01-22T04:57:33+00:00,True,True,phpunit.xml,True,True,False,,^8.2.0,^10.0,False,False,,False,True,Eligible,2026-09-11T14:30:20.968511+00:00,8.2.0,8.2.0,1,False,PHP-8.2,10.0.0,10.0.0,1,False,Laravel-10,PHP-8.2__Laravel-10,Single constraint,PHPUnit,2025
P1734,mehmetmasa/finova,https://github.com/mehmetmasa/finova,main,,,MIT,2025-10-07T22:42:57Z,2026-08-25T14:21:11Z,2026-01-08T18:46:25Z,6361.0,False,False,False,Confirmed Laravel Application,True,True,True,True,True,True,True,2026-01-08T18:46:25+00:00,True,True,phpunit.xml,True,True,True,test: ['@php artisan test --parallel'],^8.2,^11.31,False,False,,False,True,Eligible,2026-09-11T14:30:29.751907+00:00,8.2.0,8.2.0,1,False,PHP-8.2,11.31.0,11.31.0,1,False,Laravel-11,PHP-8.2__Laravel-11,Single constraint,PHPUnit + Composer test,2026
P1735,VoxDroid/Eventra,https://github.com/VoxDroid/Eventra,main,,,GPL-3.0,2026-03-27T04:39:13Z,2026-07-03T16:32:30Z,2026-04-14T19:48:26Z,5521.0,False,False,False,Confirmed Laravel Application,True,True,True,True,True,True,True,2026-04-14T19:48:26+00:00,True,True,phpunit.xml,True,True,True,"test: ['@php artisan config:clear --ansi', '@php artisan test']",^8.3,^12.0,False,False,,False,True,Eligible,2026-09-11T14:30:33.441597+00:00,8.3.0,8.3.0,1,False,PHP-8.3,12.0.0,12.0.0,1,False,Laravel-12,PHP-8.3__Laravel-12,Single constraint,PHPUnit + Composer test,2026
P1753,MusgoNato/FinAI,https://github.com/MusgoNato/FinAI,main,,,,2026-01-19T22:22:50Z,2026-04-04T23:11:53Z,2026-04-04T23:11:49Z,1180.0,False,False,False,Confirmed Laravel Application,True,True,True,True,True,True,True,2026-04-04T23:11:49+00:00,True,True,phpunit.xml,True,True,True,"test: ['@php artisan config:clear --ansi', '@php artisan test']",^8.2,^12.0,False,False,,False,True,Eligible,2026-09-11T14:30:37.619835+00:00,8.2.0,8.2.0,1,False,PHP-8.2,12.0.0,12.0.0,1,False,Laravel-12,PHP-8.2__Laravel-12,Single constraint,PHPUnit + Composer test,2026
P1758,innocms/innocms,https://github.com/innocms/innocms,main,,,OSL-3.0,2023-08-08T10:31:39Z,2026-09-07T06:25:14Z,2026-09-07T06:25:13Z,38120.0,False,False,False,Confirmed Laravel Application,True,True,True,True,True,True,True,2026-09-07T06:25:13+00:00,True,True,phpunit.xml,True,True,False,,^8.3,^13.0,False,False,,False,True,Eligible,2026-09-11T14:30:47.356418+00:00,8.3.0,8.3.0,1,False,PHP-8.3,13.0.0,13.0.0,1,False,Laravel-13,PHP-8.3__Laravel-13,Single constraint,PHPUnit,2026
P1767,PURPLE-ORCA/PROXAM,https://github.com/PURPLE-ORCA/PROXAM,main,,,,2025-05-04T22:51:42Z,2025-12-01T19:42:10Z,2025-07-25T15:54:16Z,2709.0,False,False,False,Confirmed Laravel Application,True,True,True,True,True,True,True,2025-07-25T15:54:16+00:00,True,True,phpunit.xml,True,True,True,"test: ['@php artisan config:clear --ansi', '@php artisan test']",^8.2,^12.0,False,False,,False,True,Eligible,2026-09-11T14:30:54.926337+00:00,8.2.0,8.2.0,1,False,PHP-8.2,12.0.0,12.0.0,1,False,Laravel-12,PHP-8.2__Laravel-12,Single constraint,PHPUnit + Composer test,2025
P1774,zayennn/streamingnime,https://github.com/zayennn/streamingnime,master,,,,2026-02-08T00:09:39Z,2026-03-15T08:44:16Z,2026-02-16T00:20:48Z,13566.0,False,False,False,Confirmed Laravel Application,True,True,True,True,True,True,True,2026-02-16T00:20:48+00:00,True,True,phpunit.xml,True,True,False,,^8.1,^10.0,False,False,,False,True,Eligible,2026-09-11T14:30:58.141269+00:00,8.1.0,8.1.0,1,False,PHP-8.1,10.0.0,10.0.0,1,False,Laravel-10,PHP-8.1__Laravel-10,Single constraint,PHPUnit,2026
P1798,myxiaoao/dujiaoka-next,https://github.com/myxiaoao/dujiaoka-next,master,,,,2025-11-01T02:54:50Z,2026-09-02T04:42:02Z,2025-11-13T23:59:27Z,10535.0,False,False,False,Confirmed Laravel Application,True,True,True,True,True,True,True,2025-11-13T23:59:27+00:00,True,True,phpunit.xml,True,True,True,"test: ['@php artisan config:clear --ansi', '@php artisan test']",^8.3,^12.0,False,False,,False,True,Eligible,2026-09-11T14:31:10.830374+00:00,8.3.0,8.3.0,1,False,PHP-8.3,12.0.0,12.0.0,1,False,Laravel-12,PHP-8.3__Laravel-12,Single constraint,PHPUnit + Composer test,2025
P1806,hlmitecnologia/vetessence,https://github.com/hlmitecnologia/vetessence,main,,,MIT,2026-04-09T17:35:16Z,2026-09-09T00:59:50Z,2026-08-31T21:53:13Z,25158.0,False,False,False,Confirmed Laravel Application,True,True,True,True,True,True,True,2026-08-31T21:53:13+00:00,True,True,phpunit.xml,True,True,False,,^8.2,^13.0,False,False,,False,True,Eligible,2026-09-11T14:31:19.413560+00:00,8.2.0,8.2.0,1,False,PHP-8.2,13.0.0,13.0.0,1,False,Laravel-13,PHP-8.2__Laravel-13,Single constraint,PHPUnit,2026
P1835,RamzyVirani/laravel-boilerplate,https://github.com/RamzyVirani/laravel-boilerplate,master,,,,2019-08-30T10:58:43Z,2025-10-06T09:05:08Z,2025-07-15T05:22:32Z,3584.0,False,False,False,Confirmed Laravel Application,True,True,True,True,True,True,True,2025-07-15T05:22:32+00:00,True,True,phpunit.xml,True,True,False,,^7.1.3,5.8.*,False,False,,False,True,Eligible,2026-09-11T14:31:36.128184+00:00,7.1.3,7.1.3,1,False,PHP-7.1,5.8.0,5.8.0,1,False,Laravel-5,PHP-7.1__Laravel-5,Single constraint,PHPUnit,2025
P1840,lukacavic/taskwave,https://github.com/lukacavic/taskwave,main,,,MIT,2024-10-09T08:05:58Z,2026-08-04T15:19:28Z,2025-08-03T18:19:44Z,2983.0,False,False,False,Confirmed Laravel Application,True,True,True,True,True,True,True,2025-08-03T18:19:44+00:00,True,True,phpunit.xml,True,True,False,,^8.2,^11.9,False,False,,False,True,Eligible,2026-09-11T14:31:43.947327+00:00,8.2.0,8.2.0,1,False,PHP-8.2,11.9.0,11.9.0,1,False,Laravel-11,PHP-8.2__Laravel-11,Single constraint,PHPUnit,2025
P1845,ArcInTower/telegram-channel-api,https://github.com/ArcInTower/telegram-channel-api,main,,,MIT,2025-07-08T08:45:26Z,2025-12-02T00:02:14Z,2025-08-01T13:17:43Z,438.0,False,False,False,Confirmed Laravel Application,True,True,True,True,True,True,True,2025-08-01T13:17:43+00:00,True,True,phpunit.xml; phpunit.xml.dist,True,True,True,"test: ['@php artisan config:clear --ansi', '@php artisan test']",^8.2,^12.0,False,False,,False,True,Eligible,2026-09-11T14:31:47.779981+00:00,8.2.0,8.2.0,1,False,PHP-8.2,12.0.0,12.0.0,1,False,Laravel-12,PHP-8.2__Laravel-12,Single constraint,PHPUnit + Composer test,2025
P1847,ytivargitna/outfit-shop-api,https://github.com/ytivargitna/outfit-shop-api,docs,,,,2026-08-13T14:59:58Z,2026-08-27T15:32:58Z,2026-08-27T15:11:43Z,344172.0,False,False,False,Confirmed Laravel Application,True,True,True,True,True,True,True,2026-08-27T15:11:43+00:00,True,True,phpunit.xml,True,True,True,test: ['@php artisan test'],^8.2,12.61.1,False,False,,False,True,Eligible,2026-09-11T14:31:50.922142+00:00,8.2.0,8.2.0,1,False,PHP-8.2,12.61.1,12.61.1,1,False,Laravel-12,PHP-8.2__Laravel-12,Single constraint,PHPUnit + Composer test,2026
P1861,ChanCrits/students,https://github.com/ChanCrits/students,master,,,,2025-02-18T08:47:07Z,2025-03-18T05:11:35Z,2025-03-18T05:11:31Z,445.0,False,False,False,Confirmed Laravel Application,True,True,True,True,True,True,True,2025-03-18T05:11:31+00:00,True,True,phpunit.xml,True,True,False,,^8.2,^11.31,False,False,,False,True,Eligible,2026-09-11T14:31:54.608102+00:00,8.2.0,8.2.0,1,False,PHP-8.2,11.31.0,11.31.0,1,False,Laravel-11,PHP-8.2__Laravel-11,Single constraint,PHPUnit,2025
P1871,YasserElgammal/expenses-tracker,https://github.com/YasserElgammal/expenses-tracker,main,,,,2023-07-30T13:11:06Z,2026-05-13T21:26:46Z,2026-05-13T21:26:42Z,90.0,False,False,False,Confirmed Laravel Application,True,True,True,True,True,True,True,2026-05-13T21:26:42+00:00,True,True,phpunit.xml,True,True,False,,^8.1,^10.10,False,False,,False,True,Eligible,2026-09-11T14:32:06.272156+00:00,8.1.0,8.1.0,1,False,PHP-8.1,10.10.0,10.10.0,1,False,Laravel-10,PHP-8.1__Laravel-10,Single constraint,PHPUnit,2026
P1914,polirium/polirium,https://github.com/polirium/polirium,main,,,MIT,2024-02-08T03:18:28Z,2026-08-24T09:59:25Z,2026-08-24T09:59:15Z,15739.0,False,False,False,Confirmed Laravel Application,True,True,True,True,True,True,True,2026-08-24T09:59:15+00:00,True,True,phpunit.xml,True,True,False,,^8.3,^13.0,False,False,,False,True,Eligible,2026-09-11T14:32:24.524862+00:00,8.3.0,8.3.0,1,False,PHP-8.3,13.0.0,13.0.0,1,False,Laravel-13,PHP-8.3__Laravel-13,Single constraint,PHPUnit,2026
P1924,ChandanShakya/mary-ui-starter-kit,https://github.com/ChandanShakya/mary-ui-starter-kit,main,,,MIT,2025-04-08T02:05:42Z,2026-04-20T18:17:51Z,2026-04-20T18:18:39Z,763.0,False,False,False,Confirmed Laravel Application,True,True,True,True,True,True,True,2026-04-20T18:18:39+00:00,True,True,phpunit.xml,True,True,False,,^8.2,^12.52.0,False,False,,False,True,Eligible,2026-09-11T14:32:31.997558+00:00,8.2.0,8.2.0,1,False,PHP-8.2,12.52.0,12.52.0,1,False,Laravel-12,PHP-8.2__Laravel-12,Single constraint,PHPUnit,2026
P1927,mortenebak/laravel-starter-project,https://github.com/mortenebak/laravel-starter-project,main,,,,2022-12-30T18:31:17Z,2026-01-06T15:59:19Z,2026-02-07T09:37:07Z,1099.0,False,False,False,Confirmed Laravel Application,True,True,True,True,True,True,True,2026-02-07T09:37:07+00:00,True,True,phpunit.xml,True,True,True,test: php artisan test,^8.2|^8.3,^v12.9,False,False,,False,True,Eligible,2026-09-11T14:32:41.042451+00:00,8.2.0,8.3.0,2,True,"PHP-Multi[8.2,8.3]",12.9.0,12.9.0,1,False,Laravel-12,"PHP-Multi[8.2,8.3]__Laravel-12",Multi-PHP,PHPUnit + Composer test,2026
P1936,Helg18/megadownloaderrobot,https://github.com/Helg18/megadownloaderrobot,master,,,,2020-05-23T06:04:42Z,2025-11-06T16:43:22Z,2026-02-13T20:55:10Z,1772.0,False,False,False,Confirmed Laravel Application,True,True,True,True,True,True,True,2026-02-13T20:55:10+00:00,True,True,phpunit.xml,True,True,False,,^7.2.5,^7.0,False,False,,False,True,Eligible,2026-09-11T14:32:44.827268+00:00,7.2.5,7.2.5,1,False,PHP-7.2,7.0.0,7.0.0,1,False,Laravel-7,PHP-7.2__Laravel-7,Single constraint,PHPUnit,2026
P1941,FinTrackhq/FinTrack,https://github.com/FinTrackhq/FinTrack,main,,,MIT,2024-01-14T11:06:15Z,2026-05-03T17:03:23Z,2025-12-02T19:35:15Z,27341.0,False,False,False,Confirmed Laravel Application,True,True,True,True,True,True,True,2025-12-02T19:35:15+00:00,True,True,phpunit.xml,True,True,False,,^8.3,^11.0,False,False,,False,True,Eligible,2026-09-11T14:32:52.006270+00:00,8.3.0,8.3.0,1,False,PHP-8.3,11.0.0,11.0.0,1,False,Laravel-11,PHP-8.3__Laravel-11,Single constraint,PHPUnit,2025
P1943,AhmadIkbalDjaya/momentum,https://github.com/AhmadIkbalDjaya/momentum,main,,,,2024-05-24T10:51:10Z,2026-06-26T13:43:58Z,2026-06-26T13:43:52Z,15387.0,False,False,False,Confirmed Laravel Application,True,True,True,True,True,True,True,2026-06-26T13:43:52+00:00,True,True,phpunit.xml,True,True,False,,^8.2,^11.0,False,False,,False,True,Eligible,2026-09-11T14:32:56.085292+00:00,8.2.0,8.2.0,1,False,PHP-8.2,11.0.0,11.0.0,1,False,Laravel-11,PHP-8.2__Laravel-11,Single constraint,PHPUnit,2026
P1944,EG-Mohamed/OpenCharity,https://github.com/EG-Mohamed/OpenCharity,main,,,,2026-04-14T17:40:02Z,2026-08-03T13:01:42Z,2026-07-27T12:29:23Z,5393.0,False,False,False,Confirmed Laravel Application,True,True,True,True,True,True,True,2026-07-27T12:29:23+00:00,True,True,phpunit.xml,True,True,True,"test: ['@php artisan config:clear --ansi', '@php artisan test']",^8.3,^13.22,False,False,,False,True,Eligible,2026-09-11T14:33:00.572191+00:00,8.3.0,8.3.0,1,False,PHP-8.3,13.22.0,13.22.0,1,False,Laravel-13,PHP-8.3__Laravel-13,Single constraint,PHPUnit + Composer test,2026
P1949,qeihannn/laravel-pos-system,https://github.com/qeihannn/laravel-pos-system,main,,,,2025-12-13T09:54:22Z,2026-02-03T01:35:57Z,2025-12-17T03:31:28Z,2743.0,False,False,False,Confirmed Laravel Application,True,True,True,True,True,True,True,2025-12-17T03:31:28+00:00,True,True,phpunit.xml,True,True,False,,^8.1,^10.0,False,False,,False,True,Eligible,2026-09-11T14:33:08.033037+00:00,8.1.0,8.1.0,1,False,PHP-8.1,10.0.0,10.0.0,1,False,Laravel-10,PHP-8.1__Laravel-10,Single constraint,PHPUnit,2025
P1958,AhmadMuzayyin/siska,https://github.com/AhmadMuzayyin/siska,main,,,,2024-11-05T05:07:27Z,2026-08-14T16:16:12Z,2026-08-18T06:47:35Z,3136.0,False,False,False,Confirmed Laravel Application,True,True,True,True,True,True,True,2026-08-18T06:47:35+00:00,True,True,phpunit.xml,True,False,False,,^8.2,^11.9,False,False,,False,True,Eligible,2026-09-11T14:33:11.063398+00:00,8.2.0,8.2.0,1,False,PHP-8.2,11.9.0,11.9.0,1,False,Laravel-11,PHP-8.2__Laravel-11,Single constraint,PHPUnit,2026
P1968,takielias/tablar-starter-kit,https://github.com/takielias/tablar-starter-kit,main,,,,2025-03-14T14:11:21Z,2026-09-05T06:29:30Z,2026-09-05T06:30:57Z,166.0,False,False,False,Confirmed Laravel Application,True,True,True,True,True,True,True,2026-09-05T06:30:57+00:00,True,True,phpunit.xml,True,False,False,,^8.3,^13.0,False,False,,False,True,Eligible,2026-09-11T14:33:24.011848+00:00,8.3.0,8.3.0,1,False,PHP-8.3,13.0.0,13.0.0,1,False,Laravel-13,PHP-8.3__Laravel-13,Single constraint,PHPUnit,2026
P1978,pourya-azad/SnappAPI,https://github.com/pourya-azad/SnappAPI,main,,,GPL-3.0,2025-03-29T15:18:19Z,2026-08-31T14:55:20Z,2025-09-13T07:32:44Z,960.0,False,False,False,Confirmed Laravel Application,True,True,True,True,True,True,True,2025-09-13T07:32:44+00:00,True,True,phpunit.xml,True,True,False,,^8.2,^12.0,False,False,,False,True,Eligible,2026-09-11T14:33:27.770911+00:00,8.2.0,8.2.0,1,False,PHP-8.2,12.0.0,12.0.0,1,False,Laravel-12,PHP-8.2__Laravel-12,Single constraint,PHPUnit,2025
P1980,ds-joe/saas-multi-layout-laravel-template,https://github.com/ds-joe/saas-multi-layout-laravel-template,main,,,MIT,2024-08-16T00:53:48Z,2025-08-03T15:19:12Z,2025-01-17T15:55:57Z,2438.0,False,False,False,Confirmed Laravel Application,True,True,True,True,True,True,True,2025-01-17T15:55:57+00:00,True,True,phpunit.xml,True,True,False,,^8.2,^11.9,False,False,,False,True,Eligible,2026-09-11T14:33:31.767480+00:00,8.2.0,8.2.0,1,False,PHP-8.2,11.9.0,11.9.0,1,False,Laravel-11,PHP-8.2__Laravel-11,Single constraint,PHPUnit,2025
P1984,hamza094/daywright,https://github.com/hamza094/daywright,master,,,AGPL-3.0,2020-09-23T16:51:43Z,2026-09-09T15:59:38Z,2026-09-09T15:53:23Z,64153.0,False,False,False,Confirmed Laravel Application,True,True,True,True,True,True,True,2026-09-09T15:53:23+00:00,True,True,phpunit.xml,True,True,True,test: ['@php vendor/bin/phpunit'] | pint:test: ['@php vendor/bin/pint --test'] | rector:test: ['@php vendor/bin/rector --dry-run'],^8.3,^12.41.1,False,False,,False,True,Eligible,2026-09-11T14:33:35.697998+00:00,8.3.0,8.3.0,1,False,PHP-8.3,12.41.1,12.41.1,1,False,Laravel-12,PHP-8.3__Laravel-12,Single constraint,PHPUnit + Composer test,2026
P2001,Dziennik-Azayaka/azayaka,https://github.com/Dziennik-Azayaka/azayaka,master,,,AGPL-3.0,2025-07-01T10:39:28Z,2026-09-06T12:42:12Z,2026-09-04T17:31:07Z,1126.0,False,False,False,Confirmed Laravel Application,True,True,True,True,True,True,True,2026-09-04T17:31:07+00:00,True,True,phpunit.xml,True,True,True,"test: ['@php artisan config:clear --ansi', '@php artisan test']",^8.3,^12.0,False,False,,False,True,Eligible,2026-09-11T14:33:42.389928+00:00,8.3.0,8.3.0,1,False,PHP-8.3,12.0.0,12.0.0,1,False,Laravel-12,PHP-8.3__Laravel-12,Single constraint,PHPUnit + Composer test,2026
P2016,bintang-r/pembayaran-spp,https://github.com/bintang-r/pembayaran-spp,main,,,,2023-01-23T00:01:29Z,2025-10-25T05:36:11Z,2025-01-21T06:43:00Z,5070.0,False,False,False,Confirmed Laravel Application,True,True,True,True,True,True,True,2025-01-21T06:43:00+00:00,True,True,phpunit.xml,True,True,False,,^8.0.2,^9.19,False,False,,False,True,Eligible,2026-09-11T14:33:45.948016+00:00,8.0.2,8.0.2,1,False,PHP-8.0,9.19.0,9.19.0,1,False,Laravel-9,PHP-8.0__Laravel-9,Single constraint,PHPUnit,2025
P2031,ColoredCow/monitor,https://github.com/ColoredCow/monitor,main,,,GPL-3.0,2020-07-06T09:00:38Z,2026-07-03T07:32:18Z,2026-07-04T10:25:58Z,6153.0,False,False,False,Confirmed Laravel Application,True,True,True,True,True,True,True,2026-07-04T10:25:58+00:00,True,True,phpunit.xml,True,True,False,,^8.2,^12.0,False,False,,False,True,Eligible,2026-09-11T14:33:53.530254+00:00,8.2.0,8.2.0,1,False,PHP-8.2,12.0.0,12.0.0,1,False,Laravel-12,PHP-8.2__Laravel-12,Single constraint,PHPUnit,2026
P2032,alabaganne/Internly,https://github.com/alabaganne/Internly,main,,,,2021-04-08T12:43:57Z,2026-09-08T00:54:24Z,2026-09-08T00:54:06Z,6231.0,False,False,False,Confirmed Laravel Application,True,True,True,True,True,True,True,2026-09-08T00:54:06+00:00,True,True,phpunit.xml,True,True,False,,^7.3|^8.0,^8.12,False,False,,False,True,Eligible,2026-09-11T14:33:57.839023+00:00,7.3.0,8.0.0,2,True,"PHP-Multi[7.3,8.0]",8.12.0,8.12.0,1,False,Laravel-8,"PHP-Multi[7.3,8.0]__Laravel-8",Multi-PHP,PHPUnit,2026
P2033,akbarr13/waroong,https://github.com/akbarr13/waroong,main,,,MIT,2026-03-16T05:07:21Z,2026-08-06T00:29:26Z,2026-03-19T06:17:59Z,832.0,False,False,False,Confirmed Laravel Application,True,True,True,True,True,True,True,2026-03-19T06:17:59+00:00,True,True,phpunit.xml,True,True,False,,^8.1,^10.10,False,False,,False,True,Eligible,2026-09-11T14:34:01.715946+00:00,8.1.0,8.1.0,1,False,PHP-8.1,10.10.0,10.10.0,1,False,Laravel-10,PHP-8.1__Laravel-10,Single constraint,PHPUnit,2026
P2037,jeffersongoncalves/nativekitv5,https://github.com/jeffersongoncalves/nativekitv5,main,,,,2025-10-31T13:11:44Z,2026-09-05T21:44:50Z,2026-09-05T22:51:00Z,12426.0,False,False,False,Confirmed Laravel Application,True,True,True,True,True,True,True,2026-09-05T22:51:00+00:00,True,True,phpunit.xml,True,True,False,,^8.3,^13.0,False,False,,False,True,Eligible,2026-09-11T14:34:09.320307+00:00,8.3.0,8.3.0,1,False,PHP-8.3,13.0.0,13.0.0,1,False,Laravel-13,PHP-8.3__Laravel-13,Single constraint,PHPUnit,2026
P2042,developer-ashok/laravel-recaptcha,https://github.com/developer-ashok/laravel-recaptcha,master,,,,2019-02-22T05:44:43Z,2026-07-18T18:52:57Z,2026-07-18T18:52:53Z,1931.0,False,False,False,Confirmed Laravel Application,True,True,True,True,True,True,True,2026-07-18T18:52:53+00:00,True,True,phpunit.xml,True,True,False,,^7.1.3,5.7.*,False,False,,False,True,Eligible,2026-09-11T14:34:12.521296+00:00,7.1.3,7.1.3,1,False,PHP-7.1,5.7.0,5.7.0,1,False,Laravel-5,PHP-7.1__Laravel-5,Single constraint,PHPUnit,2026
P2050,CholitaApp/cholita,https://github.com/CholitaApp/cholita,main,,,,2025-04-26T14:36:56Z,2025-07-01T17:41:30Z,2025-07-01T17:41:55Z,2074.0,False,False,False,Confirmed Laravel Application,True,True,True,True,True,True,True,2025-07-01T17:41:55+00:00,True,True,phpunit.xml,True,True,True,phpunit: ./vendor/bin/paratest -c phpunit.xml,^8.4,^12.0,False,False,,False,True,Eligible,2026-09-11T14:34:25.688399+00:00,8.4.0,8.4.0,1,False,PHP-8.4,12.0.0,12.0.0,1,False,Laravel-12,PHP-8.4__Laravel-12,Single constraint,PHPUnit + Composer test,2025
P2060,cristianmarint/DEPORCO,https://github.com/cristianmarint/DEPORCO,master,,,NOASSERTION,2018-09-23T02:49:08Z,2026-07-11T20:53:50Z,2026-09-05T10:19:09Z,60872.0,False,False,False,Confirmed Laravel Application,True,True,True,True,True,True,True,2026-09-05T10:19:09+00:00,True,True,phpunit.xml,True,True,False,,^7.1.3,5.8.*,False,False,,False,True,Eligible,2026-09-11T14:34:29.392985+00:00,7.1.3,7.1.3,1,False,PHP-7.1,5.8.0,5.8.0,1,False,Laravel-5,PHP-7.1__Laravel-5,Single constraint,PHPUnit,2026
P2061,ZTL-ARTCC/Current_Website,https://github.com/ZTL-ARTCC/Current_Website,main,,,AGPL-3.0,2018-11-15T19:13:19Z,2026-09-07T04:50:06Z,2026-09-09T15:02:43Z,46654.0,False,False,False,Confirmed Laravel Application,True,True,True,True,True,True,True,2026-09-09T15:02:43+00:00,True,True,phpunit.xml,True,True,False,,^8.4,^13.12,False,False,,False,True,Eligible,2026-09-11T14:34:33.476239+00:00,8.4.0,8.4.0,1,False,PHP-8.4,13.12.0,13.12.0,1,False,Laravel-13,PHP-8.4__Laravel-13,Single constraint,PHPUnit,2026
P2064,Ahmed1shihab/laravel-ecommerce,https://github.com/Ahmed1shihab/laravel-ecommerce,master,,,,2021-09-29T08:24:40Z,2025-07-18T17:18:16Z,2025-07-18T17:18:11Z,12831.0,False,False,False,Confirmed Laravel Application,True,True,True,True,True,True,True,2025-07-18T17:18:11+00:00,True,True,phpunit.xml,True,True,False,,^7.3|^8.0,^8.54,False,False,,False,True,Eligible,2026-09-11T14:34:36.717181+00:00,7.3.0,8.0.0,2,True,"PHP-Multi[7.3,8.0]",8.54.0,8.54.0,1,False,Laravel-8,"PHP-Multi[7.3,8.0]__Laravel-8",Multi-PHP,PHPUnit,2025
P2077,brayo333/random-journal,https://github.com/brayo333/random-journal,main,,,MIT,2023-05-08T10:56:52Z,2026-06-08T09:45:32Z,2026-04-12T17:00:27Z,351.0,False,False,False,Confirmed Laravel Application,True,True,True,True,True,True,True,2026-04-12T17:00:27+00:00,True,True,phpunit.xml,True,True,False,,^8.1,^10.8,False,False,,False,True,Eligible,2026-09-11T14:34:44.832082+00:00,8.1.0,8.1.0,1,False,PHP-8.1,10.8.0,10.8.0,1,False,Laravel-10,PHP-8.1__Laravel-10,Single constraint,PHPUnit,2026
P2081,ghostcompiler/laravel-react-jsx-boilerplate,https://github.com/ghostcompiler/laravel-react-jsx-boilerplate,main,,,,2026-06-06T11:01:32Z,2026-08-24T17:24:36Z,2026-07-06T10:27:02Z,432.0,False,False,False,Confirmed Laravel Application,True,True,True,True,True,True,True,2026-07-06T10:27:02+00:00,True,True,phpunit.xml,True,False,True,"test: ['@php artisan config:clear --ansi', '@lint:check', '@php artisan test']",^8.3,^13.7,False,False,,False,True,Eligible,2026-09-11T14:34:56.268500+00:00,8.3.0,8.3.0,1,False,PHP-8.3,13.7.0,13.7.0,1,False,Laravel-13,PHP-8.3__Laravel-13,Single constraint,PHPUnit + Composer test,2026
P2114,romanzipp/Laravel-Skeleton,https://github.com/romanzipp/Laravel-Skeleton,main,,,,2020-04-01T09:52:36Z,2026-03-20T07:51:49Z,2025-03-20T08:28:55Z,9784.0,False,False,False,Confirmed Laravel Application,True,True,True,True,True,True,True,2025-03-20T08:28:55+00:00,True,True,phpunit.xml,True,True,False,,^8.3,^12.0,False,False,,False,True,Eligible,2026-09-11T14:35:08.528422+00:00,8.3.0,8.3.0,1,False,PHP-8.3,12.0.0,12.0.0,1,False,Laravel-12,PHP-8.3__Laravel-12,Single constraint,PHPUnit,2025
P2120,ca-tim4-22/online-library-management-system,https://github.com/ca-tim4-22/online-library-management-system,main,,,MIT,2022-07-15T09:09:33Z,2026-03-26T13:59:17Z,2025-04-30T18:49:05Z,72010.0,False,False,False,Confirmed Laravel Application,True,True,True,True,True,True,True,2025-04-30T18:49:05+00:00,True,True,phpunit.xml,True,True,False,,^8.0.2,^9.19,False,False,,False,True,Eligible,2026-09-11T14:35:20.874467+00:00,8.0.2,8.0.2,1,False,PHP-8.0,9.19.0,9.19.0,1,False,Laravel-9,PHP-8.0__Laravel-9,Single constraint,PHPUnit,2025
P2125,AmirPeyravan/classino,https://github.com/AmirPeyravan/classino,master,,,,2025-05-19T13:39:25Z,2025-07-02T07:50:40Z,2025-06-03T16:16:56Z,261.0,False,False,False,Confirmed Laravel Application,True,True,True,True,True,True,True,2025-06-03T16:16:56+00:00,True,True,phpunit.xml,True,True,True,"test: ['@php artisan config:clear --ansi', '@php artisan test']",^8.2,^12.0,False,False,,False,True,Eligible,2026-09-11T14:35:28.132495+00:00,8.2.0,8.2.0,1,False,PHP-8.2,12.0.0,12.0.0,1,False,Laravel-12,PHP-8.2__Laravel-12,Single constraint,PHPUnit + Composer test,2025
P2135,aschmelyun/laravel-job-board,https://github.com/aschmelyun/laravel-job-board,main,,,MIT,2021-03-23T00:10:36Z,2026-08-27T10:39:26Z,2025-04-28T07:37:49Z,842.0,False,False,False,Confirmed Laravel Application,True,True,True,True,True,True,True,2025-04-28T07:37:49+00:00,True,True,phpunit.xml,True,True,False,,^7.3|^8.0,^8.40,False,False,,False,True,Eligible,2026-09-11T14:35:39.717616+00:00,7.3.0,8.0.0,2,True,"PHP-Multi[7.3,8.0]",8.40.0,8.40.0,1,False,Laravel-8,"PHP-Multi[7.3,8.0]__Laravel-8",Multi-PHP,PHPUnit,2025
P2142,orgmanager/orgmanager,https://github.com/orgmanager/orgmanager,master,,,MPL-2.0,2017-01-13T17:37:57Z,2026-07-08T22:32:17Z,2026-04-10T07:08:48Z,3326.0,False,False,False,Confirmed Laravel Application,True,True,True,True,True,True,True,2026-04-10T07:08:48+00:00,True,True,phpunit.xml,True,True,True,test: vendor/bin/phpunit,^7.1.3,^5.8.0,False,False,,False,True,Eligible,2026-09-11T14:35:43.581773+00:00,7.1.3,7.1.3,1,False,PHP-7.1,5.8.0,5.8.0,1,False,Laravel-5,PHP-7.1__Laravel-5,Single constraint,PHPUnit + Composer test,2026
P2162,spatie/laravel-event-projector-demo-app,https://github.com/spatie/laravel-event-projector-demo-app,master,,,,2018-05-21T17:02:36Z,2026-01-31T10:26:19Z,2026-01-31T10:26:14Z,330.0,False,False,False,Confirmed Laravel Application,True,True,True,True,True,True,True,2026-01-31T10:26:14+00:00,True,True,phpunit.xml,True,True,False,,^7.1.3,5.6.*,False,False,,False,True,Eligible,2026-09-11T14:35:51.760458+00:00,7.1.3,7.1.3,1,False,PHP-7.1,5.6.0,5.6.0,1,False,Laravel-5,PHP-7.1__Laravel-5,Single constraint,PHPUnit,2026
P2177,MogahidGaffar/Laravel-vue-Starter-Kit-Dashboard,https://github.com/MogahidGaffar/Laravel-vue-Starter-Kit-Dashboard,main,,,MIT,2024-10-13T13:35:27Z,2026-07-27T21:33:42Z,2026-07-27T21:33:12Z,60340.0,False,False,False,Confirmed Laravel Application,True,True,True,True,True,True,True,2026-07-27T21:33:12+00:00,True,True,phpunit.xml,True,True,False,,^8.2,^10.10,False,False,,False,True,Eligible,2026-09-11T14:36:09.037683+00:00,8.2.0,8.2.0,1,False,PHP-8.2,10.10.0,10.10.0,1,False,Laravel-10,PHP-8.2__Laravel-10,Single constraint,PHPUnit,2026
P2179,nouron/nouron,https://github.com/nouron/nouron,master,,,,2012-08-28T09:36:15Z,2026-09-09T18:21:31Z,2026-09-09T18:19:36Z,131523.0,False,False,False,Confirmed Laravel Application,True,True,True,True,True,True,True,2026-09-09T18:19:36+00:00,True,True,phpunit.xml,True,True,False,,^8.2,^12.0,False,False,,False,True,Eligible,2026-09-11T14:36:16.829271+00:00,8.2.0,8.2.0,1,False,PHP-8.2,12.0.0,12.0.0,1,False,Laravel-12,PHP-8.2__Laravel-12,Single constraint,PHPUnit,2026
P2180,MateusHuebra/Termogram-bot,https://github.com/MateusHuebra/Termogram-bot,main,,,,2022-03-03T15:49:17Z,2026-01-18T19:05:24Z,2026-01-18T19:05:20Z,419.0,False,False,False,Confirmed Laravel Application,True,True,True,True,True,True,True,2026-01-18T19:05:20+00:00,True,True,phpunit.xml,True,True,False,,^7.3|^8.0,^8.75,False,False,,False,True,Eligible,2026-09-11T14:36:20.893316+00:00,7.3.0,8.0.0,2,True,"PHP-Multi[7.3,8.0]",8.75.0,8.75.0,1,False,Laravel-8,"PHP-Multi[7.3,8.0]__Laravel-8",Multi-PHP,PHPUnit,2026
P2189,NziCode/bank-performance-aggregator,https://github.com/NziCode/bank-performance-aggregator,main,,,MIT,2026-06-22T07:16:46Z,2026-07-17T12:53:20Z,2026-07-02T20:29:33Z,1841.0,False,False,False,Confirmed Laravel Application,True,True,True,True,True,True,True,2026-07-02T20:29:33+00:00,True,True,phpunit.xml,True,True,True,"test: ['@php artisan config:clear --ansi @no_additional_args', '@php artisan test']",^8.3,^13.8,False,False,,False,True,Eligible,2026-09-11T14:36:24.893231+00:00,8.3.0,8.3.0,1,False,PHP-8.3,13.8.0,13.8.0,1,False,Laravel-13,PHP-8.3__Laravel-13,Single constraint,PHPUnit + Composer test,2026
P2190,velstorelabs/velstore,https://github.com/velstorelabs/velstore,main,,,MIT,2025-03-08T18:44:51Z,2026-09-08T10:29:13Z,2026-05-26T08:07:51Z,1883.0,False,False,False,Confirmed Laravel Application,True,True,True,True,True,True,True,2026-05-26T08:07:51+00:00,True,True,phpunit.xml,True,True,False,,^8.1,^10.10,False,False,,False,True,Eligible,2026-09-11T14:36:28.833264+00:00,8.1.0,8.1.0,1,False,PHP-8.1,10.10.0,10.10.0,1,False,Laravel-10,PHP-8.1__Laravel-10,Single constraint,PHPUnit,2026
P2204,anasHammaoui/GameXpress-laravel-RestApi,https://github.com/anasHammaoui/GameXpress-laravel-RestApi,main,,,,2025-03-10T13:32:07Z,2025-12-18T14:24:06Z,2025-04-16T16:29:06Z,577.0,False,False,False,Confirmed Laravel Application,True,True,True,True,True,True,True,2025-04-16T16:29:06+00:00,True,True,phpunit.xml,True,True,False,,^8.2,^11.31,False,False,,False,True,Eligible,2026-09-11T14:36:44.599115+00:00,8.2.0,8.2.0,1,False,PHP-8.2,11.31.0,11.31.0,1,False,Laravel-11,PHP-8.2__Laravel-11,Single constraint,PHPUnit,2025
P2207,coralsio/laraship,https://github.com/coralsio/laraship,main,,,GPL-3.0,2023-03-12T08:06:21Z,2026-04-22T15:42:40Z,2025-11-26T09:00:01Z,56508.0,False,False,False,Confirmed Laravel Application,True,True,True,True,True,True,True,2025-11-26T09:00:01+00:00,True,True,phpunit.xml,True,True,False,,^8.2,^11.0,False,False,,False,True,Eligible,2026-09-11T14:36:49.163298+00:00,8.2.0,8.2.0,1,False,PHP-8.2,11.0.0,11.0.0,1,False,Laravel-11,PHP-8.2__Laravel-11,Single constraint,PHPUnit,2025
P2226,Mohamed-khattab/BioCheckin,https://github.com/Mohamed-khattab/BioCheckin,main,,,,2025-03-15T14:00:20Z,2025-09-21T18:35:27Z,2025-06-15T21:24:44Z,761.0,False,False,False,Confirmed Laravel Application,True,True,True,True,True,True,True,2025-06-15T21:24:44+00:00,True,True,phpunit.xml,True,True,False,,^8.2,^12.0,False,False,,False,True,Eligible,2026-09-11T14:37:04.238139+00:00,8.2.0,8.2.0,1,False,PHP-8.2,12.0.0,12.0.0,1,False,Laravel-12,PHP-8.2__Laravel-12,Single constraint,PHPUnit,2025
P2231,cranties/Statify,https://github.com/cranties/Statify,main,,,,2026-04-15T10:29:35Z,2026-06-26T07:18:22Z,2026-06-26T07:18:18Z,2829.0,False,False,False,Confirmed Laravel Application,True,True,True,True,True,True,True,2026-06-26T07:18:18+00:00,True,True,phpunit.xml,True,True,True,"test: ['@php artisan config:clear --ansi', '@php artisan test']",^8.3,^13.0,False,False,,False,True,Eligible,2026-09-11T14:37:12.711577+00:00,8.3.0,8.3.0,1,False,PHP-8.3,13.0.0,13.0.0,1,False,Laravel-13,PHP-8.3__Laravel-13,Single constraint,PHPUnit + Composer test,2026
P2233,spatie/larabank-aggregates,https://github.com/spatie/larabank-aggregates,master,,,,2019-04-06T18:03:45Z,2026-07-03T17:49:13Z,2026-01-31T10:25:56Z,2243.0,False,False,False,Confirmed Laravel Application,True,True,True,True,True,True,True,2026-01-31T10:25:56+00:00,True,True,phpunit.xml,True,True,False,,^8.2,^10.0,False,False,,False,True,Eligible,2026-09-11T14:37:21.647866+00:00,8.2.0,8.2.0,1,False,PHP-8.2,10.0.0,10.0.0,1,False,Laravel-10,PHP-8.2__Laravel-10,Single constraint,PHPUnit,2026
P2237,hillelcoren/itsallwidgets,https://github.com/hillelcoren/itsallwidgets,master,,,NOASSERTION,2018-07-11T17:36:33Z,2025-10-01T03:11:10Z,2025-08-28T13:21:10Z,14445.0,False,False,False,Confirmed Laravel Application,True,True,True,True,True,True,True,2025-08-28T13:21:10+00:00,True,True,phpunit.xml,True,True,False,,^7.1.3,5.6.*,False,False,,False,True,Eligible,2026-09-11T14:37:25.513202+00:00,7.1.3,7.1.3,1,False,PHP-7.1,5.6.0,5.6.0,1,False,Laravel-5,PHP-7.1__Laravel-5,Single constraint,PHPUnit,2025
P2255,johnnyhuy/laravel-appointment-booking-system,https://github.com/johnnyhuy/laravel-appointment-booking-system,master,,,,2017-06-26T17:39:20Z,2026-08-09T00:41:30Z,2026-09-10T08:50:21Z,12404.0,False,False,False,Confirmed Laravel Application,True,True,True,True,True,True,True,2026-09-10T08:50:21+00:00,True,True,phpunit.xml,True,True,False,,>=5.6.4,5.4.*,False,False,,False,True,Eligible,2026-09-11T14:37:28.939180+00:00,5.6.4,5.6.4,1,False,PHP-5.6,5.4.0,5.4.0,1,False,Laravel-5,PHP-5.6__Laravel-5,Single constraint,PHPUnit,2026
P2256,patrickrobrecht/flexible-event-and-booking-manager,https://github.com/patrickrobrecht/flexible-event-and-booking-manager,main,,,,2022-11-13T18:39:48Z,2026-08-30T13:03:26Z,2026-08-30T20:37:26Z,2270.0,False,False,False,Confirmed Laravel Application,True,True,True,True,True,True,True,2026-08-30T20:37:26+00:00,True,True,phpunit.xml,True,True,True,"test: ['Composer\\Config::disableProcessTimeout', 'vendor/bin/paratest --exclude-group serial', 'vendor/bin/phpunit --group serial'] | test-with-coverage: ['Composer\\Config::disableProcessTimeout', 'vendor/bin/paratest --exclude-group serial --coverage-html .phpunit.coverage']",^8.4,^13.29,False,False,,False,True,Eligible,2026-09-11T14:37:32.372159+00:00,8.4.0,8.4.0,1,False,PHP-8.4,13.29.0,13.29.0,1,False,Laravel-13,PHP-8.4__Laravel-13,Single constraint,PHPUnit + Composer test,2026
P2257,Rafipranata/AlquranDigital,https://github.com/Rafipranata/AlquranDigital,main,,,,2024-01-23T23:01:04Z,2026-03-07T09:03:25Z,2026-01-15T04:58:37Z,110.0,False,False,False,Confirmed Laravel Application,True,True,True,True,True,True,True,2026-01-15T04:58:37+00:00,True,True,phpunit.xml,True,True,False,,^7.3|^8.0,^8.75,False,False,,False,True,Eligible,2026-09-11T14:37:36.584718+00:00,7.3.0,8.0.0,2,True,"PHP-Multi[7.3,8.0]",8.75.0,8.75.0,1,False,Laravel-8,"PHP-Multi[7.3,8.0]__Laravel-8",Multi-PHP,PHPUnit,2026
P2259,BaseMax/LaravelTaskDDD,https://github.com/BaseMax/LaravelTaskDDD,main,,,,2023-03-15T21:44:51Z,2026-09-02T17:03:50Z,2026-09-02T16:59:50Z,836.0,False,False,False,Confirmed Laravel Application,True,True,True,True,True,True,True,2026-09-02T16:59:50+00:00,True,True,phpunit.xml,True,True,False,,^8.1,^10.0,False,False,,False,True,Eligible,2026-09-11T14:37:41.168332+00:00,8.1.0,8.1.0,1,False,PHP-8.1,10.0.0,10.0.0,1,False,Laravel-10,PHP-8.1__Laravel-10,Single constraint,PHPUnit,2026
P2263,AAYMAN-MD/APP-CRUD,https://github.com/AAYMAN-MD/APP-CRUD,main,,,,2025-01-13T21:14:10Z,2025-09-15T20:28:14Z,2025-01-13T21:21:25Z,125.0,False,False,False,Confirmed Laravel Application,True,True,True,True,True,True,True,2025-01-13T21:21:25+00:00,True,True,phpunit.xml,True,True,False,,^8.0.2,^9.19,False,False,,False,True,Eligible,2026-09-11T14:37:44.931552+00:00,8.0.2,8.0.2,1,False,PHP-8.0,9.19.0,9.19.0,1,False,Laravel-9,PHP-8.0__Laravel-9,Single constraint,PHPUnit,2025
P2265,DarlanSchmeller/workopia-laravel,https://github.com/DarlanSchmeller/workopia-laravel,main,,,MIT,2025-07-03T14:40:18Z,2026-01-23T20:30:42Z,2025-09-03T13:40:23Z,3539.0,False,False,False,Confirmed Laravel Application,True,True,True,True,True,True,True,2025-09-03T13:40:23+00:00,True,True,phpunit.xml,True,True,True,"test: ['@php artisan config:clear --ansi', '@php artisan test']",^8.2,^12.0,False,False,,False,True,Eligible,2026-09-11T14:37:48.832524+00:00,8.2.0,8.2.0,1,False,PHP-8.2,12.0.0,12.0.0,1,False,Laravel-12,PHP-8.2__Laravel-12,Single constraint,PHPUnit + Composer test,2025
P2267,kenjivafe/dict-attendance-system,https://github.com/kenjivafe/dict-attendance-system,main,,,,2025-03-04T02:56:25Z,2026-06-05T20:36:13Z,2025-05-16T04:59:26Z,2702.0,False,False,False,Confirmed Laravel Application,True,True,True,True,True,True,True,2025-05-16T04:59:26+00:00,True,True,phpunit.xml,True,True,False,,^8.2,^11.31,False,False,,False,True,Eligible,2026-09-11T14:37:57.077087+00:00,8.2.0,8.2.0,1,False,PHP-8.2,11.31.0,11.31.0,1,False,Laravel-11,PHP-8.2__Laravel-11,Single constraint,PHPUnit,2025
P2269,vuvandinh123/backend-multiple-choice-test-website,https://github.com/vuvandinh123/backend-multiple-choice-test-website,main,,,,2025-04-02T04:42:33Z,2025-07-08T16:42:16Z,2025-04-02T04:49:29Z,93.0,False,False,False,Confirmed Laravel Application,True,True,True,True,True,True,True,2025-04-02T04:49:29+00:00,True,True,phpunit.xml,True,True,False,,^8.1,^10.10,False,False,,False,True,Eligible,2026-09-11T14:38:04.348274+00:00,8.1.0,8.1.0,1,False,PHP-8.1,10.10.0,10.10.0,1,False,Laravel-10,PHP-8.1__Laravel-10,Single constraint,PHPUnit,2025
P2279,KhawarMehfooz/pos,https://github.com/KhawarMehfooz/pos,master,,,,2026-02-20T14:12:52Z,2026-09-03T09:53:49Z,2026-06-16T10:56:30Z,4483.0,False,False,False,Confirmed Laravel Application,True,True,True,True,True,True,True,2026-06-16T10:56:30+00:00,True,True,phpunit.xml,True,True,True,"test:lint: ['pint --parallel --test'] | test: ['@php artisan config:clear --ansi', '@test:lint', '@php artisan test']",^8.2,^12.0,False,False,,False,True,Eligible,2026-09-11T14:38:18.289509+00:00,8.2.0,8.2.0,1,False,PHP-8.2,12.0.0,12.0.0,1,False,Laravel-12,PHP-8.2__Laravel-12,Single constraint,PHPUnit + Composer test,2026
P2281,abel291/ecommerce-react-vite-laravel,https://github.com/abel291/ecommerce-react-vite-laravel,main,,,,2022-06-29T15:00:07Z,2026-06-12T09:01:21Z,2026-06-12T09:01:11Z,1003832.0,False,False,False,Confirmed Laravel Application,True,True,True,True,True,True,True,2026-06-12T09:01:11+00:00,True,True,phpunit.xml,True,True,False,,^8.2,^11.9,False,False,,False,True,Eligible,2026-09-11T14:38:22.539474+00:00,8.2.0,8.2.0,1,False,PHP-8.2,11.9.0,11.9.0,1,False,Laravel-11,PHP-8.2__Laravel-11,Single constraint,PHPUnit,2026
P2288,orz14/nyatet-app,https://github.com/orz14/nyatet-app,main,,,MIT,2023-05-03T14:29:10Z,2025-09-25T03:13:21Z,2025-06-18T03:13:32Z,1785.0,False,False,False,Confirmed Laravel Application,True,True,True,True,True,True,True,2025-06-18T03:13:32+00:00,True,True,phpunit.xml,True,True,False,,^8.1,^10.8,False,False,,False,True,Eligible,2026-09-11T14:38:36.600204+00:00,8.1.0,8.1.0,1,False,PHP-8.1,10.8.0,10.8.0,1,False,Laravel-10,PHP-8.1__Laravel-10,Single constraint,PHPUnit,2025
P2314,soheilkhaledabdi/shop-admin-panel,https://github.com/soheilkhaledabdi/shop-admin-panel,main,,,,2023-11-06T08:04:40Z,2026-08-07T22:04:57Z,2026-08-07T22:04:52Z,4742.0,False,False,False,Confirmed Laravel Application,True,True,True,True,True,True,True,2026-08-07T22:04:52+00:00,True,True,phpunit.xml,True,True,False,,^8.1,^11.00,False,False,,False,True,Eligible,2026-09-11T14:38:45.016298+00:00,8.1.0,8.1.0,1,False,PHP-8.1,11.0.0,11.0.0,1,False,Laravel-11,PHP-8.1__Laravel-11,Single constraint,PHPUnit,2026
P2318,engsahaly/mtenancy_tenancy_for_laravel_multi,https://github.com/engsahaly/mtenancy_tenancy_for_laravel_multi,master,,,,2024-08-17T17:34:10Z,2026-09-02T07:00:55Z,2025-01-29T07:27:23Z,138.0,False,False,False,Confirmed Laravel Application,True,True,True,True,True,True,True,2025-01-29T07:27:23+00:00,True,True,phpunit.xml,True,True,False,,^8.2,^11.9,False,False,,False,True,Eligible,2026-09-11T14:38:48.557192+00:00,8.2.0,8.2.0,1,False,PHP-8.2,11.9.0,11.9.0,1,False,Laravel-11,PHP-8.2__Laravel-11,Single constraint,PHPUnit,2025
P2340,JaiveerChavda/blog,https://github.com/JaiveerChavda/blog,master,,,,2023-09-30T17:49:17Z,2025-05-18T15:05:55Z,2025-05-18T15:05:51Z,446.0,False,False,False,Confirmed Laravel Application,True,True,True,True,True,True,True,2025-05-18T15:05:51+00:00,True,True,phpunit.xml,True,True,False,,^8.3,^12.0,False,False,,False,True,Eligible,2026-09-11T14:39:12.379366+00:00,8.3.0,8.3.0,1,False,PHP-8.3,12.0.0,12.0.0,1,False,Laravel-12,PHP-8.3__Laravel-12,Single constraint,PHPUnit,2025
P2345,KienCuongSoftware/Booking,https://github.com/KienCuongSoftware/Booking,main,,,NOASSERTION,2026-04-01T03:30:54Z,2026-07-24T16:38:29Z,2026-04-20T17:01:32Z,667.0,False,False,False,Confirmed Laravel Application,True,True,True,True,True,True,True,2026-04-20T17:01:32+00:00,True,True,phpunit.xml,True,True,True,"test: ['@php artisan config:clear --ansi', '@php artisan test']",^8.2,^12.0,False,False,,False,True,Eligible,2026-09-11T14:39:24.040863+00:00,8.2.0,8.2.0,1,False,PHP-8.2,12.0.0,12.0.0,1,False,Laravel-12,PHP-8.2__Laravel-12,Single constraint,PHPUnit + Composer test,2026
P2351,alphonsekazadi/techstack-tracker,https://github.com/alphonsekazadi/techstack-tracker,main,,,MIT,2026-02-23T08:01:34Z,2026-08-15T11:58:06Z,2026-03-19T06:30:59Z,240.0,False,False,False,Confirmed Laravel Application,True,True,True,True,True,True,True,2026-03-19T06:30:59+00:00,True,True,phpunit.xml,True,True,True,"test: ['@php artisan config:clear --ansi', '@php artisan test']",^8.2,^12.0,False,False,,False,True,Eligible,2026-09-11T14:39:29.770258+00:00,8.2.0,8.2.0,1,False,PHP-8.2,12.0.0,12.0.0,1,False,Laravel-12,PHP-8.2__Laravel-12,Single constraint,PHPUnit + Composer test,2026
P2374,lauroguedes/mary-ui-starter-kit,https://github.com/lauroguedes/mary-ui-starter-kit,main,,,MIT,2025-06-10T20:40:13Z,2026-08-19T20:01:59Z,2026-08-19T20:00:41Z,981.0,False,False,False,Confirmed Laravel Application,True,True,True,True,True,True,True,2026-08-19T20:00:41+00:00,True,True,phpunit.xml,True,True,True,"test: ['@php artisan config:clear --ansi', '@php vendor/bin/pest --parallel'] | test:tia: ['@php artisan config:clear --ansi', '@php vendor/bin/pest --parallel --tia'] | test:coverage: ['@php artisan config:clear --ansi', '@php vendor/bin/pest --parallel --coverage --min=80'] | test:shards: ['@php vendor/bin/pest --update-shards']",^8.4,^13.0,False,False,,False,True,Eligible,2026-09-11T14:39:47.087401+00:00,8.4.0,8.4.0,1,False,PHP-8.4,13.0.0,13.0.0,1,False,Laravel-13,PHP-8.4__Laravel-13,Single constraint,PHPUnit + Composer test,2026
P2380,eventschedule/eventschedule,https://github.com/eventschedule/eventschedule,main,,,NOASSERTION,2024-07-13T18:18:22Z,2026-09-10T17:30:01Z,2026-09-10T17:29:57Z,427579.0,False,False,False,Confirmed Laravel Application,True,True,True,True,True,True,True,2026-09-10T17:29:57+00:00,True,True,phpunit.xml,True,True,False,,^8.2,^11.9,False,False,,False,True,Eligible,2026-09-11T14:39:50.965011+00:00,8.2.0,8.2.0,1,False,PHP-8.2,11.9.0,11.9.0,1,False,Laravel-11,PHP-8.2__Laravel-11,Single constraint,PHPUnit,2026
P2403,Grasss420/GsWeb,https://github.com/Grasss420/GsWeb,master,,,NOASSERTION,2024-03-18T04:28:55Z,2026-06-08T23:00:05Z,2026-04-14T17:51:24Z,1034.0,False,False,False,Confirmed Laravel Application,True,True,True,True,True,True,True,2026-04-14T17:51:24+00:00,True,True,phpunit.xml,True,True,False,,^8.0.30,^9.19,False,False,,False,True,Eligible,2026-09-11T14:40:04.529743+00:00,8.0.30,8.0.30,1,False,PHP-8.0,9.19.0,9.19.0,1,False,Laravel-9,PHP-8.0__Laravel-9,Single constraint,PHPUnit,2026
P2405,gacela-project/laravel-gacela-example,https://github.com/gacela-project/laravel-gacela-example,main,,,,2021-04-04T11:40:59Z,2026-08-17T20:53:30Z,2026-08-17T20:49:27Z,665.0,False,False,False,Confirmed Laravel Application,True,True,True,True,True,True,True,2026-08-17T20:49:27+00:00,True,True,phpunit.xml,True,True,True,"test: ['@test-unit', '@test-feature'] | test-unit: XDEBUG_MODE=off ./vendor/bin/phpunit --testsuite=unit | test-feature: XDEBUG_MODE=off ./vendor/bin/phpunit --testsuite=feature | pint-test: ./vendor/bin/pint --test",^8.3,^12.0,False,False,,False,True,Eligible,2026-09-11T14:40:08.293035+00:00,8.3.0,8.3.0,1,False,PHP-8.3,12.0.0,12.0.0,1,False,Laravel-12,PHP-8.3__Laravel-12,Single constraint,PHPUnit + Composer test,2026
P2422,eddy8/LightCMS,https://github.com/eddy8/LightCMS,13.x,,,Apache-2.0,2019-03-13T13:42:58Z,2026-08-20T01:55:05Z,2026-05-08T01:42:32Z,9502.0,False,False,False,Confirmed Laravel Application,True,True,True,True,True,True,True,2026-05-08T01:42:32+00:00,True,True,phpunit.xml,True,False,False,,^8.3,^13.0,False,False,,False,True,Eligible,2026-09-11T14:40:29.331241+00:00,8.3.0,8.3.0,1,False,PHP-8.3,13.0.0,13.0.0,1,False,Laravel-13,PHP-8.3__Laravel-13,Single constraint,PHPUnit,2026
P2443,javdome/unstyled-react-jsx-starter-kit,https://github.com/javdome/unstyled-react-jsx-starter-kit,master,,,,2025-04-23T05:55:01Z,2025-06-04T17:47:38Z,2025-04-23T06:10:55Z,152.0,False,False,False,Confirmed Laravel Application,True,True,True,True,True,True,True,2025-04-23T06:10:55+00:00,True,True,phpunit.xml,True,False,True,"test: ['@php artisan config:clear --ansi', '@php artisan test']",^8.2,^12.0,False,False,,False,True,Eligible,2026-09-11T14:40:37.925202+00:00,8.2.0,8.2.0,1,False,PHP-8.2,12.0.0,12.0.0,1,False,Laravel-12,PHP-8.2__Laravel-12,Single constraint,PHPUnit + Composer test,2025
P2446,alaa-nabawy/laravel-solid-api,https://github.com/alaa-nabawy/laravel-solid-api,main,,,MIT,2025-07-28T10:38:23Z,2026-08-02T00:12:13Z,2025-08-20T22:03:58Z,750.0,False,False,False,Confirmed Laravel Application,True,True,True,True,True,True,True,2025-08-20T22:03:58+00:00,True,True,phpunit.xml,True,True,True,"test: ['@php artisan config:clear --ansi', '@php artisan test']",^8.2,^12.0,False,False,,False,True,Eligible,2026-09-11T14:40:47.743489+00:00,8.2.0,8.2.0,1,False,PHP-8.2,12.0.0,12.0.0,1,False,Laravel-12,PHP-8.2__Laravel-12,Single constraint,PHPUnit + Composer test,2025
P2447,alleyinteractive/link-sharing,https://github.com/alleyinteractive/link-sharing,production,,,,2023-05-19T17:06:35Z,2026-06-30T02:31:10Z,2026-06-30T02:31:07Z,381.0,False,False,False,Confirmed Laravel Application,True,True,True,True,True,True,True,2026-06-30T02:31:07+00:00,True,True,phpunit.xml,True,True,True,test: php artisan test,^8.4,^12.0,False,False,,False,True,Eligible,2026-09-11T14:40:51.352220+00:00,8.4.0,8.4.0,1,False,PHP-8.4,12.0.0,12.0.0,1,False,Laravel-12,PHP-8.4__Laravel-12,Single constraint,PHPUnit + Composer test,2026
P2461,davidnavarrom/Bolsa-de-Empleo,https://github.com/davidnavarrom/Bolsa-de-Empleo,master,,,MIT,2019-11-20T22:04:20Z,2025-09-12T11:52:55Z,2025-09-12T11:50:09Z,8166.0,False,False,False,Confirmed Laravel Application,True,True,True,True,True,True,True,2025-09-12T11:50:09+00:00,True,True,phpunit.xml,True,True,False,,^7.2,^6.2,False,False,,False,True,Eligible,2026-09-11T14:40:55.158652+00:00,7.2.0,7.2.0,1,False,PHP-7.2,6.2.0,6.2.0,1,False,Laravel-6,PHP-7.2__Laravel-6,Single constraint,PHPUnit,2025
P2491,ekomh170/hris-backend-laravel-sib,https://github.com/ekomh170/hris-backend-laravel-sib,master,,,,2025-11-04T00:49:18Z,2026-01-10T18:23:44Z,2026-01-10T18:23:40Z,348.0,False,False,False,Confirmed Laravel Application,True,True,True,True,True,True,True,2026-01-10T18:23:40+00:00,True,True,phpunit.xml,True,True,True,"test: ['@php artisan config:clear --ansi', '@php artisan test']",^8.2,^12.0,False,False,,False,True,Eligible,2026-09-11T14:41:20.719108+00:00,8.2.0,8.2.0,1,False,PHP-8.2,12.0.0,12.0.0,1,False,Laravel-12,PHP-8.2__Laravel-12,Single constraint,PHPUnit + Composer test,2026
P2502,ayoubhayda/FileMaster,https://github.com/ayoubhayda/FileMaster,master,,,,2023-06-16T00:21:14Z,2025-07-27T12:48:49Z,2025-07-27T12:48:46Z,2461.0,False,False,False,Confirmed Laravel Application,True,True,True,True,True,True,True,2025-07-27T12:48:46+00:00,True,True,phpunit.xml,True,True,False,,^8.1,^10.10,False,False,,False,True,Eligible,2026-09-11T14:41:32.154960+00:00,8.1.0,8.1.0,1,False,PHP-8.1,10.10.0,10.10.0,1,False,Laravel-10,PHP-8.1__Laravel-10,Single constraint,PHPUnit,2025
P2504,Orlando-Villanueva/delight,https://github.com/Orlando-Villanueva/delight,main,,,GPL-3.0,2025-05-12T11:43:26Z,2026-09-08T13:20:06Z,2026-09-10T13:29:52Z,24279.0,False,False,False,Confirmed Laravel Application,True,True,True,True,True,True,True,2026-09-10T13:29:52+00:00,True,True,phpunit.xml,True,True,True,"test: ['@php artisan config:clear --ansi', '@php artisan test']",^8.4,^12.0,False,False,,False,True,Eligible,2026-09-11T14:41:35.303388+00:00,8.4.0,8.4.0,1,False,PHP-8.4,12.0.0,12.0.0,1,False,Laravel-12,PHP-8.4__Laravel-12,Single constraint,PHPUnit + Composer test,2026
P2524,Ercogx/laravel-filament-starter-kit,https://github.com/Ercogx/laravel-filament-starter-kit,main,,,MIT,2025-03-13T21:54:10Z,2026-09-07T11:37:29Z,2026-09-07T11:37:13Z,16147.0,False,False,False,Confirmed Laravel Application,True,True,True,True,True,True,True,2026-09-07T11:37:13+00:00,True,True,phpunit.xml,True,True,False,,^8.3,^13.0,False,False,,False,True,Eligible,2026-09-11T14:41:53.857774+00:00,8.3.0,8.3.0,1,False,PHP-8.3,13.0.0,13.0.0,1,False,Laravel-13,PHP-8.3__Laravel-13,Single constraint,PHPUnit,2026
P2525,projectcitybuild/web,https://github.com/projectcitybuild/web,main,,,MPL-2.0,2017-01-19T07:10:30Z,2026-06-29T11:29:02Z,2026-06-29T11:28:59Z,64095.0,False,False,False,Confirmed Laravel Application,True,True,True,True,True,True,True,2026-06-29T11:28:59+00:00,True,True,phpunit.xml,True,True,False,,^8.4,^11.0,False,False,,False,True,Eligible,2026-09-11T14:41:58.252097+00:00,8.4.0,8.4.0,1,False,PHP-8.4,11.0.0,11.0.0,1,False,Laravel-11,PHP-8.4__Laravel-11,Single constraint,PHPUnit,2026
P2533,aniftyco/laravel,https://github.com/aniftyco/laravel,master,,,MIT,2024-11-12T18:29:07Z,2026-05-08T18:12:05Z,2026-05-08T18:12:01Z,614.0,False,False,False,Confirmed Laravel Application,True,True,True,True,True,True,True,2026-05-08T18:12:01+00:00,True,True,phpunit.xml,True,True,True,"test: ['@php artisan config:clear --ansi', '@php artisan test']",^8.5,^13.7,False,False,,False,True,Eligible,2026-09-11T14:42:15.327036+00:00,8.5.0,8.5.0,1,False,PHP-8.5,13.7.0,13.7.0,1,False,Laravel-13,PHP-8.5__Laravel-13,Single constraint,PHPUnit + Composer test,2026
P2549,kkamara/php-scraper,https://github.com/kkamara/php-scraper,main,,,BSD-3-Clause,2022-10-24T18:19:05Z,2026-09-08T15:27:55Z,2026-09-08T15:16:09Z,22480.0,False,False,False,Confirmed Laravel Application,True,True,True,True,True,True,True,2026-09-08T15:16:09+00:00,True,True,phpunit.xml,True,True,True,"test: ['@php artisan config:clear --ansi', '@php artisan test']",^8.3,^13.0,False,False,,False,True,Eligible,2026-09-11T14:42:19.172940+00:00,8.3.0,8.3.0,1,False,PHP-8.3,13.0.0,13.0.0,1,False,Laravel-13,PHP-8.3__Laravel-13,Single constraint,PHPUnit + Composer test,2026
P2551,YoKYa/SPPD,https://github.com/YoKYa/SPPD,master,,,,2020-06-30T02:32:56Z,2025-12-24T15:16:08Z,2025-11-09T07:05:10Z,7892.0,False,False,False,Confirmed Laravel Application,True,True,True,True,True,True,True,2025-11-09T07:05:10+00:00,True,True,phpunit.xml,True,True,False,,^7.2.5,^7.0,False,False,,False,True,Eligible,2026-09-11T14:42:26.820004+00:00,7.2.5,7.2.5,1,False,PHP-7.2,7.0.0,7.0.0,1,False,Laravel-7,PHP-7.2__Laravel-7,Single constraint,PHPUnit,2025
P2554,rawilk/randallwilk.dev,https://github.com/rawilk/randallwilk.dev,develop,,,,2018-12-08T15:48:59Z,2026-07-04T03:40:40Z,2026-09-01T01:43:36Z,76693.0,False,False,False,Confirmed Laravel Application,True,True,True,True,True,True,True,2026-09-01T01:43:36+00:00,True,True,phpunit.xml,True,True,True,test: vendor/bin/pest -p,^8.5,^13.0,False,False,,False,True,Eligible,2026-09-11T14:42:31.777527+00:00,8.5.0,8.5.0,1,False,PHP-8.5,13.0.0,13.0.0,1,False,Laravel-13,PHP-8.5__Laravel-13,Single constraint,PHPUnit + Composer test,2026
P2563,mrizkimaulidan/inven-bs,https://github.com/mrizkimaulidan/inven-bs,main,,,,2020-07-12T07:03:33Z,2026-08-18T01:37:57Z,2026-09-07T15:08:18Z,35348.0,False,False,False,Confirmed Laravel Application,True,True,True,True,True,True,True,2026-09-07T15:08:18+00:00,True,True,phpunit.xml,True,True,False,,^8.1,^10.10,False,False,,False,True,Eligible,2026-09-11T14:42:37.178458+00:00,8.1.0,8.1.0,1,False,PHP-8.1,10.10.0,10.10.0,1,False,Laravel-10,PHP-8.1__Laravel-10,Single constraint,PHPUnit,2026
P2575,felipeArnold/filament-multi-tenancy-start-kit,https://github.com/felipeArnold/filament-multi-tenancy-start-kit,main,,,,2024-05-18T20:46:00Z,2026-08-25T00:14:52Z,2025-04-25T17:04:22Z,7533.0,False,False,False,Confirmed Laravel Application,True,True,True,True,True,True,True,2025-04-25T17:04:22+00:00,True,True,phpunit.xml,True,True,False,,^8.2,^11.0,False,False,,False,True,Eligible,2026-09-11T14:42:49.757370+00:00,8.2.0,8.2.0,1,False,PHP-8.2,11.0.0,11.0.0,1,False,Laravel-11,PHP-8.2__Laravel-11,Single constraint,PHPUnit,2025
P2582,omimouni/habit-tracker,https://github.com/omimouni/habit-tracker,main,,,,2025-01-19T14:28:58Z,2025-10-02T22:24:14Z,2025-01-19T18:28:11Z,815.0,False,False,False,Confirmed Laravel Application,True,True,True,True,True,True,True,2025-01-19T18:28:11+00:00,True,True,phpunit.xml,True,True,False,,^8.2,^11.31,False,False,,False,True,Eligible,2026-09-11T14:42:58.698067+00:00,8.2.0,8.2.0,1,False,PHP-8.2,11.31.0,11.31.0,1,False,Laravel-11,PHP-8.2__Laravel-11,Single constraint,PHPUnit,2025
P2585,AromalShaji/dompdf-watermark,https://github.com/AromalShaji/dompdf-watermark,main,,,,2024-11-27T05:18:38Z,2025-10-16T09:26:42Z,2025-09-11T09:57:07Z,290.0,False,False,False,Confirmed Laravel Application,True,True,True,True,True,True,True,2025-09-11T09:57:07+00:00,True,True,phpunit.xml,True,True,False,,^8.2,^11.31,False,False,,False,True,Eligible,2026-09-11T14:43:02.759513+00:00,8.2.0,8.2.0,1,False,PHP-8.2,11.31.0,11.31.0,1,False,Laravel-11,PHP-8.2__Laravel-11,Single constraint,PHPUnit,2025
P2587,init-engineer/init.engineer,https://github.com/init-engineer/init.engineer,main,,,MIT,2019-10-31T14:02:40Z,2026-08-14T08:49:46Z,2025-11-05T19:01:07Z,198906.0,False,False,False,Confirmed Laravel Application,True,True,True,True,True,True,True,2025-11-05T19:01:07+00:00,True,True,phpunit.xml,True,True,True,test: @php artisan test --parallel | test-coverage: vendor/bin/phpunit --coverage-html coverage,^7.4|^8.0,^8.54,False,False,,False,True,Eligible,2026-09-11T14:43:07.235373+00:00,7.4.0,8.0.0,2,True,"PHP-Multi[7.4,8.0]",8.54.0,8.54.0,1,False,Laravel-8,"PHP-Multi[7.4,8.0]__Laravel-8",Multi-PHP,PHPUnit + Composer test,2025
P2598,galangam/RestFul-API-Laravel10,https://github.com/galangam/RestFul-API-Laravel10,main,,,,2026-01-28T03:24:08Z,2026-09-08T15:04:39Z,2026-02-06T11:30:05Z,95.0,False,False,False,Confirmed Laravel Application,True,True,True,True,True,True,True,2026-02-06T11:30:05+00:00,True,True,phpunit.xml,True,True,False,,^8.1,^10.10,False,False,,False,True,Eligible,2026-09-11T14:43:11.583558+00:00,8.1.0,8.1.0,1,False,PHP-8.1,10.10.0,10.10.0,1,False,Laravel-10,PHP-8.1__Laravel-10,Single constraint,PHPUnit,2026
P2603,codeeu/codeweek,https://github.com/codeeu/codeweek,master,,,MIT,2018-09-19T06:27:13Z,2026-09-03T09:22:41Z,2026-09-03T09:33:01Z,965900.0,False,False,False,Confirmed Laravel Application,True,True,True,True,True,True,True,2026-09-03T09:33:01+00:00,True,True,phpunit.xml,True,True,False,,^8.2,^11.5,False,False,,False,True,Eligible,2026-09-11T14:43:15.973618+00:00,8.2.0,8.2.0,1,False,PHP-8.2,11.5.0,11.5.0,1,False,Laravel-11,PHP-8.2__Laravel-11,Single constraint,PHPUnit,2026
P2607,philiprehberger/almanac,https://github.com/philiprehberger/almanac,main,,,,2026-06-12T20:12:35Z,2026-08-22T22:00:06Z,2026-08-22T21:59:34Z,1786.0,False,False,False,Confirmed Laravel Application,True,True,True,True,True,True,True,2026-08-22T21:59:34+00:00,True,True,phpunit.xml,True,True,True,"test: ['@php artisan config:clear --ansi', '@php artisan test']",^8.3,^13.8,False,False,,False,True,Eligible,2026-09-11T14:43:19.193700+00:00,8.3.0,8.3.0,1,False,PHP-8.3,13.8.0,13.8.0,1,False,Laravel-13,PHP-8.3__Laravel-13,Single constraint,PHPUnit + Composer test,2026
P2613,lara-zeus/zeus,https://github.com/lara-zeus/zeus,main,,,,2023-06-15T10:27:49Z,2026-08-31T09:44:46Z,2026-04-24T23:42:39Z,18155.0,False,False,False,Confirmed Laravel Application,True,True,True,True,True,True,True,2026-04-24T23:42:39+00:00,True,True,phpunit.xml,True,True,True,"test: ['@php artisan config:clear --ansi', '@php artisan test']",^8.3,^13.6,False,False,,False,True,Eligible,2026-09-11T14:43:28.476546+00:00,8.3.0,8.3.0,1,False,PHP-8.3,13.6.0,13.6.0,1,False,Laravel-13,PHP-8.3__Laravel-13,Single constraint,PHPUnit + Composer test,2026
P2632,Hasnayeen/invobook,https://github.com/Hasnayeen/invobook,main,,,MIT,2017-02-13T21:26:34Z,2026-09-05T06:38:46Z,2025-11-12T22:28:22Z,3337.0,False,False,False,Confirmed Laravel Application,True,True,True,True,True,True,True,2025-11-12T22:28:22+00:00,True,True,phpunit.xml,True,True,False,,^8.2,^11.0,False,False,,False,True,Eligible,2026-09-11T14:43:33.126828+00:00,8.2.0,8.2.0,1,False,PHP-8.2,11.0.0,11.0.0,1,False,Laravel-11,PHP-8.2__Laravel-11,Single constraint,PHPUnit,2025
P2633,Yurich84/laravel-vue3-spa,https://github.com/Yurich84/laravel-vue3-spa,main,,,MIT,2022-12-29T21:55:00Z,2026-06-16T19:11:22Z,2026-06-16T19:10:46Z,591.0,False,False,False,Confirmed Laravel Application,True,True,True,True,True,True,True,2026-06-16T19:10:46+00:00,True,True,phpunit.xml,True,True,True,"test:lint: ['pint --parallel --test', 'rector --dry-run', 'bun run lint'] | test:unit: pest --parallel | test: ['@test:lint', '@test:unit']",^8.5,^v13.4,False,False,,False,True,Eligible,2026-09-11T14:43:37.270805+00:00,8.5.0,8.5.0,1,False,PHP-8.5,13.4.0,13.4.0,1,False,Laravel-13,PHP-8.5__Laravel-13,Single constraint,PHPUnit + Composer test,2026
P2649,clistion/IBGE-FoodAPI,https://github.com/clistion/IBGE-FoodAPI,main,,,,2022-04-28T01:42:28Z,2026-07-17T16:05:45Z,2026-07-17T16:04:42Z,412.0,False,False,False,Confirmed Laravel Application,True,True,True,True,True,True,True,2026-07-17T16:04:42+00:00,True,True,phpunit.xml,True,True,False,,^8.2.0,^12.0,False,False,,False,True,Eligible,2026-09-11T14:43:50.451426+00:00,8.2.0,8.2.0,1,False,PHP-8.2,12.0.0,12.0.0,1,False,Laravel-12,PHP-8.2__Laravel-12,Single constraint,PHPUnit,2026
P2661,svareX/linker,https://github.com/svareX/linker,main,,,,2023-07-13T09:19:25Z,2026-05-15T00:45:30Z,2026-03-24T09:58:28Z,175.0,False,False,False,Confirmed Laravel Application,True,True,True,True,True,True,True,2026-03-24T09:58:28+00:00,True,True,phpunit.xml,True,True,False,,^8.1,^10.10,False,False,,False,True,Eligible,2026-09-11T14:43:57.957915+00:00,8.1.0,8.1.0,1,False,PHP-8.1,10.10.0,10.10.0,1,False,Laravel-10,PHP-8.1__Laravel-10,Single constraint,PHPUnit,2026
P2678,tnandla/portfolio-os,https://github.com/tnandla/portfolio-os,main,,,NOASSERTION,2026-08-05T21:16:14Z,2026-08-31T13:38:06Z,2026-08-08T19:21:32Z,4776.0,False,False,False,Confirmed Laravel Application,True,True,True,True,True,True,True,2026-08-08T19:21:32+00:00,True,True,phpunit.xml,True,True,True,"test: ['@php artisan config:clear --ansi @no_additional_args', '@php artisan test']",^8.3,^13.8,False,False,,False,True,Eligible,2026-09-11T14:44:01.667855+00:00,8.3.0,8.3.0,1,False,PHP-8.3,13.8.0,13.8.0,1,False,Laravel-13,PHP-8.3__Laravel-13,Single constraint,PHPUnit + Composer test,2026
P2682,alnahian2003/kleon,https://github.com/alnahian2003/kleon,master,,,,2023-04-01T16:03:10Z,2026-05-04T07:11:45Z,2026-05-04T07:11:47Z,2255.0,False,False,False,Confirmed Laravel Application,True,True,True,True,True,True,True,2026-05-04T07:11:47+00:00,True,True,phpunit.xml,True,True,False,,^8.1,^10.0,False,False,,False,True,Eligible,2026-09-11T14:44:05.720116+00:00,8.1.0,8.1.0,1,False,PHP-8.1,10.0.0,10.0.0,1,False,Laravel-10,PHP-8.1__Laravel-10,Single constraint,PHPUnit,2026
P2684,andrewthong/covid19tracker-api,https://github.com/andrewthong/covid19tracker-api,master,,,MIT,2020-04-10T18:05:53Z,2026-05-02T19:31:51Z,2026-04-16T05:56:38Z,3199.0,False,False,False,Confirmed Laravel Application,True,True,True,True,True,True,True,2026-04-16T05:56:38+00:00,True,True,phpunit.xml,True,True,False,,^7.3,^8.0,False,False,,False,True,Eligible,2026-09-11T14:44:10.319287+00:00,7.3.0,7.3.0,1,False,PHP-7.3,8.0.0,8.0.0,1,False,Laravel-8,PHP-7.3__Laravel-8,Single constraint,PHPUnit,2026
P2696,AureliusIvan/wpm-demo,https://github.com/AureliusIvan/wpm-demo,main,,,,2023-11-11T07:35:04Z,2024-09-25T17:07:29Z,2026-09-09T20:38:47Z,261.0,False,False,False,Confirmed Laravel Application,True,True,True,True,True,True,True,2026-09-09T20:38:47+00:00,True,True,phpunit.xml,True,True,False,,^8.1,^10.10,False,False,,False,True,Eligible,2026-09-11T14:44:18.186114+00:00,8.1.0,8.1.0,1,False,PHP-8.1,10.10.0,10.10.0,1,False,Laravel-10,PHP-8.1__Laravel-10,Single constraint,PHPUnit,2026
P2707,librebill/librebill,https://github.com/librebill/librebill,main,,,GPL-3.0,2025-05-17T13:09:06Z,2025-12-28T23:52:21Z,2025-05-20T14:19:37Z,1486.0,False,False,False,Confirmed Laravel Application,True,True,True,True,True,True,True,2025-05-20T14:19:37+00:00,True,True,phpunit.xml,True,True,True,"test: ['@php artisan config:clear --ansi', '@php artisan test']",^8.2,^12.0,False,False,,False,True,Eligible,2026-09-11T14:44:27.362433+00:00,8.2.0,8.2.0,1,False,PHP-8.2,12.0.0,12.0.0,1,False,Laravel-12,PHP-8.2__Laravel-12,Single constraint,PHPUnit + Composer test,2025
P2729,souparnadey/eCommerce-website-in-Laravel-12,https://github.com/souparnadey/eCommerce-website-in-Laravel-12,main,,,MIT,2026-06-15T18:12:58Z,2026-06-19T15:28:17Z,2026-06-17T14:10:31Z,105844.0,False,False,False,Confirmed Laravel Application,True,True,True,True,True,True,True,2026-06-17T14:10:31+00:00,True,True,phpunit.xml,True,True,True,"test: ['@php artisan config:clear --ansi', '@php artisan test']",^8.2,^12.0,False,False,,False,True,Eligible,2026-09-11T14:44:44.896136+00:00,8.2.0,8.2.0,1,False,PHP-8.2,12.0.0,12.0.0,1,False,Laravel-12,PHP-8.2__Laravel-12,Single constraint,PHPUnit + Composer test,2026
P2738,BaseMax/CruiseLaravelGraphQL,https://github.com/BaseMax/CruiseLaravelGraphQL,main,,,GPL-3.0,2023-08-18T22:09:37Z,2026-07-21T18:47:36Z,2026-09-01T22:00:27Z,3487.0,False,False,False,Confirmed Laravel Application,True,True,True,True,True,True,True,2026-09-01T22:00:27+00:00,True,True,phpunit.xml,True,True,False,,^8.1,^10.10,False,False,,False,True,Eligible,2026-09-11T14:44:52.610337+00:00,8.1.0,8.1.0,1,False,PHP-8.1,10.10.0,10.10.0,1,False,Laravel-10,PHP-8.1__Laravel-10,Single constraint,PHPUnit,2026
P2746,dspangenberg/opsc,https://github.com/dspangenberg/opsc,main,,,EUPL-1.2,2025-03-03T14:49:12Z,2026-08-30T09:31:37Z,2026-08-30T10:00:11Z,31469.0,False,False,False,Confirmed Laravel Application,True,True,True,True,True,True,True,2026-08-30T10:00:11+00:00,True,True,phpunit.xml,True,True,False,,^8.5,^13.0,False,False,,False,True,Eligible,2026-09-11T14:44:57.008040+00:00,8.5.0,8.5.0,1,False,PHP-8.5,13.0.0,13.0.0,1,False,Laravel-13,PHP-8.5__Laravel-13,Single constraint,PHPUnit,2026
P2752,inertiajs/pingcrm,https://github.com/inertiajs/pingcrm,master,,,MIT,2019-03-05T21:10:15Z,2026-09-09T04:51:42Z,2025-02-06T12:50:38Z,2364.0,False,False,False,Confirmed Laravel Application,True,True,True,True,True,True,True,2025-02-06T12:50:38+00:00,True,True,phpunit.xml,True,True,False,,^8.2,^11.1,False,False,,False,True,Eligible,2026-09-11T14:45:00.821737+00:00,8.2.0,8.2.0,1,False,PHP-8.2,11.1.0,11.1.0,1,False,Laravel-11,PHP-8.2__Laravel-11,Single constraint,PHPUnit,2025
P2767,josephgodwinkimani/laravel-multi-tenant-saas-boilerplate,https://github.com/josephgodwinkimani/laravel-multi-tenant-saas-boilerplate,main,,,,2024-04-10T14:12:31Z,2026-08-26T02:06:37Z,2025-01-27T17:54:58Z,522.0,False,False,False,Confirmed Laravel Application,True,True,True,True,True,True,True,2025-01-27T17:54:58+00:00,True,True,phpunit.xml,True,True,False,,^8.1,^10.10,False,False,,False,True,Eligible,2026-09-11T14:45:04.958821+00:00,8.1.0,8.1.0,1,False,PHP-8.1,10.10.0,10.10.0,1,False,Laravel-10,PHP-8.1__Laravel-10,Single constraint,PHPUnit,2025
P2777,boolfalse/laravel-reverb-react-chat,https://github.com/boolfalse/laravel-reverb-react-chat,master,,,,2024-03-12T17:52:16Z,2026-06-12T13:18:27Z,2025-05-28T22:21:37Z,110.0,False,False,False,Confirmed Laravel Application,True,True,True,True,True,True,True,2025-05-28T22:21:37+00:00,True,True,phpunit.xml,True,True,False,,^8.2,^11.0,False,False,,False,True,Eligible,2026-09-11T14:45:22.126002+00:00,8.2.0,8.2.0,1,False,PHP-8.2,11.0.0,11.0.0,1,False,Laravel-11,PHP-8.2__Laravel-11,Single constraint,PHPUnit,2025
P2778,aimanyusufw/laravel-article-website,https://github.com/aimanyusufw/laravel-article-website,main,,,,2024-06-04T16:32:54Z,2025-06-10T08:36:17Z,2025-06-10T08:36:13Z,10769.0,False,False,False,Confirmed Laravel Application,True,True,True,True,True,True,True,2025-06-10T08:36:13+00:00,True,True,phpunit.xml,True,True,False,,^8.2,^11.9,False,False,,False,True,Eligible,2026-09-11T14:45:25.995499+00:00,8.2.0,8.2.0,1,False,PHP-8.2,11.9.0,11.9.0,1,False,Laravel-11,PHP-8.2__Laravel-11,Single constraint,PHPUnit,2025
P2781,Inikoo-Ltd/aiku,https://github.com/Inikoo-Ltd/aiku,main,,,AGPL-3.0,2022-08-09T09:07:57Z,2026-09-10T16:50:15Z,2026-09-10T16:55:38Z,284655.0,False,False,False,Confirmed Laravel Application,True,True,True,True,True,True,True,2026-09-10T16:55:38+00:00,True,True,phpunit.xml,True,True,False,,^8.4,^13.0,False,False,,False,True,Eligible,2026-09-11T14:45:31.293794+00:00,8.4.0,8.4.0,1,False,PHP-8.4,13.0.0,13.0.0,1,False,Laravel-13,PHP-8.4__Laravel-13,Single constraint,PHPUnit,2026
P2797,riteshsingh1/laravel-starter,https://github.com/riteshsingh1/laravel-starter,master,,,,2018-07-16T07:31:46Z,2026-08-10T22:02:24Z,2026-08-10T22:02:09Z,2200.0,False,False,False,Confirmed Laravel Application,True,True,True,True,True,True,True,2026-08-10T22:02:09+00:00,True,True,phpunit.xml,True,True,False,,^7.1.3,5.6.*,False,False,,False,True,Eligible,2026-09-11T14:45:40.370439+00:00,7.1.3,7.1.3,1,False,PHP-7.1,5.6.0,5.6.0,1,False,Laravel-5,PHP-7.1__Laravel-5,Single constraint,PHPUnit,2026
P2800,jrmajor/bajki-muza,https://github.com/jrmajor/bajki-muza,develop,,,,2019-08-26T04:59:12Z,2026-07-15T19:37:51Z,2026-07-15T19:37:47Z,9538.0,False,False,False,Confirmed Laravel Application,True,True,True,True,True,True,True,2026-07-15T19:37:47+00:00,True,True,phpunit.xml,True,True,True,test: @php artisan test --parallel,~8.4.0,^13.19,False,False,,False,True,Eligible,2026-09-11T14:45:44.902925+00:00,8.4.0,8.4.0,1,False,PHP-8.4,13.19.0,13.19.0,1,False,Laravel-13,PHP-8.4__Laravel-13,Single constraint,PHPUnit + Composer test,2026
P2802,MGeurts/camera,https://github.com/MGeurts/camera,main,,,MIT,2026-03-28T14:57:17Z,2026-06-16T16:03:18Z,2026-04-08T16:36:04Z,3636.0,False,False,False,Confirmed Laravel Application,True,True,True,True,True,True,True,2026-04-08T16:36:04+00:00,True,True,phpunit.xml,True,True,True,"test: ['@php artisan config:clear --ansi', '@lint:check', '@php artisan test']",^8.3,^13.3,False,False,,False,True,Eligible,2026-09-11T14:45:48.748253+00:00,8.3.0,8.3.0,1,False,PHP-8.3,13.3.0,13.3.0,1,False,Laravel-13,PHP-8.3__Laravel-13,Single constraint,PHPUnit + Composer test,2026
P2804,PappaMYST/the-emplorix,https://github.com/PappaMYST/the-emplorix,main,,,,2025-04-17T16:01:11Z,2025-04-23T12:03:59Z,2025-04-17T16:02:48Z,168.0,False,False,False,Confirmed Laravel Application,True,True,True,True,True,True,True,2025-04-17T16:02:48+00:00,True,True,phpunit.xml,True,True,False,,^8.2,^12.0,False,False,,False,True,Eligible,2026-09-11T14:45:52.739821+00:00,8.2.0,8.2.0,1,False,PHP-8.2,12.0.0,12.0.0,1,False,Laravel-12,PHP-8.2__Laravel-12,Single constraint,PHPUnit,2025
P2813,XadrezSuico/XadrezSuico,https://github.com/XadrezSuico/XadrezSuico,master,,,GPL-3.0,2019-07-21T08:02:53Z,2025-08-08T15:06:41Z,2026-09-06T13:36:18Z,61953.0,False,False,False,Confirmed Laravel Application,True,True,True,True,True,True,True,2026-09-06T13:36:18+00:00,True,True,phpunit.xml,True,True,False,,^7.1.3,6.20.44,False,False,,False,True,Eligible,2026-09-11T14:45:56.547144+00:00,7.1.3,7.1.3,1,False,PHP-7.1,6.20.44,6.20.44,1,False,Laravel-6,PHP-7.1__Laravel-6,Single constraint,PHPUnit,2026
P2815,sanmaxdev/linkforge,https://github.com/sanmaxdev/linkforge,main,,,MIT,2026-06-15T18:50:28Z,2026-08-31T14:06:17Z,2026-08-21T12:05:35Z,7908.0,False,False,False,Confirmed Laravel Application,True,True,True,True,True,True,True,2026-08-21T12:05:35+00:00,True,True,phpunit.xml,True,True,False,,^8.2,^12.0,False,False,,False,True,Eligible,2026-09-11T14:46:00.976934+00:00,8.2.0,8.2.0,1,False,PHP-8.2,12.0.0,12.0.0,1,False,Laravel-12,PHP-8.2__Laravel-12,Single constraint,PHPUnit,2026
P2816,taiyeoguns/laravel-saml-sp-demo,https://github.com/taiyeoguns/laravel-saml-sp-demo,master,,,,2017-03-18T17:55:05Z,2024-11-25T15:34:32Z,2025-12-09T17:24:57Z,245.0,False,False,False,Confirmed Laravel Application,True,True,True,True,True,True,True,2025-12-09T17:24:57+00:00,True,True,phpunit.xml,True,True,False,,>=5.6.4,5.4.*,False,False,,False,True,Eligible,2026-09-11T14:46:04.711292+00:00,5.6.4,5.6.4,1,False,PHP-5.6,5.4.0,5.4.0,1,False,Laravel-5,PHP-5.6__Laravel-5,Single constraint,PHPUnit,2025
P2818,piotr-jura-udemy/laravel-graphql-course-trello-clone,https://github.com/piotr-jura-udemy/laravel-graphql-course-trello-clone,master,,,,2020-07-19T14:23:42Z,2026-07-05T11:49:18Z,2026-07-05T11:49:14Z,1931.0,False,False,False,Confirmed Laravel Application,True,True,True,True,True,True,True,2026-07-05T11:49:14+00:00,True,True,phpunit.xml,True,True,False,,^7.2.5,^7.0,False,False,,False,True,Eligible,2026-09-11T14:46:08.748870+00:00,7.2.5,7.2.5,1,False,PHP-7.2,7.0.0,7.0.0,1,False,Laravel-7,PHP-7.2__Laravel-7,Single constraint,PHPUnit,2026
P2823,nabilhassen/larasense,https://github.com/nabilhassen/larasense,main,,,AGPL-3.0,2024-11-25T05:57:33Z,2026-08-23T06:02:01Z,2026-06-10T15:08:17Z,7460.0,False,False,False,Confirmed Laravel Application,True,True,True,True,True,True,True,2026-06-10T15:08:17+00:00,True,True,phpunit.xml,True,True,True,"pest: pest | test:dirty: @pest --dirty | test:pint: @pint --test | test: ['@test:pint --parallel', '@pest --parallel']",^8.3,^13.9,False,False,,False,True,Eligible,2026-09-11T14:46:13.484681+00:00,8.3.0,8.3.0,1,False,PHP-8.3,13.9.0,13.9.0,1,False,Laravel-13,PHP-8.3__Laravel-13,Single constraint,PHPUnit + Composer test,2026
P2831,ismaelfi/mvpable,https://github.com/ismaelfi/mvpable,main,,,,2024-07-02T13:43:04Z,2026-07-25T04:15:01Z,2026-02-21T09:02:36Z,2971.0,False,False,False,Confirmed Laravel Application,True,True,True,True,True,True,True,2026-02-21T09:02:36+00:00,True,True,phpunit.xml,True,True,False,,^8.3,^12.0,False,False,,False,True,Eligible,2026-09-11T14:46:17.586942+00:00,8.3.0,8.3.0,1,False,PHP-8.3,12.0.0,12.0.0,1,False,Laravel-12,PHP-8.3__Laravel-12,Single constraint,PHPUnit,2026
P2835,mrcat323/lara-practice,https://github.com/mrcat323/lara-practice,master,,,,2018-06-04T17:30:46Z,2022-01-03T16:29:47Z,2026-08-18T14:15:08Z,1109.0,False,False,False,Confirmed Laravel Application,True,True,True,True,True,True,True,2026-08-18T14:15:08+00:00,True,True,phpunit.xml,True,True,False,,>=7.0.0,5.5.*,False,False,,False,True,Eligible,2026-09-11T14:46:22.312365+00:00,7.0.0,7.0.0,1,False,PHP-7.0,5.5.0,5.5.0,1,False,Laravel-5,PHP-7.0__Laravel-5,Single constraint,PHPUnit,2026
P2839,stick231/wb-laravel-test-app,https://github.com/stick231/wb-laravel-test-app,main,,,,2025-06-04T19:54:27Z,2025-09-30T18:12:08Z,2025-06-06T18:29:45Z,99.0,False,False,False,Confirmed Laravel Application,True,True,True,True,True,True,True,2025-06-06T18:29:45+00:00,True,True,phpunit.xml,True,True,True,"test: ['@php artisan config:clear --ansi', '@php artisan test']",^8.2,^12.0,False,False,,False,True,Eligible,2026-09-11T14:46:31.875153+00:00,8.2.0,8.2.0,1,False,PHP-8.2,12.0.0,12.0.0,1,False,Laravel-12,PHP-8.2__Laravel-12,Single constraint,PHPUnit + Composer test,2025
P2842,aimanyusufw/laravel-dashboard-ecommerce,https://github.com/aimanyusufw/laravel-dashboard-ecommerce,main,,,,2024-10-07T23:38:52Z,2025-05-22T08:59:22Z,2025-05-22T08:59:19Z,1864.0,False,False,False,Confirmed Laravel Application,True,True,True,True,True,True,True,2025-05-22T08:59:19+00:00,True,True,phpunit.xml,True,True,False,,^8.2,^11.9,False,False,,False,True,Eligible,2026-09-11T14:46:35.733486+00:00,8.2.0,8.2.0,1,False,PHP-8.2,11.9.0,11.9.0,1,False,Laravel-11,PHP-8.2__Laravel-11,Single constraint,PHPUnit,2025
P2850,AaEzha/Laravel---AdminLTE-3---Fortify,https://github.com/AaEzha/Laravel---AdminLTE-3---Fortify,main,,,,2021-06-03T23:34:03Z,2025-10-21T06:20:53Z,2025-08-11T13:48:19Z,18914.0,False,False,False,Confirmed Laravel Application,True,True,True,True,True,True,True,2025-08-11T13:48:19+00:00,True,True,phpunit.xml,True,True,False,,^8.2.0,^12.0,False,False,,False,True,Eligible,2026-09-11T14:46:44.158763+00:00,8.2.0,8.2.0,1,False,PHP-8.2,12.0.0,12.0.0,1,False,Laravel-12,PHP-8.2__Laravel-12,Single constraint,PHPUnit,2025
P2867,Akanyaburunga/kazinduzi_backend,https://github.com/Akanyaburunga/kazinduzi_backend,master,,,MIT,2025-01-17T16:35:44Z,2026-03-08T16:18:37Z,2026-09-04T10:48:59Z,1571.0,False,False,False,Confirmed Laravel Application,True,True,True,True,True,True,True,2026-09-04T10:48:59+00:00,True,True,phpunit.xml,True,True,False,,^8.1,^10.10,False,False,,False,True,Eligible,2026-09-11T14:46:55.702942+00:00,8.1.0,8.1.0,1,False,PHP-8.1,10.10.0,10.10.0,1,False,Laravel-10,PHP-8.1__Laravel-10,Single constraint,PHPUnit,2026
P2873,Power-Components/powergrid-demo,https://github.com/Power-Components/powergrid-demo,main,,,,2021-05-01T13:37:55Z,2026-05-30T20:16:10Z,2026-05-30T20:16:06Z,6547.0,False,False,False,Confirmed Laravel Application,True,True,True,True,True,True,True,2026-05-30T20:16:06+00:00,True,True,phpunit.xml.dist,True,False,True,"test:security: composer audit | test:types: exit 0 | test:lint: ./vendor/bin/pint --test | test:feature: ['@php artisan config:clear --ansi', './vendor/bin/pest --order-by random'] | tests: ['@test:security', '@test:lint', '@test:feature']",^8.3,^13.0,False,False,,False,True,Eligible,2026-09-11T14:47:02.477898+00:00,8.3.0,8.3.0,1,False,PHP-8.3,13.0.0,13.0.0,1,False,Laravel-13,PHP-8.3__Laravel-13,Single constraint,PHPUnit + Composer test,2026
P2879,dev-shelvin-batista/backend-laravel-manage-vehicles,https://github.com/dev-shelvin-batista/backend-laravel-manage-vehicles,master,,,GPL-3.0,2025-09-09T10:22:24Z,2025-09-12T08:23:52Z,2025-09-12T08:23:47Z,150.0,False,False,False,Confirmed Laravel Application,True,True,True,True,True,True,True,2025-09-12T08:23:47+00:00,True,True,phpunit.xml,True,True,False,,^7.3|^8.0,^8.75,False,False,,False,True,Eligible,2026-09-11T14:47:06.224366+00:00,7.3.0,8.0.0,2,True,"PHP-Multi[7.3,8.0]",8.75.0,8.75.0,1,False,Laravel-8,"PHP-Multi[7.3,8.0]__Laravel-8",Multi-PHP,PHPUnit,2025
P2883,seph1709/contact-management-system,https://github.com/seph1709/contact-management-system,main,,,,2024-11-18T11:41:41Z,2026-09-07T03:26:39Z,2026-09-07T03:26:35Z,69072.0,False,False,False,Confirmed Laravel Application,True,True,True,True,True,True,True,2026-09-07T03:26:35+00:00,True,True,phpunit.xml,True,True,False,,^8.2,^11.31,False,False,,False,True,Eligible,2026-09-11T14:47:10.212506+00:00,8.2.0,8.2.0,1,False,PHP-8.2,11.31.0,11.31.0,1,False,Laravel-11,PHP-8.2__Laravel-11,Single constraint,PHPUnit,2026
P2895,spatie/laravel-medialibrary-pro-app,https://github.com/spatie/laravel-medialibrary-pro-app,main,,,,2020-02-12T11:39:25Z,2025-12-08T14:47:18Z,2025-09-15T09:25:21Z,7370.0,False,False,False,Confirmed Laravel Application,True,True,True,True,True,True,True,2025-09-15T09:25:21+00:00,True,True,phpunit.xml,True,True,False,,^8.3,^v11.0.7,False,False,,False,True,Eligible,2026-09-11T14:47:17.460253+00:00,8.3.0,8.3.0,1,False,PHP-8.3,11.0.7,11.0.7,1,False,Laravel-11,PHP-8.3__Laravel-11,Single constraint,PHPUnit,2025
P2896,YasserElgammal/blog-cms,https://github.com/YasserElgammal/blog-cms,main,,,,2023-01-01T23:15:03Z,2026-06-18T13:55:58Z,2026-08-01T08:24:00Z,3126.0,False,False,False,Confirmed Laravel Application,True,True,True,True,True,True,True,2026-08-01T08:24:00+00:00,True,True,phpunit.xml,True,True,False,,^8.2,^11.0,False,False,,False,True,Eligible,2026-09-11T14:47:20.909684+00:00,8.2.0,8.2.0,1,False,PHP-8.2,11.0.0,11.0.0,1,False,Laravel-11,PHP-8.2__Laravel-11,Single constraint,PHPUnit,2026
P2906,Astrotomic/astrotomic.info,https://github.com/Astrotomic/astrotomic.info,main,,,MIT,2019-10-22T12:13:48Z,2026-08-25T16:17:36Z,2026-08-25T16:02:02Z,4663.0,False,False,False,Confirmed Laravel Application,True,True,True,True,True,True,True,2026-08-25T16:02:02+00:00,True,True,phpunit.xml.dist,True,False,False,,^8.1,^9.19,False,False,,False,True,Eligible,2026-09-11T14:47:29.604567+00:00,8.1.0,8.1.0,1,False,PHP-8.1,9.19.0,9.19.0,1,False,Laravel-9,PHP-8.1__Laravel-9,Single constraint,PHPUnit,2026
P2924,gumbo-millennium/website,https://github.com/gumbo-millennium/website,main,,,MPL-2.0,2018-06-14T11:33:29Z,2026-08-14T00:51:26Z,2026-08-14T00:52:53Z,33378.0,False,False,False,Confirmed Laravel Application,True,True,True,True,True,True,True,2026-08-14T00:52:53+00:00,True,True,phpunit.xml,True,True,True,test: ['vendor/bin/phpunit'],^8.2,^10.0,False,False,,False,True,Eligible,2026-09-11T14:47:48.301473+00:00,8.2.0,8.2.0,1,False,PHP-8.2,10.0.0,10.0.0,1,False,Laravel-10,PHP-8.2__Laravel-10,Single constraint,PHPUnit + Composer test,2026
P2929,morpheusadam/ShopSmith,https://github.com/morpheusadam/ShopSmith,main,,,,2024-08-14T21:55:30Z,2026-08-03T11:37:51Z,2026-08-03T11:36:58Z,8907.0,False,False,False,Confirmed Laravel Application,True,True,True,True,True,True,True,2026-08-03T11:36:58+00:00,True,True,phpunit.xml,True,True,False,,^8.1.0,^10.0,False,False,,False,True,Eligible,2026-09-11T14:47:52.101033+00:00,8.1.0,8.1.0,1,False,PHP-8.1,10.0.0,10.0.0,1,False,Laravel-10,PHP-8.1__Laravel-10,Single constraint,PHPUnit,2026
P2930,awcodes/sparky,https://github.com/awcodes/sparky,main,,,,2026-01-27T18:06:48Z,2026-05-12T16:49:09Z,2026-05-12T16:05:44Z,1468.0,False,False,False,Confirmed Laravel Application,True,True,True,True,True,True,True,2026-05-12T16:05:44+00:00,True,True,phpunit.xml,True,True,True,"test:lint: pint --test | test:refactor: rector --dry-run | test:types: phpstan analyse | test:unit: pest --parallel | test: ['@test:refactor', '@test:lint', '@test:types', '@test:unit']",^8.4,^12.0,False,False,,False,True,Eligible,2026-09-11T14:47:56.081966+00:00,8.4.0,8.4.0,1,False,PHP-8.4,12.0.0,12.0.0,1,False,Laravel-12,PHP-8.4__Laravel-12,Single constraint,PHPUnit + Composer test,2026
P2945,pixelcave/tailkit-starter-kit-laravel,https://github.com/pixelcave/tailkit-starter-kit-laravel,main,,,,2022-09-02T08:43:50Z,2026-08-11T07:49:23Z,2026-08-11T07:49:15Z,1134.0,False,False,False,Confirmed Laravel Application,True,True,True,True,True,True,True,2026-08-11T07:49:15+00:00,True,True,phpunit.xml,True,True,False,,^8.2,^13.24,False,False,,False,True,Eligible,2026-09-11T14:48:08.024750+00:00,8.2.0,8.2.0,1,False,PHP-8.2,13.24.0,13.24.0,1,False,Laravel-13,PHP-8.2__Laravel-13,Single constraint,PHPUnit,2026
P2962,superdevops233/laravel-nuxt,https://github.com/superdevops233/laravel-nuxt,master,,,MIT,2025-03-09T14:34:48Z,2025-06-05T06:20:58Z,2025-03-09T15:06:19Z,650.0,False,False,False,Confirmed Laravel Application,True,True,True,True,True,True,True,2025-03-09T15:06:19+00:00,True,True,phpunit.xml,True,True,False,,^7.3|^8.0,^8.12,False,False,,False,True,Eligible,2026-09-11T14:48:12.485314+00:00,7.3.0,8.0.0,2,True,"PHP-Multi[7.3,8.0]",8.12.0,8.12.0,1,False,Laravel-8,"PHP-Multi[7.3,8.0]__Laravel-8",Multi-PHP,PHPUnit,2025
P2963,imadehermanto/TaskPilot,https://github.com/imadehermanto/TaskPilot,main,,,MIT,2025-04-28T12:44:44Z,2025-07-04T11:01:20Z,2025-04-29T03:05:53Z,1192.0,False,False,False,Confirmed Laravel Application,True,True,True,True,True,True,True,2025-04-29T03:05:53+00:00,True,True,phpunit.xml,True,True,True,"test: ['@php artisan config:clear --ansi', '@php artisan test']",^8.2,^12.0,False,False,,False,True,Eligible,2026-09-11T14:48:16.726003+00:00,8.2.0,8.2.0,1,False,PHP-8.2,12.0.0,12.0.0,1,False,Laravel-12,PHP-8.2__Laravel-12,Single constraint,PHPUnit + Composer test,2025
P2966,bajelanmehran/solid-principles,https://github.com/bajelanmehran/solid-principles,master,,,,2025-12-25T09:25:05Z,2026-06-13T02:24:20Z,2025-12-27T08:24:56Z,95.0,False,False,False,Confirmed Laravel Application,True,True,True,True,True,True,True,2025-12-27T08:24:56+00:00,True,True,phpunit.xml,True,True,True,"test: ['@php artisan config:clear --ansi', '@php artisan test']",^8.2,^12.0,False,False,,False,True,Eligible,2026-09-11T14:48:20.595511+00:00,8.2.0,8.2.0,1,False,PHP-8.2,12.0.0,12.0.0,1,False,Laravel-12,PHP-8.2__Laravel-12,Single constraint,PHPUnit + Composer test,2025
P2968,bpocallaghan/laravel-admin-starter,https://github.com/bpocallaghan/laravel-admin-starter,master,,,,2016-04-02T10:46:41Z,2026-07-30T05:27:16Z,2026-09-03T14:17:32Z,7002.0,False,False,False,Confirmed Laravel Application,True,True,True,True,True,True,True,2026-09-03T14:17:32+00:00,True,True,phpunit.xml,True,True,False,,^7.2,^6.0,False,False,,False,True,Eligible,2026-09-11T14:48:24.254109+00:00,7.2.0,7.2.0,1,False,PHP-7.2,6.0.0,6.0.0,1,False,Laravel-6,PHP-7.2__Laravel-6,Single constraint,PHPUnit,2026
P2972,FelienZ/Kuchi_Hotel,https://github.com/FelienZ/Kuchi_Hotel,master,,,,2025-09-25T14:51:03Z,2025-10-19T02:09:28Z,2025-10-19T02:09:25Z,3836.0,False,False,False,Confirmed Laravel Application,True,True,True,True,True,True,True,2025-10-19T02:09:25+00:00,True,True,phpunit.xml,True,True,True,"test: ['@php artisan config:clear --ansi', '@php artisan test']",^8.2,^12.0,False,False,,False,True,Eligible,2026-09-11T14:48:28.948376+00:00,8.2.0,8.2.0,1,False,PHP-8.2,12.0.0,12.0.0,1,False,Laravel-12,PHP-8.2__Laravel-12,Single constraint,PHPUnit + Composer test,2025
P2978,dionisvl/php.laravel.email-builder,https://github.com/dionisvl/php.laravel.email-builder,master,,,,2020-03-08T17:37:46Z,2025-02-17T18:09:11Z,2025-01-31T16:24:38Z,160.0,False,False,False,Confirmed Laravel Application,True,True,True,True,True,True,True,2025-01-31T16:24:38+00:00,True,True,phpunit.xml,True,True,False,,^7.2.5,^7.0,False,False,,False,True,Eligible,2026-09-11T14:48:37.655493+00:00,7.2.5,7.2.5,1,False,PHP-7.2,7.0.0,7.0.0,1,False,Laravel-7,PHP-7.2__Laravel-7,Single constraint,PHPUnit,2025
P2988,dsbilling/dsbilling.no,https://github.com/dsbilling/dsbilling.no,main,,,MIT,2021-04-16T13:17:39Z,2026-09-05T22:20:40Z,2026-09-05T22:20:37Z,18193.0,False,False,False,Confirmed Laravel Application,True,True,True,True,True,True,True,2026-09-05T22:20:37+00:00,True,True,phpunit.xml,True,True,True,"test: ['@php artisan config:clear --ansi', '@php artisan test']",^8.4,^12.48,False,False,,False,True,Eligible,2026-09-11T14:48:45.970572+00:00,8.4.0,8.4.0,1,False,PHP-8.4,12.48.0,12.48.0,1,False,Laravel-12,PHP-8.4__Laravel-12,Single constraint,PHPUnit + Composer test,2026
P3017,renoki-co/laravel-helm-demo,https://github.com/renoki-co/laravel-helm-demo,master,,,,2021-02-16T09:41:32Z,2026-07-07T01:01:02Z,2026-02-15T15:40:08Z,252.0,False,False,False,Confirmed Laravel Application,True,True,True,True,True,True,True,2026-02-15T15:40:08+00:00,True,True,phpunit.xml,True,True,False,,^7.3|^8.0,^8.12,False,False,,False,True,Eligible,2026-09-11T14:48:57.206562+00:00,7.3.0,8.0.0,2,True,"PHP-Multi[7.3,8.0]",8.12.0,8.12.0,1,False,Laravel-8,"PHP-Multi[7.3,8.0]__Laravel-8",Multi-PHP,PHPUnit,2026
P3031,flyhub-mi/flyhub,https://github.com/flyhub-mi/flyhub,main,,,MIT,2025-07-18T18:01:48Z,2025-08-19T03:20:35Z,2025-08-19T03:20:32Z,21037.0,False,False,False,Confirmed Laravel Application,True,True,True,True,True,True,True,2025-08-19T03:20:32+00:00,True,True,phpunit.xml.dist,True,True,True,test: ['./vendor/bin/pest'] | test:coverage: ['./vendor/bin/pest --coverage'] | test:parallel: ['./vendor/bin/pest --parallel'],^8.1,^10.10,False,False,,False,True,Eligible,2026-09-11T14:49:00.961184+00:00,8.1.0,8.1.0,1,False,PHP-8.1,10.10.0,10.10.0,1,False,Laravel-10,PHP-8.1__Laravel-10,Single constraint,PHPUnit + Composer test,2025
P3033,bulfaitelo/OSLab,https://github.com/bulfaitelo/OSLab,main,,,NOASSERTION,2023-05-19T16:50:30Z,2026-08-28T12:36:18Z,2026-08-28T12:33:56Z,18803.0,False,False,False,Confirmed Laravel Application,True,True,True,True,True,True,True,2026-08-28T12:33:56+00:00,True,True,phpunit.xml,True,True,False,,^8.2,^12.0,False,False,,False,True,Eligible,2026-09-11T14:49:05.442262+00:00,8.2.0,8.2.0,1,False,PHP-8.2,12.0.0,12.0.0,1,False,Laravel-12,PHP-8.2__Laravel-12,Single constraint,PHPUnit,2026
P3036,php-kchat/kchat,https://github.com/php-kchat/kchat,master,,,,2017-09-05T12:17:47Z,2026-07-29T04:02:32Z,2026-07-16T09:22:24Z,51268.0,False,False,False,Confirmed Laravel Application,True,True,True,True,True,True,True,2026-07-16T09:22:24+00:00,True,True,phpunit.xml,True,False,False,,^8.0.2,^9.19,False,False,,False,True,Eligible,2026-09-11T14:49:08.996848+00:00,8.0.2,8.0.2,1,False,PHP-8.0,9.19.0,9.19.0,1,False,Laravel-9,PHP-8.0__Laravel-9,Single constraint,PHPUnit,2026
P3039,Lukas-Dev01/eCom-en-laravel,https://github.com/Lukas-Dev01/eCom-en-laravel,modernization,,,,2022-03-28T13:33:27Z,2026-05-22T13:11:28Z,2026-05-21T15:03:23Z,821.0,False,False,False,Confirmed Laravel Application,True,True,True,True,True,True,True,2026-05-21T15:03:23+00:00,True,True,phpunit.xml,True,True,False,,^8.0.2,^9.2,False,False,,False,True,Eligible,2026-09-11T14:49:13.361817+00:00,8.0.2,8.0.2,1,False,PHP-8.0,9.2.0,9.2.0,1,False,Laravel-9,PHP-8.0__Laravel-9,Single constraint,PHPUnit,2026
P3047,spatie/dnsrecords.io,https://github.com/spatie/dnsrecords.io,master,,,,2017-10-19T22:07:54Z,2026-09-07T06:46:16Z,2026-01-31T10:25:23Z,1500.0,False,False,False,Confirmed Laravel Application,True,True,True,True,True,True,True,2026-01-31T10:25:23+00:00,True,True,phpunit.xml,True,True,False,,>=7.3.0,^6.0,False,False,,False,True,Eligible,2026-09-11T14:49:21.674861+00:00,7.3.0,7.3.0,1,False,PHP-7.3,6.0.0,6.0.0,1,False,Laravel-6,PHP-7.3__Laravel-6,Single constraint,PHPUnit,2026
P3063,frikishaan/tiny-crm,https://github.com/frikishaan/tiny-crm,main,,,MIT,2023-02-06T14:04:21Z,2026-08-07T22:25:17Z,2026-05-15T06:13:34Z,3447.0,False,False,False,Confirmed Laravel Application,True,True,True,True,True,True,True,2026-05-15T06:13:34+00:00,True,True,phpunit.xml,True,True,False,,^8.2,^12.0,False,False,,False,True,Eligible,2026-09-11T14:49:26.018691+00:00,8.2.0,8.2.0,1,False,PHP-8.2,12.0.0,12.0.0,1,False,Laravel-12,PHP-8.2__Laravel-12,Single constraint,PHPUnit,2026
P3068,nexmo-community/laravel-messages,https://github.com/nexmo-community/laravel-messages,main,,,MIT,2020-08-07T15:12:34Z,2025-05-02T14:32:59Z,2026-06-21T12:09:59Z,82.0,False,False,False,Confirmed Laravel Application,True,True,True,True,True,True,True,2026-06-21T12:09:59+00:00,True,True,phpunit.xml,True,True,False,,^7.3.0,^8.0,False,False,,False,True,Eligible,2026-09-11T14:49:32.750511+00:00,7.3.0,7.3.0,1,False,PHP-7.3,8.0.0,8.0.0,1,False,Laravel-8,PHP-7.3__Laravel-8,Single constraint,PHPUnit,2026
P3078,superdevops233/laravel-vue-ecommerce,https://github.com/superdevops233/laravel-vue-ecommerce,main,,,,2025-03-08T20:22:19Z,2025-06-07T13:57:20Z,2025-03-09T19:06:52Z,1290.0,False,False,False,Confirmed Laravel Application,True,True,True,True,True,True,True,2025-03-09T19:06:52+00:00,True,True,phpunit.xml,True,True,False,,^8.2,^v11.0.7,False,False,,False,True,Eligible,2026-09-11T14:49:46.013412+00:00,8.2.0,8.2.0,1,False,PHP-8.2,11.0.7,11.0.7,1,False,Laravel-11,PHP-8.2__Laravel-11,Single constraint,PHPUnit,2025
P3082,mattipunkt/opentipp-reborn,https://github.com/mattipunkt/opentipp-reborn,master,,,,2025-03-18T14:54:56Z,2026-06-30T13:31:28Z,2026-06-30T13:31:47Z,290.0,False,False,False,Confirmed Laravel Application,True,True,True,True,True,True,True,2026-06-30T13:31:47+00:00,True,True,phpunit.xml,True,True,False,,^8.4,^12.0,False,False,,False,True,Eligible,2026-09-11T14:49:49.679206+00:00,8.4.0,8.4.0,1,False,PHP-8.4,12.0.0,12.0.0,1,False,Laravel-12,PHP-8.4__Laravel-12,Single constraint,PHPUnit,2026
P3098,AaEzha/Laravel---SB-Admin-2---Fortify,https://github.com/AaEzha/Laravel---SB-Admin-2---Fortify,main,,,MIT,2020-10-17T08:13:57Z,2026-04-25T14:37:29Z,2026-04-25T14:37:10Z,9039.0,False,False,False,Confirmed Laravel Application,True,True,True,True,True,True,True,2026-04-25T14:37:10+00:00,True,True,phpunit.xml,True,True,False,,^8.2.0,^13.0,False,False,,False,True,Eligible,2026-09-11T14:50:07.892608+00:00,8.2.0,8.2.0,1,False,PHP-8.2,13.0.0,13.0.0,1,False,Laravel-13,PHP-8.2__Laravel-13,Single constraint,PHPUnit,2026
P3120,theHocineSaad/linatabara3,https://github.com/theHocineSaad/linatabara3,main,,,MIT,2022-07-06T15:06:34Z,2026-09-06T02:20:59Z,2026-08-05T18:32:27Z,1984.0,False,False,False,Confirmed Laravel Application,True,True,True,True,True,True,True,2026-08-05T18:32:27+00:00,True,True,phpunit.xml,True,True,False,,^8.2.0,^13.0,False,False,,False,True,Eligible,2026-09-11T14:50:17.567423+00:00,8.2.0,8.2.0,1,False,PHP-8.2,13.0.0,13.0.0,1,False,Laravel-13,PHP-8.2__Laravel-13,Single constraint,PHPUnit,2026
P3125,canyok-dev0818/production-ready-api,https://github.com/canyok-dev0818/production-ready-api,main,,,,2026-03-08T16:47:41Z,2026-05-22T13:49:12Z,2026-03-08T16:49:56Z,84.0,False,False,False,Confirmed Laravel Application,True,True,True,True,True,True,True,2026-03-08T16:49:56+00:00,True,True,phpunit.xml,True,True,False,,^8.1,^10.0,False,False,,False,True,Eligible,2026-09-11T14:50:21.769730+00:00,8.1.0,8.1.0,1,False,PHP-8.1,10.0.0,10.0.0,1,False,Laravel-10,PHP-8.1__Laravel-10,Single constraint,PHPUnit,2026
P3135,0xd011f4ce/OurSpace,https://github.com/0xd011f4ce/OurSpace,main,,,GPL-3.0,2024-12-25T22:52:16Z,2026-09-09T16:15:15Z,2025-01-13T02:38:07Z,869.0,False,False,False,Confirmed Laravel Application,True,True,True,True,True,True,True,2025-01-13T02:38:07+00:00,True,True,phpunit.xml,True,True,False,,^8.2,^11.31,False,False,,False,True,Eligible,2026-09-11T14:50:30.322671+00:00,8.2.0,8.2.0,1,False,PHP-8.2,11.31.0,11.31.0,1,False,Laravel-11,PHP-8.2__Laravel-11,Single constraint,PHPUnit,2025
P3144,jorgehernandezch/laravel9-adminlte,https://github.com/jorgehernandezch/laravel9-adminlte,master,,,,2022-10-12T17:38:30Z,2026-05-18T20:25:17Z,2026-08-08T05:52:02Z,3300.0,False,False,False,Confirmed Laravel Application,True,True,True,True,True,True,True,2026-08-08T05:52:02+00:00,True,True,phpunit.xml,True,True,False,,^8.0.2,^9.19,False,False,,False,True,Eligible,2026-09-11T14:50:38.470737+00:00,8.0.2,8.0.2,1,False,PHP-8.0,9.19.0,9.19.0,1,False,Laravel-9,PHP-8.0__Laravel-9,Single constraint,PHPUnit,2026
P3150,krayin/laravel-crm,https://github.com/krayin/laravel-crm,2.2,,,MIT,2021-06-05T14:18:48Z,2026-09-10T16:19:31Z,2026-09-10T12:21:01Z,54686.0,False,False,False,Confirmed Laravel Application,True,True,True,True,True,True,True,2026-09-10T12:21:01+00:00,True,True,phpunit.xml,True,True,False,,^8.3,^12.0,False,False,,False,True,Eligible,2026-09-11T14:50:42.345697+00:00,8.3.0,8.3.0,1,False,PHP-8.3,12.0.0,12.0.0,1,False,Laravel-12,PHP-8.3__Laravel-12,Single constraint,PHPUnit,2026
P3151,Philip-Droubi/Firo_Laravel_Filament,https://github.com/Philip-Droubi/Firo_Laravel_Filament,main,,,MIT,2024-10-14T02:00:07Z,2026-01-04T02:25:29Z,2025-01-09T13:38:33Z,2563.0,False,False,False,Confirmed Laravel Application,True,True,True,True,True,True,True,2025-01-09T13:38:33+00:00,True,True,phpunit.xml,True,True,False,,^8.1,^10.10,False,False,,False,True,Eligible,2026-09-11T14:50:46.008137+00:00,8.1.0,8.1.0,1,False,PHP-8.1,10.10.0,10.10.0,1,False,Laravel-10,PHP-8.1__Laravel-10,Single constraint,PHPUnit,2025
P3156,jantinnerezo/livewire-alert-demo,https://github.com/jantinnerezo/livewire-alert-demo,main,,,,2020-12-23T13:38:57Z,2026-09-02T09:38:58Z,2026-09-02T09:35:43Z,1588.0,False,False,False,Confirmed Laravel Application,True,True,True,True,True,True,True,2026-09-02T09:35:43+00:00,True,True,phpunit.xml,True,True,False,,^8.3,^13.0,False,False,,False,True,Eligible,2026-09-11T14:50:49.946906+00:00,8.3.0,8.3.0,1,False,PHP-8.3,13.0.0,13.0.0,1,False,Laravel-13,PHP-8.3__Laravel-13,Single constraint,PHPUnit,2026
P3160,MG22Hadi/Warehouses-Mangement,https://github.com/MG22Hadi/Warehouses-Mangement,main,,,,2025-05-05T09:00:04Z,2026-08-27T11:25:43Z,2026-08-27T11:24:38Z,380.0,False,False,False,Confirmed Laravel Application,True,True,True,True,True,True,True,2026-08-27T11:24:38+00:00,True,True,phpunit.xml,True,True,True,"test: ['@php artisan config:clear --ansi', '@php artisan test']",^8.2,^12.0,False,False,,False,True,Eligible,2026-09-11T14:50:53.597583+00:00,8.2.0,8.2.0,1,False,PHP-8.2,12.0.0,12.0.0,1,False,Laravel-12,PHP-8.2__Laravel-12,Single constraint,PHPUnit + Composer test,2026
P3176,psalmistcom/laravel-react-ecommerce,https://github.com/psalmistcom/laravel-react-ecommerce,master,,,,2025-01-15T22:22:54Z,2026-01-01T01:05:58Z,2025-01-20T13:10:56Z,781.0,False,False,False,Confirmed Laravel Application,True,True,True,True,True,True,True,2025-01-20T13:10:56+00:00,True,True,phpunit.xml,True,True,False,,^8.2,^11.31,False,False,,False,True,Eligible,2026-09-11T14:50:57.540883+00:00,8.2.0,8.2.0,1,False,PHP-8.2,11.31.0,11.31.0,1,False,Laravel-11,PHP-8.2__Laravel-11,Single constraint,PHPUnit,2025
P3179,isystk/laravel-react-boilerplate,https://github.com/isystk/laravel-react-boilerplate,master,,,MIT,2021-06-15T14:12:23Z,2026-09-09T13:27:39Z,2026-09-09T13:16:45Z,60955.0,False,False,False,Confirmed Laravel Application,True,True,True,True,True,True,True,2026-09-09T13:16:45+00:00,True,True,phpunit.xml,True,True,False,,^8.3,^13.0,False,False,,False,True,Eligible,2026-09-11T14:51:05.415801+00:00,8.3.0,8.3.0,1,False,PHP-8.3,13.0.0,13.0.0,1,False,Laravel-13,PHP-8.3__Laravel-13,Single constraint,PHPUnit,2026
P3192,afedukov/searchtweak,https://github.com/afedukov/searchtweak,main,,,NOASSERTION,2024-10-10T09:40:18Z,2026-05-01T17:50:25Z,2026-05-01T17:50:24Z,13646.0,False,False,False,Confirmed Laravel Application,True,True,True,True,True,True,True,2026-05-01T17:50:24+00:00,True,True,phpunit.xml,True,True,False,,^8.3,^11.0,False,False,,False,True,Eligible,2026-09-11T14:51:13.562243+00:00,8.3.0,8.3.0,1,False,PHP-8.3,11.0.0,11.0.0,1,False,Laravel-11,PHP-8.3__Laravel-11,Single constraint,PHPUnit,2026
P3207,hzeeshan/watch-later,https://github.com/hzeeshan/watch-later,main,,,MIT,2026-07-12T10:16:31Z,2026-07-28T05:25:54Z,2026-07-22T13:56:46Z,114.0,False,False,False,Confirmed Laravel Application,True,True,True,True,True,True,True,2026-07-22T13:56:46+00:00,True,True,phpunit.xml,True,True,True,"test: ['@php artisan config:clear --ansi @no_additional_args', '@php artisan test']",^8.3,^13.8,False,False,,False,True,Eligible,2026-09-11T14:51:22.706480+00:00,8.3.0,8.3.0,1,False,PHP-8.3,13.8.0,13.8.0,1,False,Laravel-13,PHP-8.3__Laravel-13,Single constraint,PHPUnit + Composer test,2026
P3211,ccuffs/event-manager-uffs,https://github.com/ccuffs/event-manager-uffs,master,,,MIT,2020-01-16T22:54:11Z,2026-03-27T22:37:10Z,2026-02-13T19:01:53Z,11422.0,False,False,False,Confirmed Laravel Application,True,True,True,True,True,True,True,2026-02-13T19:01:53+00:00,True,True,phpunit.xml,True,True,False,,^7.2,^6.2,False,False,,False,True,Eligible,2026-09-11T14:51:25.908860+00:00,7.2.0,7.2.0,1,False,PHP-7.2,6.2.0,6.2.0,1,False,Laravel-6,PHP-7.2__Laravel-6,Single constraint,PHPUnit,2026
P3228,ColoredCow/portal,https://github.com/ColoredCow/portal,develop,,,MIT,2018-03-13T07:16:20Z,2026-06-16T08:00:49Z,2026-09-04T15:37:45Z,23260.0,False,False,False,Confirmed Laravel Application,True,True,True,True,True,True,True,2026-09-04T15:37:45+00:00,True,True,phpunit.xml,True,True,False,,^7.4,^8.0,False,False,,False,True,Eligible,2026-09-11T14:51:34.595886+00:00,7.4.0,7.4.0,1,False,PHP-7.4,8.0.0,8.0.0,1,False,Laravel-8,PHP-7.4__Laravel-8,Single constraint,PHPUnit,2026
P3235,venturedrake/laravel-crm-starter,https://github.com/venturedrake/laravel-crm-starter,develop,,,MIT,2021-03-31T00:21:03Z,2026-06-30T08:49:58Z,2025-06-14T10:38:27Z,5914.0,False,False,False,Confirmed Laravel Application,True,True,True,True,True,True,True,2025-06-14T10:38:27+00:00,True,True,phpunit.xml,True,True,True,test: vendor/bin/phpunit | test-coverage: vendor/bin/phpunit --coverage-html coverage | format-test: vendor/bin/pint -v --test,^8.0,^9.19,False,False,,False,True,Eligible,2026-09-11T14:51:39.016236+00:00,8.0.0,8.0.0,1,False,PHP-8.0,9.19.0,9.19.0,1,False,Laravel-9,PHP-8.0__Laravel-9,Single constraint,PHPUnit + Composer test,2025
P3246,yolanmees/Spikster,https://github.com/yolanmees/Spikster,master,,,NOASSERTION,2023-08-20T17:23:07Z,2026-09-05T19:48:59Z,2026-07-31T19:40:01Z,41868.0,False,False,False,Confirmed Laravel Application,True,True,True,True,True,True,True,2026-07-31T19:40:01+00:00,True,True,phpunit.xml,True,False,False,,^8.1|^8.2,^10.10,False,False,,False,True,Eligible,2026-09-11T14:51:45.608856+00:00,8.1.0,8.2.0,2,True,"PHP-Multi[8.1,8.2]",10.10.0,10.10.0,1,False,Laravel-10,"PHP-Multi[8.1,8.2]__Laravel-10",Multi-PHP,PHPUnit,2026
P3247,yidaqiu/laravel-dingding,https://github.com/yidaqiu/laravel-dingding,master,,,,2019-06-12T08:38:00Z,2023-07-08T02:38:26Z,2026-07-16T13:52:54Z,1569.0,False,False,False,Confirmed Laravel Application,True,True,True,True,True,True,True,2026-07-16T13:52:54+00:00,True,True,phpunit.xml,True,True,False,,^7.1.3,5.8.*,False,False,,False,True,Eligible,2026-09-11T14:51:49.545030+00:00,7.1.3,7.1.3,1,False,PHP-7.1,5.8.0,5.8.0,1,False,Laravel-5,PHP-7.1__Laravel-5,Single constraint,PHPUnit,2026
P3256,LucasNOFCs/gym_api,https://github.com/LucasNOFCs/gym_api,main,,,MIT,2026-08-26T00:54:16Z,2026-08-29T09:51:27Z,2026-08-29T09:50:25Z,199.0,False,False,False,Confirmed Laravel Application,True,True,True,True,True,True,True,2026-08-29T09:50:25+00:00,True,True,phpunit.xml,True,True,True,"test: ['@php artisan config:clear --ansi @no_additional_args', '@php artisan test']",^8.3,^13.17,False,False,,False,True,Eligible,2026-09-11T14:51:53.128611+00:00,8.3.0,8.3.0,1,False,PHP-8.3,13.17.0,13.17.0,1,False,Laravel-13,PHP-8.3__Laravel-13,Single constraint,PHPUnit + Composer test,2026
P3271,Hkaar/7Books,https://github.com/Hkaar/7Books,master,,,Apache-2.0,2024-03-01T07:47:02Z,2025-09-16T22:33:52Z,2025-09-16T22:33:47Z,16264.0,False,False,False,Confirmed Laravel Application,True,True,True,True,True,True,True,2025-09-16T22:33:47+00:00,True,True,phpunit.xml,True,True,False,,^8.1,^10.10,False,False,,False,True,Eligible,2026-09-11T14:51:57.293647+00:00,8.1.0,8.1.0,1,False,PHP-8.1,10.10.0,10.10.0,1,False,Laravel-10,PHP-8.1__Laravel-10,Single constraint,PHPUnit,2025
P3289,HugoJF/payment-system,https://github.com/HugoJF/payment-system,master,,,GPL-3.0,2019-07-16T06:30:47Z,2026-02-26T16:30:49Z,2026-02-26T16:30:41Z,4777.0,False,False,False,Confirmed Laravel Application,True,True,True,True,True,True,True,2026-02-26T16:30:41+00:00,True,True,phpunit.xml,True,True,False,,^7.4,5.8.*,False,False,,False,True,Eligible,2026-09-11T14:52:06.263801+00:00,7.4.0,7.4.0,1,False,PHP-7.4,5.8.0,5.8.0,1,False,Laravel-5,PHP-7.4__Laravel-5,Single constraint,PHPUnit,2026
P3296,filipprober/laravel-tenancy,https://github.com/filipprober/laravel-tenancy,1.x,,,,2024-03-17T19:22:32Z,2025-09-24T10:17:08Z,2025-10-06T08:25:26Z,157.0,False,False,False,Confirmed Laravel Application,True,True,True,True,True,True,True,2025-10-06T08:25:26+00:00,True,True,phpunit.xml,True,True,False,,^8.1,^10.10,False,False,,False,True,Eligible,2026-09-11T14:52:10.058533+00:00,8.1.0,8.1.0,1,False,PHP-8.1,10.10.0,10.10.0,1,False,Laravel-10,PHP-8.1__Laravel-10,Single constraint,PHPUnit,2025
P3298,gnuboard/g7,https://github.com/gnuboard/g7,main,,,NOASSERTION,2026-03-04T06:22:19Z,2026-09-09T05:39:25Z,2026-09-09T05:39:05Z,107250.0,False,False,False,Confirmed Laravel Application,True,True,True,True,True,True,True,2026-09-09T05:39:05+00:00,True,True,phpunit.xml,True,True,True,"test: ['@php artisan config:clear --ansi', '@php artisan test'] | test-smoke: ['@php artisan config:clear --ansi', '@php vendor/bin/phpunit --testsuite=Installation'] | test-smoke-ci: ['@php artisan config:clear --ansi', '@php vendor/bin/phpunit --testsuite=Installation --stop-on-failure']",^8.2,^12.0,False,False,,False,True,Eligible,2026-09-11T14:52:14.265135+00:00,8.2.0,8.2.0,1,False,PHP-8.2,12.0.0,12.0.0,1,False,Laravel-12,PHP-8.2__Laravel-12,Single constraint,PHPUnit + Composer test,2026
P3306,HugoJF/csgo-servers-admin-panel,https://github.com/HugoJF/csgo-servers-admin-panel,master,,,GPL-3.0,2017-07-08T11:53:19Z,2026-02-26T16:36:13Z,2026-02-26T16:31:47Z,4415.0,False,False,False,Confirmed Laravel Application,True,True,True,True,True,True,True,2026-02-26T16:31:47+00:00,True,True,phpunit.xml,True,True,False,,>=5.6.4,5.4.*,False,False,,False,True,Eligible,2026-09-11T14:52:18.234518+00:00,5.6.4,5.6.4,1,False,PHP-5.6,5.4.0,5.4.0,1,False,Laravel-5,PHP-5.6__Laravel-5,Single constraint,PHPUnit,2026
P3307,RobinBastiaan/scarfy,https://github.com/RobinBastiaan/scarfy,master,,,,2021-09-26T16:35:09Z,2025-01-12T21:08:00Z,2025-01-12T21:07:57Z,24872.0,False,False,False,Confirmed Laravel Application,True,True,True,True,True,True,True,2025-01-12T21:07:57+00:00,True,True,phpunit.xml.dist,True,True,False,,^8.1,^9,False,False,,False,True,Eligible,2026-09-11T14:52:22.007744+00:00,8.1.0,8.1.0,1,False,PHP-8.1,9.0.0,9.0.0,1,False,Laravel-9,PHP-8.1__Laravel-9,Single constraint,PHPUnit,2025
P3308,scify/Talk-And-Play-Marketplace,https://github.com/scify/Talk-And-Play-Marketplace,main,,,Apache-2.0,2021-05-17T07:19:27Z,2026-09-09T20:30:25Z,2026-09-09T20:30:19Z,16079.0,False,False,False,Confirmed Laravel Application,True,True,True,True,True,True,True,2026-09-09T20:30:19+00:00,True,True,phpunit.xml,True,True,False,,^8.2.0,^12.61,False,False,,False,True,Eligible,2026-09-11T14:52:25.824244+00:00,8.2.0,8.2.0,1,False,PHP-8.2,12.61.0,12.61.0,1,False,Laravel-12,PHP-8.2__Laravel-12,Single constraint,PHPUnit,2026
P3311,typicms/typicms,https://github.com/typicms/typicms,main,,,MIT,2014-12-26T14:15:30Z,2026-09-10T08:21:23Z,2026-09-01T11:16:17Z,24594.0,False,False,False,Confirmed Laravel Application,True,True,True,True,True,True,True,2026-09-01T11:16:17+00:00,True,True,phpunit.xml,True,True,True,"test: ['@php artisan config:clear --ansi', '@php artisan test']",^8.4,^13.0,False,False,,False,True,Eligible,2026-09-11T14:52:29.888521+00:00,8.4.0,8.4.0,1,False,PHP-8.4,13.0.0,13.0.0,1,False,Laravel-13,PHP-8.4__Laravel-13,Single constraint,PHPUnit + Composer test,2026
P3314,holiq/api-boilerplate,https://github.com/holiq/api-boilerplate,main,,,,2024-08-23T08:54:26Z,2026-06-17T16:24:40Z,2025-09-23T14:10:23Z,140.0,False,False,False,Confirmed Laravel Application,True,True,True,True,True,True,True,2025-09-23T14:10:23+00:00,True,True,phpunit.xml,True,True,False,,^8.2,^12.0,False,False,,False,True,Eligible,2026-09-11T14:52:34.019560+00:00,8.2.0,8.2.0,1,False,PHP-8.2,12.0.0,12.0.0,1,False,Laravel-12,PHP-8.2__Laravel-12,Single constraint,PHPUnit,2025
P3343,spatie/wordstockt.com,https://github.com/spatie/wordstockt.com,main,,,,2026-01-07T07:42:18Z,2026-08-06T18:20:11Z,2026-08-06T18:20:59Z,15986.0,False,False,False,Confirmed Laravel Application,True,True,True,True,True,True,True,2026-08-06T18:20:59+00:00,True,True,phpunit.xml,True,True,True,test: ['./vendor/bin/pest'],^8.4,^13.0,False,False,,False,True,Eligible,2026-09-11T14:52:50.110556+00:00,8.4.0,8.4.0,1,False,PHP-8.4,13.0.0,13.0.0,1,False,Laravel-13,PHP-8.4__Laravel-13,Single constraint,PHPUnit + Composer test,2026
P3352,sajya/sajya.github.io,https://github.com/sajya/sajya.github.io,master,,,,2020-01-30T22:39:50Z,2025-10-01T07:20:12Z,2025-10-01T07:20:39Z,2759.0,False,False,False,Confirmed Laravel Application,True,True,True,True,True,True,True,2025-10-01T07:20:39+00:00,True,True,phpunit.xml,True,True,False,,^8.3,^11.0,False,False,,False,True,Eligible,2026-09-11T14:52:54.160965+00:00,8.3.0,8.3.0,1,False,PHP-8.3,11.0.0,11.0.0,1,False,Laravel-11,PHP-8.3__Laravel-11,Single constraint,PHPUnit,2025
P3355,stick231/tg-bot-iskra,https://github.com/stick231/tg-bot-iskra,main,,,MIT,2025-06-06T15:38:32Z,2025-11-04T19:06:22Z,2025-11-04T19:06:18Z,447.0,False,False,False,Confirmed Laravel Application,True,True,True,True,True,True,True,2025-11-04T19:06:18+00:00,True,True,phpunit.xml,True,True,False,,^8.2,^11.31,False,False,,False,True,Eligible,2026-09-11T14:52:58.700542+00:00,8.2.0,8.2.0,1,False,PHP-8.2,11.31.0,11.31.0,1,False,Laravel-11,PHP-8.2__Laravel-11,Single constraint,PHPUnit,2025
P3364,munafio/chatify-demo,https://github.com/munafio/chatify-demo,master,,,,2019-12-30T15:53:49Z,2026-07-31T04:00:18Z,2026-09-04T08:01:08Z,2691.0,False,False,False,Confirmed Laravel Application,True,True,True,True,True,True,True,2026-09-04T08:01:08+00:00,True,True,phpunit.xml,True,True,False,,^8.1,^10.0,False,False,,False,True,Eligible,2026-09-11T14:53:02.611909+00:00,8.1.0,8.1.0,1,False,PHP-8.1,10.0.0,10.0.0,1,False,Laravel-10,PHP-8.1__Laravel-10,Single constraint,PHPUnit,2026
P3365,matinsoleymni/TodoAppApi,https://github.com/matinsoleymni/TodoAppApi,main,,,,2024-10-17T10:14:51Z,2025-04-08T10:19:51Z,2025-02-12T19:47:52Z,200.0,False,False,False,Confirmed Laravel Application,True,True,True,True,True,True,True,2025-02-12T19:47:52+00:00,True,True,phpunit.xml,True,True,False,,^8.2,^11.9,False,False,,False,True,Eligible,2026-09-11T14:53:06.219297+00:00,8.2.0,8.2.0,1,False,PHP-8.2,11.9.0,11.9.0,1,False,Laravel-11,PHP-8.2__Laravel-11,Single constraint,PHPUnit,2025
P3369,spatie/attended.io,https://github.com/spatie/attended.io,master,,,,2019-01-24T16:22:15Z,2026-04-14T12:55:26Z,2026-01-31T10:24:47Z,2335.0,False,False,False,Confirmed Laravel Application,True,True,True,True,True,True,True,2026-01-31T10:24:47+00:00,True,True,phpunit.xml,True,True,False,,^7.3.0,5.8.*,False,False,,False,True,Eligible,2026-09-11T14:53:10.269634+00:00,7.3.0,7.3.0,1,False,PHP-7.3,5.8.0,5.8.0,1,False,Laravel-5,PHP-7.3__Laravel-5,Single constraint,PHPUnit,2026
P3375,melasistema/arkhein,https://github.com/melasistema/arkhein,master,,,MIT,2026-03-12T16:48:02Z,2026-07-14T22:25:58Z,2026-04-07T23:01:20Z,1997.0,False,False,False,Confirmed Laravel Application,True,True,True,True,True,True,True,2026-04-07T23:01:20+00:00,True,True,phpunit.xml,True,True,True,"test: ['@php artisan config:clear --ansi', '@lint:check', '@php artisan test']",^8.2,^12.0,False,False,,False,True,Eligible,2026-09-11T14:53:14.452434+00:00,8.2.0,8.2.0,1,False,PHP-8.2,12.0.0,12.0.0,1,False,Laravel-12,PHP-8.2__Laravel-12,Single constraint,PHPUnit + Composer test,2026
P3381,1nFrastr/likeadmin_laravel,https://github.com/1nFrastr/likeadmin_laravel,main,,,,2024-11-02T08:30:24Z,2026-07-30T14:59:30Z,2025-09-14T18:25:51Z,5234.0,False,False,False,Confirmed Laravel Application,True,True,True,True,True,True,True,2025-09-14T18:25:51+00:00,True,True,phpunit.xml,True,True,False,,^8.2,^11.9,False,False,,False,True,Eligible,2026-09-11T14:53:18.612370+00:00,8.2.0,8.2.0,1,False,PHP-8.2,11.9.0,11.9.0,1,False,Laravel-11,PHP-8.2__Laravel-11,Single constraint,PHPUnit,2025
P3390,Ahmadjamil888/PREMIUM-LARAVEL-template,https://github.com/Ahmadjamil888/PREMIUM-LARAVEL-template,main,,,,2025-07-09T14:14:30Z,2026-08-06T21:58:33Z,2025-07-09T14:21:27Z,251.0,False,False,False,Confirmed Laravel Application,True,True,True,True,True,True,True,2025-07-09T14:21:27+00:00,True,True,phpunit.xml,True,True,True,"test: ['@php artisan config:clear --ansi', '@php artisan test']",^8.2,^12.0,False,False,,False,True,Eligible,2026-09-11T14:53:23.253314+00:00,8.2.0,8.2.0,1,False,PHP-8.2,12.0.0,12.0.0,1,False,Laravel-12,PHP-8.2__Laravel-12,Single constraint,PHPUnit + Composer test,2025
P3419,obstschale/wichteln,https://github.com/obstschale/wichteln,main,,,GPL-3.0,2016-12-03T10:36:14Z,2026-02-08T11:44:31Z,2026-04-18T11:38:25Z,4247.0,False,False,False,Confirmed Laravel Application,True,True,True,True,True,True,True,2026-04-18T11:38:25+00:00,True,True,phpunit.xml,True,True,True,test: phpunit --colors=always --testdox,^8.3,^12.0,False,False,,False,True,Eligible,2026-09-11T14:53:39.399368+00:00,8.3.0,8.3.0,1,False,PHP-8.3,12.0.0,12.0.0,1,False,Laravel-12,PHP-8.3__Laravel-12,Single constraint,PHPUnit + Composer test,2026
P3427,IslamTaleb11/klinik-laravel-api,https://github.com/IslamTaleb11/klinik-laravel-api,main,,,MIT,2024-11-29T10:21:59Z,2026-09-08T10:02:21Z,2025-09-29T22:17:37Z,231.0,False,False,False,Confirmed Laravel Application,True,True,True,True,True,True,True,2025-09-29T22:17:37+00:00,True,True,phpunit.xml,True,True,False,,^8.2,^11.9,False,False,,False,True,Eligible,2026-09-11T14:53:42.749978+00:00,8.2.0,8.2.0,1,False,PHP-8.2,11.9.0,11.9.0,1,False,Laravel-11,PHP-8.2__Laravel-11,Single constraint,PHPUnit,2025
P3444,laravelio/laravel.io,https://github.com/laravelio/laravel.io,main,,,MIT,2013-09-17T12:57:48Z,2026-09-06T12:22:16Z,2026-09-06T12:22:11Z,30970.0,False,False,False,Confirmed Laravel Application,True,True,True,True,True,True,True,2026-09-06T12:22:11+00:00,True,True,phpunit.xml,True,True,False,,8.4.*,^11.5,False,False,,False,True,Eligible,2026-09-11T14:53:51.525558+00:00,8.4.0,8.4.0,1,False,PHP-8.4,11.5.0,11.5.0,1,False,Laravel-11,PHP-8.4__Laravel-11,Single constraint,PHPUnit,2026
P3445,pboivin/filament-peek-demo,https://github.com/pboivin/filament-peek-demo,4.x,,,,2023-05-28T20:01:49Z,2026-06-26T12:32:16Z,2026-03-26T15:28:26Z,8223.0,False,False,False,Confirmed Laravel Application,True,True,True,True,True,True,True,2026-03-26T15:28:26+00:00,True,True,phpunit.xml,True,True,True,"test: ['@php artisan config:clear --ansi', '@php artisan test']",^8.3,^13.0,False,False,,False,True,Eligible,2026-09-11T14:53:56.011383+00:00,8.3.0,8.3.0,1,False,PHP-8.3,13.0.0,13.0.0,1,False,Laravel-13,PHP-8.3__Laravel-13,Single constraint,PHPUnit + Composer test,2026
P3459,KriawqZero/SISCO-IFMS,https://github.com/KriawqZero/SISCO-IFMS,main,,,,2024-11-30T01:39:30Z,2026-08-03T06:45:23Z,2026-08-03T06:44:29Z,100066.0,False,False,False,Confirmed Laravel Application,True,True,True,True,True,True,True,2026-08-03T06:44:29+00:00,True,True,phpunit.xml,True,True,False,,^8.2,^11.31,False,False,,False,True,Eligible,2026-09-11T14:54:03.390144+00:00,8.2.0,8.2.0,1,False,PHP-8.2,11.31.0,11.31.0,1,False,Laravel-11,PHP-8.2__Laravel-11,Single constraint,PHPUnit,2026
P3470,buger/homelearnai,https://github.com/buger/homelearnai,main,,,NOASSERTION,2025-09-13T16:57:54Z,2026-08-26T07:30:49Z,2025-10-02T07:08:58Z,10776.0,False,False,False,Confirmed Laravel Application,True,True,True,True,True,True,True,2025-10-02T07:08:58+00:00,True,True,phpunit.xml,True,True,True,"test: ['@putenv APP_ENV=testing', '@putenv DB_DATABASE=learning_app_test', '@php artisan config:clear --ansi', './scripts/safe-test.sh'] | test:ci: ['@putenv APP_ENV=testing', '@putenv DB_DATABASE=learning_app_test', '@putenv DB_CONNECTION=pgsql', '@putenv DB_HOST=localhost', '@putenv DB_PORT=5432', '@putenv DB_USERNAME=laravel', '@putenv DB_PASSWORD=12345', '@putenv CACHE_STORE=array', '@putenv SESSION_DRIVER=array', '@php artisan config:clear --ansi', '@php artisan test --no-coverage'] | test:safe: ['./scripts/safe-test.sh']",^8.2,^12.0,False,False,,False,True,Eligible,2026-09-11T14:54:11.957554+00:00,8.2.0,8.2.0,1,False,PHP-8.2,12.0.0,12.0.0,1,False,Laravel-12,PHP-8.2__Laravel-12,Single constraint,PHPUnit + Composer test,2025
P3475,mubbi/laravel-blog-api,https://github.com/mubbi/laravel-blog-api,main,,,MIT,2025-07-04T10:59:36Z,2026-01-20T08:44:55Z,2026-01-20T08:45:08Z,2467.0,False,False,False,Confirmed Laravel Application,True,True,True,True,True,True,True,2026-01-20T08:45:08+00:00,True,True,phpunit.xml,True,True,True,"test: ['@php artisan config:clear --ansi', '@php artisan test']",^8.4,^12.44.0,False,False,,False,True,Eligible,2026-09-11T14:54:20.362100+00:00,8.4.0,8.4.0,1,False,PHP-8.4,12.44.0,12.44.0,1,False,Laravel-12,PHP-8.4__Laravel-12,Single constraint,PHPUnit + Composer test,2026
P3476,spatie/dashboard.spatie.be,https://github.com/spatie/dashboard.spatie.be,main,,,MIT,2016-05-06T20:42:17Z,2026-09-01T14:17:19Z,2026-08-13T09:06:35Z,9283.0,False,False,False,Confirmed Laravel Application,True,True,True,True,True,True,True,2026-08-13T09:06:35+00:00,True,True,phpunit.xml,True,True,False,,^8.3,^12.0,False,False,,False,True,Eligible,2026-09-11T14:54:25.894034+00:00,8.3.0,8.3.0,1,False,PHP-8.3,12.0.0,12.0.0,1,False,Laravel-12,PHP-8.3__Laravel-12,Single constraint,PHPUnit,2026
P3480,dajocordo/ueesfix,https://github.com/dajocordo/ueesfix,main,,,,2021-05-29T16:23:45Z,2026-06-15T21:59:47Z,2026-06-15T21:59:43Z,786.0,False,False,False,Confirmed Laravel Application,True,True,True,True,True,True,True,2026-06-15T21:59:43+00:00,True,True,phpunit.xml,True,True,False,,^8.0.2,^9.19,False,False,,False,True,Eligible,2026-09-11T14:54:29.440148+00:00,8.0.2,8.0.2,1,False,PHP-8.0,9.19.0,9.19.0,1,False,Laravel-9,PHP-8.0__Laravel-9,Single constraint,PHPUnit,2026
P3483,mikaeljorhult/hydrofon,https://github.com/mikaeljorhult/hydrofon,main,,,MIT,2017-12-21T21:15:35Z,2026-08-20T20:59:03Z,2026-06-30T14:23:13Z,7631.0,False,False,False,Confirmed Laravel Application,True,True,True,True,True,True,True,2026-06-30T14:23:13+00:00,True,True,phpunit.xml,True,True,False,,^8.2,^11.0,False,False,,False,True,Eligible,2026-09-11T14:54:33.486453+00:00,8.2.0,8.2.0,1,False,PHP-8.2,11.0.0,11.0.0,1,False,Laravel-11,PHP-8.2__Laravel-11,Single constraint,PHPUnit,2026
P3488,AlpetGexha/Laravel-Asset-Management,https://github.com/AlpetGexha/Laravel-Asset-Management,master,,,MIT,2023-06-21T15:05:08Z,2026-06-23T22:10:35Z,2025-03-01T19:26:39Z,1015.0,False,False,False,Confirmed Laravel Application,True,True,True,True,True,True,True,2025-03-01T19:26:39+00:00,True,True,phpunit.xml,True,True,False,,^8.1,^10.10,False,False,,False,True,Eligible,2026-09-11T14:54:37.406714+00:00,8.1.0,8.1.0,1,False,PHP-8.1,10.10.0,10.10.0,1,False,Laravel-10,PHP-8.1__Laravel-10,Single constraint,PHPUnit,2025
P3490,BaseMax/FirstLaravelAPI,https://github.com/BaseMax/FirstLaravelAPI,main,,,,2021-04-06T21:32:41Z,2026-07-21T18:47:38Z,2026-08-04T17:07:29Z,9842.0,False,False,False,Confirmed Laravel Application,True,True,True,True,True,True,True,2026-08-04T17:07:29+00:00,True,True,phpunit.xml,True,True,False,,^7.3|^8.0,^8.12,False,False,,False,True,Eligible,2026-09-11T14:54:40.677795+00:00,7.3.0,8.0.0,2,True,"PHP-Multi[7.3,8.0]",8.12.0,8.12.0,1,False,Laravel-8,"PHP-Multi[7.3,8.0]__Laravel-8",Multi-PHP,PHPUnit,2026
P3491,RyderAsKing/ServerManager,https://github.com/RyderAsKing/ServerManager,main,,,,2021-08-21T10:55:48Z,2026-09-06T07:58:30Z,2026-07-19T07:17:06Z,6244.0,False,False,False,Confirmed Laravel Application,True,True,True,True,True,True,True,2026-07-19T07:17:06+00:00,True,True,phpunit.xml,True,True,False,,^8.3,^13.0,False,False,,False,True,Eligible,2026-09-11T14:54:44.994469+00:00,8.3.0,8.3.0,1,False,PHP-8.3,13.0.0,13.0.0,1,False,Laravel-13,PHP-8.3__Laravel-13,Single constraint,PHPUnit,2026
P3498,ObedNyakundi/kasongomustgo,https://github.com/ObedNyakundi/kasongomustgo,main,,,,2025-01-17T11:10:39Z,2026-06-05T20:28:50Z,2025-02-21T08:40:00Z,9768.0,False,False,False,Confirmed Laravel Application,True,True,True,True,True,True,True,2025-02-21T08:40:00+00:00,True,True,phpunit.xml,True,True,False,,^8.2,^11.31,False,False,,False,True,Eligible,2026-09-11T14:54:52.729363+00:00,8.2.0,8.2.0,1,False,PHP-8.2,11.31.0,11.31.0,1,False,Laravel-11,PHP-8.2__Laravel-11,Single constraint,PHPUnit,2025
P3513,amuadib/saku,https://github.com/amuadib/saku,main,,,MIT,2024-06-08T13:25:26Z,2026-08-22T13:55:40Z,2026-08-22T13:55:15Z,4318.0,False,False,False,Confirmed Laravel Application,True,True,True,True,True,True,True,2026-08-22T13:55:15+00:00,True,True,phpunit.xml,True,False,False,,^8.2,^11.9,False,False,,False,True,Eligible,2026-09-11T14:55:03.106629+00:00,8.2.0,8.2.0,1,False,PHP-8.2,11.9.0,11.9.0,1,False,Laravel-11,PHP-8.2__Laravel-11,Single constraint,PHPUnit,2026
P3533,jrmajor/arbor,https://github.com/jrmajor/arbor,develop,,,,2019-07-25T19:39:40Z,2026-09-06T19:35:05Z,2026-09-06T19:35:01Z,6061.0,False,False,False,Confirmed Laravel Application,True,True,True,True,True,True,True,2026-09-06T19:35:01+00:00,True,True,phpunit.xml,True,True,True,test: @php artisan test --parallel,~8.4.0,^12.56,False,False,,False,True,Eligible,2026-09-11T14:55:15.292944+00:00,8.4.0,8.4.0,1,False,PHP-8.4,12.56.0,12.56.0,1,False,Laravel-12,PHP-8.4__Laravel-12,Single constraint,PHPUnit + Composer test,2026
P3541,andyjoset/laravel-nuxt,https://github.com/andyjoset/laravel-nuxt,master,,,,2022-03-18T05:39:26Z,2026-04-25T03:12:10Z,2026-04-25T03:12:06Z,2740.0,False,False,False,Confirmed Laravel Application,True,True,True,True,True,True,True,2026-04-25T03:12:06+00:00,True,True,phpunit.xml,True,True,True,"test: ['@php artisan config:clear --ansi', '@php artisan test']",^8.2,^13.0,False,False,,False,True,Eligible,2026-09-11T14:55:23.716835+00:00,8.2.0,8.2.0,1,False,PHP-8.2,13.0.0,13.0.0,1,False,Laravel-13,PHP-8.2__Laravel-13,Single constraint,PHPUnit + Composer test,2026
P3544,ijklim/docker-laravel,https://github.com/ijklim/docker-laravel,master,,,,2021-01-30T19:00:26Z,2025-11-24T21:36:00Z,2025-11-19T22:36:03Z,218.0,False,False,False,Confirmed Laravel Application,True,True,True,True,True,True,True,2025-11-19T22:36:03+00:00,True,True,phpunit.xml,True,False,False,,^8.3,^12.0,False,False,,False,True,Eligible,2026-09-11T14:55:26.780487+00:00,8.3.0,8.3.0,1,False,PHP-8.3,12.0.0,12.0.0,1,False,Laravel-12,PHP-8.3__Laravel-12,Single constraint,PHPUnit,2025
P3545,ammannbe/RecipeManager,https://github.com/ammannbe/RecipeManager,main,,,,2019-06-16T20:05:36Z,2026-08-25T18:55:22Z,2026-08-25T18:48:58Z,12768.0,False,False,False,Confirmed Laravel Application,True,True,True,True,True,True,True,2026-08-25T18:48:58+00:00,True,True,phpunit.xml,True,True,True,"test: ['@php artisan config:clear --ansi @no_additional_args', '@php artisan test']",^8.3,^13.8,False,False,,False,True,Eligible,2026-09-11T14:55:31.001078+00:00,8.3.0,8.3.0,1,False,PHP-8.3,13.8.0,13.8.0,1,False,Laravel-13,PHP-8.3__Laravel-13,Single constraint,PHPUnit + Composer test,2026
P3567,heyderekj/revisemy,https://github.com/heyderekj/revisemy,main,,,NOASSERTION,2026-07-10T20:37:57Z,2026-07-31T15:12:19Z,2026-07-31T15:09:21Z,5151.0,False,False,False,Confirmed Laravel Application,True,True,True,True,True,True,True,2026-07-31T15:09:21+00:00,True,True,phpunit.xml,True,True,True,"test: ['@php artisan config:clear --ansi @no_additional_args', '@php artisan test']",^8.4,^13.8,False,False,,False,True,Eligible,2026-09-11T14:55:43.141157+00:00,8.4.0,8.4.0,1,False,PHP-8.4,13.8.0,13.8.0,1,False,Laravel-13,PHP-8.4__Laravel-13,Single constraint,PHPUnit + Composer test,2026
P3578,saidurbhuiyan/shova,https://github.com/saidurbhuiyan/shova,main,,,,2024-04-17T17:53:19Z,2026-03-09T01:01:45Z,2026-03-09T01:01:50Z,6928.0,False,False,False,Confirmed Laravel Application,True,True,True,True,True,True,True,2026-03-09T01:01:50+00:00,True,True,phpunit.xml,True,True,False,,^8.2,^11.0,False,False,,False,True,Eligible,2026-09-11T14:55:54.265259+00:00,8.2.0,8.2.0,1,False,PHP-8.2,11.0.0,11.0.0,1,False,Laravel-11,PHP-8.2__Laravel-11,Single constraint,PHPUnit,2026
P3590,zeative/pinbuku,https://github.com/zeative/pinbuku,main,,,,2024-12-15T18:00:42Z,2026-07-22T11:48:23Z,2026-05-07T23:29:07Z,1009.0,False,False,False,Confirmed Laravel Application,True,True,True,True,True,True,True,2026-05-07T23:29:07+00:00,True,True,phpunit.xml,True,True,False,,^8.1,^10.10,False,False,,False,True,Eligible,2026-09-11T14:55:58.367315+00:00,8.1.0,8.1.0,1,False,PHP-8.1,10.10.0,10.10.0,1,False,Laravel-10,PHP-8.1__Laravel-10,Single constraint,PHPUnit,2026
P3615,surazdott/sidetheme-laravel,https://github.com/surazdott/sidetheme-laravel,master,,,,2020-05-02T15:05:17Z,2024-04-23T21:58:04Z,2026-06-22T19:24:11Z,13382.0,False,False,False,Confirmed Laravel Application,True,True,True,True,True,True,True,2026-06-22T19:24:11+00:00,True,True,phpunit.xml,True,True,False,,^7.2.5,^7.0,False,False,,False,True,Eligible,2026-09-11T14:56:10.997814+00:00,7.2.5,7.2.5,1,False,PHP-7.2,7.0.0,7.0.0,1,False,Laravel-7,PHP-7.2__Laravel-7,Single constraint,PHPUnit,2026
P3620,Blair2004/NexoPOS,https://github.com/Blair2004/NexoPOS,master,,,GPL-3.0,2020-06-25T14:40:59Z,2026-09-10T16:51:11Z,2026-09-10T08:46:14Z,214719.0,False,False,False,Confirmed Laravel Application,True,True,True,True,True,True,True,2026-09-10T08:46:14+00:00,True,True,phpunit.xml,True,True,False,,^8.2.0,^12.0,False,False,,False,True,Eligible,2026-09-11T14:56:14.177127+00:00,8.2.0,8.2.0,1,False,PHP-8.2,12.0.0,12.0.0,1,False,Laravel-12,PHP-8.2__Laravel-12,Single constraint,PHPUnit,2026
P3621,DevrajJaiswal/laravel-crm,https://github.com/DevrajJaiswal/laravel-crm,master,,,MIT,2026-06-14T14:39:51Z,2026-08-21T00:47:58Z,2026-08-15T13:09:19Z,291.0,False,False,False,Confirmed Laravel Application,True,True,True,True,True,True,True,2026-08-15T13:09:19+00:00,True,True,phpunit.xml,True,True,True,"test: ['@php artisan config:clear --ansi @no_additional_args', '@php artisan test']",^8.3,^13.8,False,False,,False,True,Eligible,2026-09-11T14:56:18.300594+00:00,8.3.0,8.3.0,1,False,PHP-8.3,13.8.0,13.8.0,1,False,Laravel-13,PHP-8.3__Laravel-13,Single constraint,PHPUnit + Composer test,2026
P3644,dawidolko/RentalVOD-Project-Laravel,https://github.com/dawidolko/RentalVOD-Project-Laravel,main,,,MIT,2024-03-21T20:31:06Z,2026-09-02T09:38:01Z,2026-09-02T09:36:40Z,119143.0,False,False,False,Confirmed Laravel Application,True,True,True,True,True,True,True,2026-09-02T09:36:40+00:00,True,True,phpunit.xml,True,True,False,,^8.2,^11.31,False,False,,False,True,Eligible,2026-09-11T14:56:30.672044+00:00,8.2.0,8.2.0,1,False,PHP-8.2,11.31.0,11.31.0,1,False,Laravel-11,PHP-8.2__Laravel-11,Single constraint,PHPUnit,2026
P3647,MelonSmasher/Chocolatier,https://github.com/MelonSmasher/Chocolatier,master,,,MIT,2017-07-21T21:32:55Z,2025-07-18T15:50:07Z,2025-07-18T15:50:04Z,4255.0,False,False,False,Confirmed Laravel Application,True,True,True,True,True,True,True,2025-07-18T15:50:04+00:00,True,True,phpunit.xml,True,True,False,,^7.1.3,5.8.*,False,False,,False,True,Eligible,2026-09-11T14:56:34.417277+00:00,7.1.3,7.1.3,1,False,PHP-7.1,5.8.0,5.8.0,1,False,Laravel-5,PHP-7.1__Laravel-5,Single constraint,PHPUnit,2025
P3651,achyutkneupane/flirt-kit,https://github.com/achyutkneupane/flirt-kit,master,,,MIT,2025-08-02T18:59:44Z,2026-08-13T05:49:20Z,2025-09-30T15:34:16Z,2394.0,False,False,False,Confirmed Laravel Application,True,True,True,True,True,True,True,2025-09-30T15:34:16+00:00,True,True,phpunit.xml,True,True,True,"test: ['@php artisan config:clear --ansi', '@php artisan test']",^8.3,^12.22,False,False,,False,True,Eligible,2026-09-11T14:56:38.874899+00:00,8.3.0,8.3.0,1,False,PHP-8.3,12.22.0,12.22.0,1,False,Laravel-12,PHP-8.3__Laravel-12,Single constraint,PHPUnit + Composer test,2025
P3664,efzyx/AHPFuzzy,https://github.com/efzyx/AHPFuzzy,master,,,,2018-10-03T21:08:54Z,2025-11-28T00:11:45Z,2025-12-08T07:09:54Z,448.0,False,False,False,Confirmed Laravel Application,True,True,True,True,True,True,True,2025-12-08T07:09:54+00:00,True,True,phpunit.xml,True,True,False,,^8.1,^10.10,False,False,,False,True,Eligible,2026-09-11T14:56:46.332335+00:00,8.1.0,8.1.0,1,False,PHP-8.1,10.10.0,10.10.0,1,False,Laravel-10,PHP-8.1__Laravel-10,Single constraint,PHPUnit,2025
P3676,nikunjkothiya/temp-email-service,https://github.com/nikunjkothiya/temp-email-service,main,,,,2025-12-21T17:51:34Z,2026-01-20T08:44:01Z,2025-12-26T19:16:00Z,488.0,False,False,False,Confirmed Laravel Application,True,True,True,True,True,True,True,2025-12-26T19:16:00+00:00,True,True,phpunit.xml,True,False,True,"test: ['@php artisan config:clear --ansi', '@php artisan test']",^8.2,^12.0,False,False,,False,True,Eligible,2026-09-11T14:56:52.960907+00:00,8.2.0,8.2.0,1,False,PHP-8.2,12.0.0,12.0.0,1,False,Laravel-12,PHP-8.2__Laravel-12,Single constraint,PHPUnit + Composer test,2025
P3677,rifqi011/event-management,https://github.com/rifqi011/event-management,main,,,,2025-04-20T03:51:43Z,2026-01-06T13:58:18Z,2025-04-20T03:51:48Z,209.0,False,False,False,Confirmed Laravel Application,True,True,True,True,True,True,True,2025-04-20T03:51:48+00:00,True,True,phpunit.xml,True,True,False,,^8.1,^10.10,False,False,,False,True,Eligible,2026-09-11T14:56:56.555043+00:00,8.1.0,8.1.0,1,False,PHP-8.1,10.10.0,10.10.0,1,False,Laravel-10,PHP-8.1__Laravel-10,Single constraint,PHPUnit,2025
P3689,Danielopes7/Cartola,https://github.com/Danielopes7/Cartola,master,,,,2022-05-19T14:26:05Z,2026-05-01T19:50:39Z,2025-02-26T20:34:31Z,3754.0,False,False,False,Confirmed Laravel Application,True,True,True,True,True,True,True,2025-02-26T20:34:31+00:00,True,True,phpunit.xml,True,True,False,,^7.3|^8.0,^8.12,False,False,,False,True,Eligible,2026-09-11T14:57:04.340812+00:00,7.3.0,8.0.0,2,True,"PHP-Multi[7.3,8.0]",8.12.0,8.12.0,1,False,Laravel-8,"PHP-Multi[7.3,8.0]__Laravel-8",Multi-PHP,PHPUnit,2025
P3695,ashraf-kabir/task-manager-app,https://github.com/ashraf-kabir/task-manager-app,master,,,MIT,2020-03-19T18:36:33Z,2026-03-03T09:06:25Z,2026-03-03T09:07:54Z,541.0,False,False,False,Confirmed Laravel Application,True,True,True,True,True,True,True,2026-03-03T09:07:54+00:00,True,True,phpunit.xml,True,False,False,,^8.1,^10.0,False,False,,False,True,Eligible,2026-09-11T14:57:15.626420+00:00,8.1.0,8.1.0,1,False,PHP-8.1,10.0.0,10.0.0,1,False,Laravel-10,PHP-8.1__Laravel-10,Single constraint,PHPUnit,2026
P3701,mrepol742/laravel-react-ts-template,https://github.com/mrepol742/laravel-react-ts-template,master,,,,2026-04-02T00:34:25Z,2026-07-21T00:38:00Z,2026-07-21T00:37:56Z,351.0,False,False,False,Confirmed Laravel Application,True,True,True,True,True,True,True,2026-07-21T00:37:56+00:00,True,True,phpunit.xml,True,True,False,,^8.2,^12.0,False,False,,False,True,Eligible,2026-09-11T14:57:23.564399+00:00,8.2.0,8.2.0,1,False,PHP-8.2,12.0.0,12.0.0,1,False,Laravel-12,PHP-8.2__Laravel-12,Single constraint,PHPUnit,2026
P3707,sarfarazstark/chatbot,https://github.com/sarfarazstark/chatbot,main,,,,2024-12-31T12:59:33Z,2025-01-12T14:45:49Z,2025-07-22T13:07:32Z,403.0,False,False,False,Confirmed Laravel Application,True,True,True,True,True,True,True,2025-07-22T13:07:32+00:00,True,True,phpunit.xml,True,True,False,,^8.2,^11.31,False,False,,False,True,Eligible,2026-09-11T14:57:27.181911+00:00,8.2.0,8.2.0,1,False,PHP-8.2,11.31.0,11.31.0,1,False,Laravel-11,PHP-8.2__Laravel-11,Single constraint,PHPUnit,2025
P3710,r6mez/Flash-Sale-API,https://github.com/r6mez/Flash-Sale-API,main,,,,2025-11-29T13:46:48Z,2026-07-22T17:20:13Z,2026-01-07T19:22:40Z,2169.0,False,False,False,Confirmed Laravel Application,True,True,True,True,True,True,True,2026-01-07T19:22:40+00:00,True,True,phpunit.xml,True,True,True,"test: ['@php artisan config:clear --ansi', '@php artisan test']",^8.2,^12.0,False,False,,False,True,Eligible,2026-09-11T14:57:31.137972+00:00,8.2.0,8.2.0,1,False,PHP-8.2,12.0.0,12.0.0,1,False,Laravel-12,PHP-8.2__Laravel-12,Single constraint,PHPUnit + Composer test,2026
P3719,boruiwang-ll/A-slickdeals-like-forum-site,https://github.com/boruiwang-ll/A-slickdeals-like-forum-site,master,,,MIT,2018-07-09T18:45:15Z,2025-11-16T14:24:47Z,2025-10-18T23:35:52Z,2151.0,False,False,False,Confirmed Laravel Application,True,True,True,True,True,True,True,2025-10-18T23:35:52+00:00,True,True,phpunit.xml,True,True,False,,^7.1.3,5.6.*,False,False,,False,True,Eligible,2026-09-11T14:57:34.410426+00:00,7.1.3,7.1.3,1,False,PHP-7.1,5.6.0,5.6.0,1,False,Laravel-5,PHP-7.1__Laravel-5,Single constraint,PHPUnit,2025
P3721,susananzth/CRUD-user-role-permission,https://github.com/susananzth/CRUD-user-role-permission,main,,,GPL-3.0,2020-07-07T21:35:56Z,2026-08-14T23:35:28Z,2026-05-05T00:44:48Z,19288.0,False,False,False,Confirmed Laravel Application,True,True,True,True,True,True,True,2026-05-05T00:44:48+00:00,True,True,phpunit.xml,True,True,False,,^7.3|^8.0,^8.54,False,False,,False,True,Eligible,2026-09-11T14:57:37.878686+00:00,7.3.0,8.0.0,2,True,"PHP-Multi[7.3,8.0]",8.54.0,8.54.0,1,False,Laravel-8,"PHP-Multi[7.3,8.0]__Laravel-8",Multi-PHP,PHPUnit,2026
P3727,manuelcastro95/control_asistencias,https://github.com/manuelcastro95/control_asistencias,main,,,,2023-01-01T00:35:05Z,2026-08-14T22:05:41Z,2025-12-14T00:14:38Z,2778.0,False,False,False,Confirmed Laravel Application,True,True,True,True,True,True,True,2025-12-14T00:14:38+00:00,True,True,phpunit.xml,True,True,False,,^8.0.2,^9.19,False,False,,False,True,Eligible,2026-09-11T14:57:41.542561+00:00,8.0.2,8.0.2,1,False,PHP-8.0,9.19.0,9.19.0,1,False,Laravel-9,PHP-8.0__Laravel-9,Single constraint,PHPUnit,2025
P3738,TransitTracker/backend,https://github.com/TransitTracker/backend,main,,,MIT,2019-06-22T23:40:11Z,2026-09-05T17:04:34Z,2026-09-05T17:04:30Z,14482.0,False,False,False,Confirmed Laravel Application,True,True,True,True,True,True,True,2026-09-05T17:04:30+00:00,True,True,phpunit.xml,True,True,False,,^8.4,^13.25,False,False,,False,True,Eligible,2026-09-11T14:57:46.184083+00:00,8.4.0,8.4.0,1,False,PHP-8.4,13.25.0,13.25.0,1,False,Laravel-13,PHP-8.4__Laravel-13,Single constraint,PHPUnit,2026
P3746,easyadmin8/EasyAdmin8-Laravel,https://github.com/easyadmin8/EasyAdmin8-Laravel,main,,,MIT,2023-08-06T13:00:55Z,2026-09-09T03:43:30Z,2026-07-21T05:04:03Z,10227.0,False,False,False,Confirmed Laravel Application,True,True,True,True,True,True,True,2026-07-21T05:04:03+00:00,True,True,phpunit.xml,True,False,False,,^8.3,^13.0,False,False,,False,True,Eligible,2026-09-11T14:57:49.198478+00:00,8.3.0,8.3.0,1,False,PHP-8.3,13.0.0,13.0.0,1,False,Laravel-13,PHP-8.3__Laravel-13,Single constraint,PHPUnit,2026
P3756,waynestate/base-site,https://github.com/waynestate/base-site,master,,,MIT,2017-04-26T11:58:59Z,2026-08-10T10:09:21Z,2026-09-09T15:24:20Z,8323.0,False,False,False,Confirmed Laravel Application,True,True,True,True,True,True,True,2026-09-09T15:24:20+00:00,True,True,phpunit.xml,True,True,False,,^8.4,^13.20,False,False,,False,True,Eligible,2026-09-11T14:57:52.860199+00:00,8.4.0,8.4.0,1,False,PHP-8.4,13.20.0,13.20.0,1,False,Laravel-13,PHP-8.4__Laravel-13,Single constraint,PHPUnit,2026
P3757,theokafadaris/chatwire,https://github.com/theokafadaris/chatwire,main,,,MIT,2023-03-17T22:22:07Z,2026-01-26T20:01:36Z,2025-01-22T10:19:44Z,567.0,False,False,False,Confirmed Laravel Application,True,True,True,True,True,True,True,2025-01-22T10:19:44+00:00,True,True,phpunit.xml,True,True,False,,^8.2,^11.0,False,False,,False,True,Eligible,2026-09-11T14:57:56.356762+00:00,8.2.0,8.2.0,1,False,PHP-8.2,11.0.0,11.0.0,1,False,Laravel-11,PHP-8.2__Laravel-11,Single constraint,PHPUnit,2025
P3758,TarekHesham/simple-order-managment-system,https://github.com/TarekHesham/simple-order-managment-system,main,,,,2025-09-26T10:29:10Z,2025-10-14T20:52:11Z,2025-10-14T20:52:07Z,2999.0,False,False,False,Confirmed Laravel Application,True,True,True,True,True,True,True,2025-10-14T20:52:07+00:00,True,True,phpunit.xml,True,True,True,"test: ['@php artisan config:clear --ansi', '@php artisan test']",^8.2,^12.0,False,False,,False,True,Eligible,2026-09-11T14:58:00.137795+00:00,8.2.0,8.2.0,1,False,PHP-8.2,12.0.0,12.0.0,1,False,Laravel-12,PHP-8.2__Laravel-12,Single constraint,PHPUnit + Composer test,2025
P3766,olssonm/nibe-app,https://github.com/olssonm/nibe-app,main,,,MIT,2021-03-25T16:20:08Z,2026-01-05T15:29:44Z,2026-01-05T15:29:39Z,841.0,False,False,False,Confirmed Laravel Application,True,True,True,True,True,True,True,2026-01-05T15:29:39+00:00,True,True,phpunit.xml,True,True,False,,^7.3|^8.0,^8.12,False,False,,False,True,Eligible,2026-09-11T14:58:08.077745+00:00,7.3.0,8.0.0,2,True,"PHP-Multi[7.3,8.0]",8.12.0,8.12.0,1,False,Laravel-8,"PHP-Multi[7.3,8.0]__Laravel-8",Multi-PHP,PHPUnit,2026
P3776,zayennn/crud-laravel-react,https://github.com/zayennn/crud-laravel-react,master,,,,2025-08-28T17:40:50Z,2026-02-28T16:25:31Z,2025-08-29T11:20:28Z,80.0,False,False,False,Confirmed Laravel Application,True,True,True,True,True,True,True,2025-08-29T11:20:28+00:00,True,True,phpunit.xml,True,True,False,,^8.2,^11.0,False,False,,False,True,Eligible,2026-09-11T14:58:16.058670+00:00,8.2.0,8.2.0,1,False,PHP-8.2,11.0.0,11.0.0,1,False,Laravel-11,PHP-8.2__Laravel-11,Single constraint,PHPUnit,2025
P3782,angkosal/laravel-pos,https://github.com/angkosal/laravel-pos,master,,,MIT,2020-04-18T02:57:44Z,2026-09-10T13:18:53Z,2025-11-13T10:01:13Z,5313.0,False,False,False,Confirmed Laravel Application,True,True,True,True,True,True,True,2025-11-13T10:01:13+00:00,True,True,phpunit.xml,True,True,True,"test: ['@php artisan config:clear --ansi', '@php artisan test']",^8.2,^12.0,False,False,,False,True,Eligible,2026-09-11T14:58:20.082434+00:00,8.2.0,8.2.0,1,False,PHP-8.2,12.0.0,12.0.0,1,False,Laravel-12,PHP-8.2__Laravel-12,Single constraint,PHPUnit + Composer test,2025
P3784,AmirPeyravan/auth-system,https://github.com/AmirPeyravan/auth-system,main,,,,2025-07-09T07:19:27Z,2025-12-11T17:01:06Z,2025-07-09T21:31:29Z,100.0,False,False,False,Confirmed Laravel Application,True,True,True,True,True,True,True,2025-07-09T21:31:29+00:00,True,True,phpunit.xml,True,True,True,"test: ['@php artisan config:clear --ansi', '@php artisan test']",^8.2,^12.0,False,False,,False,True,Eligible,2026-09-11T14:58:23.884499+00:00,8.2.0,8.2.0,1,False,PHP-8.2,12.0.0,12.0.0,1,False,Laravel-12,PHP-8.2__Laravel-12,Single constraint,PHPUnit + Composer test,2025
P3785,aboustayyef/InfraRead,https://github.com/aboustayyef/InfraRead,master,,,,2017-11-25T14:44:12Z,2026-07-04T13:47:05Z,2026-07-04T13:47:01Z,19395.0,False,False,False,Confirmed Laravel Application,True,True,True,True,True,True,True,2026-07-04T13:47:01+00:00,True,True,phpunit.xml,True,True,False,,^8.2,^12.0,False,False,,False,True,Eligible,2026-09-11T14:58:28.270063+00:00,8.2.0,8.2.0,1,False,PHP-8.2,12.0.0,12.0.0,1,False,Laravel-12,PHP-8.2__Laravel-12,Single constraint,PHPUnit,2026
P3791,Xavimc04/company-simulator,https://github.com/Xavimc04/company-simulator,main,,,,2023-10-18T17:18:54Z,2024-05-23T14:43:43Z,2025-02-25T20:10:29Z,4020.0,False,False,False,Confirmed Laravel Application,True,True,True,True,True,True,True,2025-02-25T20:10:29+00:00,True,True,phpunit.xml,True,True,False,,^8.1,^10.10,False,False,,False,True,Eligible,2026-09-11T14:58:33.439487+00:00,8.1.0,8.1.0,1,False,PHP-8.1,10.10.0,10.10.0,1,False,Laravel-10,PHP-8.1__Laravel-10,Single constraint,PHPUnit,2025
P3793,emtiazzahid/laravel-quiz-system,https://github.com/emtiazzahid/laravel-quiz-system,main,,,,2021-09-06T11:24:05Z,2026-07-27T16:27:06Z,2026-07-27T16:26:50Z,424.0,False,False,False,Confirmed Laravel Application,True,True,True,True,True,True,True,2026-07-27T16:26:50+00:00,True,True,phpunit.xml,True,True,True,"test: ['@php artisan config:clear --ansi', '@php artisan test']",^8.2,^12.0,False,False,,False,True,Eligible,2026-09-11T14:58:37.504166+00:00,8.2.0,8.2.0,1,False,PHP-8.2,12.0.0,12.0.0,1,False,Laravel-12,PHP-8.2__Laravel-12,Single constraint,PHPUnit + Composer test,2026
P3794,Ctrlpanel-gg/panel,https://github.com/Ctrlpanel-gg/panel,main,,,MPL-2.0,2021-06-05T09:26:12Z,2026-08-29T23:46:32Z,2026-09-10T10:43:19Z,25805.0,False,False,False,Confirmed Laravel Application,True,True,True,True,True,True,True,2026-09-10T10:43:19+00:00,True,True,phpunit.xml,True,True,False,,^8.2,^11.32,False,False,,False,True,Eligible,2026-09-11T14:58:41.068122+00:00,8.2.0,8.2.0,1,False,PHP-8.2,11.32.0,11.32.0,1,False,Laravel-11,PHP-8.2__Laravel-11,Single constraint,PHPUnit,2026
P3796,spatie/first-or-create-racing-condition-demo,https://github.com/spatie/first-or-create-racing-condition-demo,master,,,,2018-06-19T21:46:38Z,2026-01-31T10:25:37Z,2026-01-31T10:25:34Z,1558.0,False,False,False,Confirmed Laravel Application,True,True,True,True,True,True,True,2026-01-31T10:25:34+00:00,True,True,phpunit.xml,True,True,False,,^7.1.3,5.6.*,False,False,,False,True,Eligible,2026-09-11T14:58:45.053134+00:00,7.1.3,7.1.3,1,False,PHP-7.1,5.6.0,5.6.0,1,False,Laravel-5,PHP-7.1__Laravel-5,Single constraint,PHPUnit,2026
P3807,sokeio/sokeio,https://github.com/sokeio/sokeio,main,,,MIT,2021-07-23T19:09:09Z,2026-09-04T23:11:15Z,2025-02-10T17:17:11Z,341.0,False,False,False,Confirmed Laravel Application,True,True,True,True,True,True,True,2025-02-10T17:17:11+00:00,True,True,phpunit.xml,True,False,False,,^8.2,^11.9,False,False,,False,True,Eligible,2026-09-11T14:58:52.653688+00:00,8.2.0,8.2.0,1,False,PHP-8.2,11.9.0,11.9.0,1,False,Laravel-11,PHP-8.2__Laravel-11,Single constraint,PHPUnit,2025
P3820,devmount/sales,https://github.com/devmount/sales,main,,,MIT,2023-08-22T15:59:24Z,2026-09-02T12:26:34Z,2026-09-07T21:44:36Z,8828.0,False,False,False,Confirmed Laravel Application,True,True,True,True,True,True,True,2026-09-07T21:44:36+00:00,True,True,phpunit.xml,True,True,False,,^8.5,^13,False,False,,False,True,Eligible,2026-09-11T14:59:01.675147+00:00,8.5.0,8.5.0,1,False,PHP-8.5,13.0.0,13.0.0,1,False,Laravel-13,PHP-8.5__Laravel-13,Single constraint,PHPUnit,2026
P3835,tastyigniter/TastyIgniter,https://github.com/tastyigniter/TastyIgniter,4.x,,,MIT,2014-02-02T14:14:26Z,2026-09-09T19:56:10Z,2026-08-22T11:28:11Z,56719.0,False,False,False,Confirmed Laravel Application,True,True,True,True,True,True,True,2026-08-22T11:28:11+00:00,True,True,phpunit.xml,True,False,True,"test: ['@php artisan config:clear --ansi', '@php artisan test']",^8.3,^12.0,False,False,,False,True,Eligible,2026-09-11T14:59:13.157853+00:00,8.3.0,8.3.0,1,False,PHP-8.3,12.0.0,12.0.0,1,False,Laravel-12,PHP-8.3__Laravel-12,Single constraint,PHPUnit + Composer test,2026
P3843,laravel/sail-server,https://github.com/laravel/sail-server,master,,,,2020-10-29T21:03:06Z,2026-08-27T10:30:39Z,2026-09-01T23:27:19Z,364.0,False,False,False,Confirmed Laravel Application,True,True,True,True,True,True,True,2026-09-01T23:27:19+00:00,True,True,phpunit.xml,True,True,False,,^7.4|^8.0,^8.12,False,False,,False,True,Eligible,2026-09-11T14:59:18.084427+00:00,7.4.0,8.0.0,2,True,"PHP-Multi[7.4,8.0]",8.12.0,8.12.0,1,False,Laravel-8,"PHP-Multi[7.4,8.0]__Laravel-8",Multi-PHP,PHPUnit,2026
P3846,Thavarshan/wisp,https://github.com/Thavarshan/wisp,main,,,MIT,2025-03-08T14:24:19Z,2026-08-30T16:35:52Z,2026-08-30T16:33:53Z,7614.0,False,False,False,Confirmed Laravel Application,True,True,True,True,True,True,True,2026-08-30T16:33:53+00:00,True,True,phpunit.xml,True,True,False,,^8.3,^13.17,False,False,,False,True,Eligible,2026-09-11T14:59:26.508287+00:00,8.3.0,8.3.0,1,False,PHP-8.3,13.17.0,13.17.0,1,False,Laravel-13,PHP-8.3__Laravel-13,Single constraint,PHPUnit,2026
P3847,nsmle/igramavel,https://github.com/nsmle/igramavel,main,,,MIT,2022-07-21T11:36:58Z,2026-08-22T14:39:15Z,2025-01-16T05:47:13Z,1405.0,False,False,False,Confirmed Laravel Application,True,True,True,True,True,True,True,2025-01-16T05:47:13+00:00,True,True,phpunit.xml,True,True,False,,^8.0.2,^9.19,False,False,,False,True,Eligible,2026-09-11T14:59:31.235574+00:00,8.0.2,8.0.2,1,False,PHP-8.0,9.19.0,9.19.0,1,False,Laravel-9,PHP-8.0__Laravel-9,Single constraint,PHPUnit,2025
P3870,AKAME007/dashboard,https://github.com/AKAME007/dashboard,main,,,,2025-06-05T00:39:35Z,2025-09-29T15:20:23Z,2025-06-05T00:45:09Z,10271.0,False,False,False,Confirmed Laravel Application,True,True,True,True,True,True,True,2025-06-05T00:45:09+00:00,True,True,phpunit.xml,True,True,False,,^7.3|^8.0,^8.40,False,False,,False,True,Eligible,2026-09-11T14:59:49.158168+00:00,7.3.0,8.0.0,2,True,"PHP-Multi[7.3,8.0]",8.40.0,8.40.0,1,False,Laravel-8,"PHP-Multi[7.3,8.0]__Laravel-8",Multi-PHP,PHPUnit,2025
P3884,leo54200/AI-Powered-Study-Group-Website,https://github.com/leo54200/AI-Powered-Study-Group-Website,main,,,,2025-03-19T20:42:01Z,2026-07-01T12:33:51Z,2025-11-17T14:45:09Z,11464.0,False,False,False,Confirmed Laravel Application,True,True,True,True,True,True,True,2025-11-17T14:45:09+00:00,True,True,phpunit.xml,True,True,False,,^8.2,^11.9,False,False,,False,True,Eligible,2026-09-11T14:59:52.977819+00:00,8.2.0,8.2.0,1,False,PHP-8.2,11.9.0,11.9.0,1,False,Laravel-11,PHP-8.2__Laravel-11,Single constraint,PHPUnit,2025
P3904,ans-group/fnm-webui,https://github.com/ans-group/fnm-webui,master,,,GPL-3.0,2019-03-06T16:22:15Z,2026-09-07T09:50:27Z,2026-09-07T09:51:43Z,234.0,False,False,False,Confirmed Laravel Application,True,True,True,True,True,True,True,2026-09-07T09:51:43+00:00,True,True,phpunit.xml,True,True,False,,^8.0,^8.0,False,False,,False,True,Eligible,2026-09-11T15:00:09.989353+00:00,8.0.0,8.0.0,1,False,PHP-8.0,8.0.0,8.0.0,1,False,Laravel-8,PHP-8.0__Laravel-8,Single constraint,PHPUnit,2026
P3907,WaiHtikeLin/laravel-social-network,https://github.com/WaiHtikeLin/laravel-social-network,master,,,MIT,2020-08-01T04:11:13Z,2025-04-30T04:21:09Z,2026-05-29T08:28:44Z,55933.0,False,False,False,Confirmed Laravel Application,True,True,True,True,True,True,True,2026-05-29T08:28:44+00:00,True,True,phpunit.xml,True,True,True,"test: ['@php artisan config:clear --ansi', '@php artisan test']",^8.2,^12.0,False,False,,False,True,Eligible,2026-09-11T15:00:13.259295+00:00,8.2.0,8.2.0,1,False,PHP-8.2,12.0.0,12.0.0,1,False,Laravel-12,PHP-8.2__Laravel-12,Single constraint,PHPUnit + Composer test,2026
P3914,eclectic-bytech/webcourses-ngx-v4,https://github.com/eclectic-bytech/webcourses-ngx-v4,master,,,GPL-3.0,2021-04-03T08:08:11Z,2024-04-24T01:33:39Z,2025-11-20T13:47:44Z,22371.0,False,False,False,Confirmed Laravel Application,True,True,True,True,True,True,True,2025-11-20T13:47:44+00:00,True,True,phpunit.xml,True,True,False,,^7.3|^8.0|^8.1,^10.0,False,False,,False,True,Eligible,2026-09-11T15:00:16.595094+00:00,7.3.0,8.1.0,3,True,"PHP-Multi[7.3,8.0,8.1]",10.0.0,10.0.0,1,False,Laravel-10,"PHP-Multi[7.3,8.0,8.1]__Laravel-10",Multi-PHP,PHPUnit,2025
P3938,NoelDeMartin/noeldemartin.com,https://github.com/NoelDeMartin/noeldemartin.com,main,,,,2020-09-11T14:57:59Z,2026-09-10T18:00:02Z,2026-09-10T17:59:58Z,141663.0,False,False,False,Confirmed Laravel Application,True,True,True,True,True,True,True,2026-09-10T17:59:58+00:00,True,True,phpunit.xml,True,True,True,"test: ['@php artisan config:clear --ansi', '@lint:check', '@rector:check', '@types:check', '@php artisan test']",^8.5,^13.0,False,False,,False,True,Eligible,2026-09-11T15:00:29.098816+00:00,8.5.0,8.5.0,1,False,PHP-8.5,13.0.0,13.0.0,1,False,Laravel-13,PHP-8.5__Laravel-13,Single constraint,PHPUnit + Composer test,2026
P3944,AhmadSubadri/laravel-codegen,https://github.com/AhmadSubadri/laravel-codegen,dev,,,,2025-03-28T13:32:02Z,2026-04-13T10:45:30Z,2026-04-13T10:45:22Z,836.0,False,False,False,Confirmed Laravel Application,True,True,True,True,True,True,True,2026-04-13T10:45:22+00:00,True,True,phpunit.xml,True,True,False,,^8.2,^12.0,False,False,,False,True,Eligible,2026-09-11T15:00:33.087097+00:00,8.2.0,8.2.0,1,False,PHP-8.2,12.0.0,12.0.0,1,False,Laravel-12,PHP-8.2__Laravel-12,Single constraint,PHPUnit,2026
P3945,delafjr/suara-qita,https://github.com/delafjr/suara-qita,main,,,,2024-10-01T07:58:05Z,2025-11-25T15:12:41Z,2025-03-16T10:39:09Z,6692.0,False,False,False,Confirmed Laravel Application,True,True,True,True,True,True,True,2025-03-16T10:39:09+00:00,True,True,phpunit.xml,True,True,False,,^8.2,^11.9,False,False,,False,True,Eligible,2026-09-11T15:00:37.171165+00:00,8.2.0,8.2.0,1,False,PHP-8.2,11.9.0,11.9.0,1,False,Laravel-11,PHP-8.2__Laravel-11,Single constraint,PHPUnit,2025
P3953,vickypandey14/E-commerce-using-Laravel-11-Livewire-3-Filament-3-and-Tailwind-CSS,https://github.com/vickypandey14/E-commerce-using-Laravel-11-Livewire-3-Filament-3-and-Tailwind-CSS,main,,,MIT,2024-06-09T08:45:29Z,2026-08-04T01:21:46Z,2026-05-31T12:08:02Z,13136.0,False,False,False,Confirmed Laravel Application,True,True,True,True,True,True,True,2026-05-31T12:08:02+00:00,True,True,phpunit.xml,True,True,False,,^8.2,^11.9,False,False,,False,True,Eligible,2026-09-11T15:00:49.046551+00:00,8.2.0,8.2.0,1,False,PHP-8.2,11.9.0,11.9.0,1,False,Laravel-11,PHP-8.2__Laravel-11,Single constraint,PHPUnit,2026
P3958,lightszentip/laravel-starter-base-app,https://github.com/lightszentip/laravel-starter-base-app,main,,,MIT,2024-09-02T15:57:07Z,2026-04-23T16:31:45Z,2026-09-09T22:08:49Z,2214.0,False,False,False,Confirmed Laravel Application,True,True,True,True,True,True,True,2026-09-09T22:08:49+00:00,True,True,phpunit.xml,True,True,True,"test:pest: vendor/bin/pest --parallel | test:phpstan: vendor/bin/phpstan analyse | test: ['@test:pest', '@test:phpstan']",^8.2||^8.3,^v12.19,False,False,,False,True,Eligible,2026-09-11T15:00:57.704513+00:00,8.2.0,8.3.0,2,True,"PHP-Multi[8.2,8.3]",12.19.0,12.19.0,1,False,Laravel-12,"PHP-Multi[8.2,8.3]__Laravel-12",Multi-PHP,PHPUnit + Composer test,2026
P3959,rachmatsumo/hris-attendance,https://github.com/rachmatsumo/hris-attendance,main,,,,2025-08-21T06:14:25Z,2026-08-31T07:03:33Z,2025-12-02T01:33:02Z,24855.0,False,False,False,Confirmed Laravel Application,True,True,True,True,True,True,True,2025-12-02T01:33:02+00:00,True,True,phpunit.xml,True,True,True,"test: ['@php artisan config:clear --ansi', '@php artisan test']",^8.2,^12.0,False,False,,False,True,Eligible,2026-09-11T15:01:02.739064+00:00,8.2.0,8.2.0,1,False,PHP-8.2,12.0.0,12.0.0,1,False,Laravel-12,PHP-8.2__Laravel-12,Single constraint,PHPUnit + Composer test,2025
P3963,flexstoreapp/flexstore,https://github.com/flexstoreapp/flexstore,main,,,NOASSERTION,2026-08-19T21:54:32Z,2026-09-07T19:33:07Z,2026-09-08T18:49:07Z,22424.0,False,False,False,Confirmed Laravel Application,True,True,True,True,True,True,True,2026-09-08T18:49:07+00:00,True,True,phpunit.xml,True,True,True,"test: ['@php artisan config:clear --ansi', '@lint:check', '@php artisan test --parallel']",^8.4.1,^13.0,False,False,,False,True,Eligible,2026-09-11T15:01:07.165814+00:00,8.4.1,8.4.1,1,False,PHP-8.4,13.0.0,13.0.0,1,False,Laravel-13,PHP-8.4__Laravel-13,Single constraint,PHPUnit + Composer test,2026
P3968,webceyhan/fixflow-app,https://github.com/webceyhan/fixflow-app,main,,,,2025-06-29T19:44:46Z,2026-06-30T16:45:21Z,2025-08-03T10:50:45Z,352.0,False,False,False,Confirmed Laravel Application,True,True,True,True,True,True,True,2025-08-03T10:50:45+00:00,True,True,phpunit.xml,True,True,True,"test: ['@php artisan config:clear --ansi', '@php artisan test']",^8.2,^12.0,False,False,,False,True,Eligible,2026-09-11T15:01:15.561185+00:00,8.2.0,8.2.0,1,False,PHP-8.2,12.0.0,12.0.0,1,False,Laravel-12,PHP-8.2__Laravel-12,Single constraint,PHPUnit + Composer test,2025
P3971,albertoarena/filament-event-sourcing-demo,https://github.com/albertoarena/filament-event-sourcing-demo,main,,,,2026-06-17T15:44:17Z,2026-08-15T21:07:04Z,2026-09-10T07:53:54Z,2191.0,False,False,False,Confirmed Laravel Application,True,True,True,True,True,True,True,2026-09-10T07:53:54+00:00,True,True,phpunit.xml,True,True,True,"test: ['@php artisan config:clear --ansi', '@php artisan test']",^8.3,^13.0,False,False,,False,True,Eligible,2026-09-11T15:01:24.296227+00:00,8.3.0,8.3.0,1,False,PHP-8.3,13.0.0,13.0.0,1,False,Laravel-13,PHP-8.3__Laravel-13,Single constraint,PHPUnit + Composer test,2026
P3995,ObedNyakundi/schoolfeesmodule,https://github.com/ObedNyakundi/schoolfeesmodule,main,,,,2024-08-08T15:21:32Z,2026-08-02T11:56:49Z,2025-02-01T19:14:53Z,1779.0,False,False,False,Confirmed Laravel Application,True,True,True,True,True,True,True,2025-02-01T19:14:53+00:00,True,True,phpunit.xml,True,True,False,,^8.2,^11.9,False,False,,False,True,Eligible,2026-09-11T15:01:44.908105+00:00,8.2.0,8.2.0,1,False,PHP-8.2,11.9.0,11.9.0,1,False,Laravel-11,PHP-8.2__Laravel-11,Single constraint,PHPUnit,2025
P4032,MrGri00/supermarket-app,https://github.com/MrGri00/supermarket-app,main,,,MIT,2025-05-19T14:02:23Z,2026-04-17T20:24:13Z,2025-05-25T11:06:20Z,376.0,False,False,False,Confirmed Laravel Application,True,True,True,True,True,True,True,2025-05-25T11:06:20+00:00,True,True,phpunit.xml,True,True,True,"test: ['@php artisan config:clear --ansi', '@php artisan test']",^8.2,^12.0,False,False,,False,True,Eligible,2026-09-11T15:02:07.796149+00:00,8.2.0,8.2.0,1,False,PHP-8.2,12.0.0,12.0.0,1,False,Laravel-12,PHP-8.2__Laravel-12,Single constraint,PHPUnit + Composer test,2025
P4033,yajra/yajrabox.com,https://github.com/yajra/yajrabox.com,main,,,MIT,2019-01-08T06:16:32Z,2026-09-07T10:14:50Z,2026-09-07T10:14:00Z,70981.0,False,False,False,Confirmed Laravel Application,True,True,True,True,True,True,True,2026-09-07T10:14:00+00:00,True,True,phpunit.xml,True,True,False,,^8.3,^13.1.1,False,False,,False,True,Eligible,2026-09-11T15:02:12.038360+00:00,8.3.0,8.3.0,1,False,PHP-8.3,13.1.1,13.1.1,1,False,Laravel-13,PHP-8.3__Laravel-13,Single constraint,PHPUnit,2026
P4036,tobischulz/vue-laravel-spa,https://github.com/tobischulz/vue-laravel-spa,master,,,,2022-03-02T11:10:47Z,2026-08-27T14:58:19Z,2025-12-02T14:39:36Z,2291.0,False,False,False,Confirmed Laravel Application,True,True,True,True,True,True,True,2025-12-02T14:39:36+00:00,True,True,phpunit.xml,True,True,False,,^8.2,^12.0,False,False,,False,True,Eligible,2026-09-11T15:02:16.422302+00:00,8.2.0,8.2.0,1,False,PHP-8.2,12.0.0,12.0.0,1,False,Laravel-12,PHP-8.2__Laravel-12,Single constraint,PHPUnit,2025
P4047,XRPLWin/XWA,https://github.com/XRPLWin/XWA,main,,,MIT,2022-07-09T12:55:02Z,2026-08-29T10:25:21Z,2026-08-29T10:25:14Z,3846.0,False,False,False,Confirmed Laravel Application,True,True,True,True,True,True,True,2026-08-29T10:25:14+00:00,True,True,phpunit.xml,True,False,True,test: ./vendor/bin/phpunit --testdox,^8.2.4,^10.0,False,False,,False,True,Eligible,2026-09-11T15:02:31.800164+00:00,8.2.4,8.2.4,1,False,PHP-8.2,10.0.0,10.0.0,1,False,Laravel-10,PHP-8.2__Laravel-10,Single constraint,PHPUnit + Composer test,2026
P4051,ilramdhan/aplikasi-peminjaman-buku-laravel,https://github.com/ilramdhan/aplikasi-peminjaman-buku-laravel,master,,,MIT,2026-04-26T16:00:40Z,2026-09-04T08:36:03Z,2026-04-26T16:11:57Z,145.0,False,False,False,Confirmed Laravel Application,True,True,True,True,True,True,True,2026-04-26T16:11:57+00:00,True,True,phpunit.xml,True,True,True,"test: ['@php artisan config:clear --ansi', '@php artisan test']",^8.3,^13.0,False,False,,False,True,Eligible,2026-09-11T15:02:34.991179+00:00,8.3.0,8.3.0,1,False,PHP-8.3,13.0.0,13.0.0,1,False,Laravel-13,PHP-8.3__Laravel-13,Single constraint,PHPUnit + Composer test,2026
P4072,ildrm/laravel-crm,https://github.com/ildrm/laravel-crm,main,,,MIT,2025-03-02T08:07:44Z,2026-08-17T08:53:08Z,2026-08-11T12:53:08Z,2810.0,False,False,False,Confirmed Laravel Application,True,True,True,True,True,True,True,2026-08-11T12:53:08+00:00,True,True,phpunit.xml,True,True,False,,^8.3,^13.0,False,False,,False,True,Eligible,2026-09-11T15:02:38.922187+00:00,8.3.0,8.3.0,1,False,PHP-8.3,13.0.0,13.0.0,1,False,Laravel-13,PHP-8.3__Laravel-13,Single constraint,PHPUnit,2026
P4083,mandrasch/ddev-laravel-vite,https://github.com/mandrasch/ddev-laravel-vite,main,,,,2023-04-14T12:34:06Z,2025-08-12T09:45:16Z,2025-02-13T09:34:22Z,248.0,False,False,False,Confirmed Laravel Application,True,True,True,True,True,True,True,2025-02-13T09:34:22+00:00,True,True,phpunit.xml,True,True,False,,^8.2,^11.0,False,False,,False,True,Eligible,2026-09-11T15:02:46.028339+00:00,8.2.0,8.2.0,1,False,PHP-8.2,11.0.0,11.0.0,1,False,Laravel-11,PHP-8.2__Laravel-11,Single constraint,PHPUnit,2025
P4086,bismillahKrenova2026/SmartSabinV2,https://github.com/bismillahKrenova2026/SmartSabinV2,main,,,,2026-04-06T10:06:28Z,2026-06-02T18:03:54Z,2026-05-01T00:55:45Z,769.0,False,False,False,Confirmed Laravel Application,True,True,True,True,True,True,True,2026-05-01T00:55:45+00:00,True,True,phpunit.xml,True,True,True,"test: ['@php artisan config:clear --ansi', '@php artisan test']",^8.2,^12.0,False,False,,False,True,Eligible,2026-09-11T15:02:50.130258+00:00,8.2.0,8.2.0,1,False,PHP-8.2,12.0.0,12.0.0,1,False,Laravel-12,PHP-8.2__Laravel-12,Single constraint,PHPUnit + Composer test,2026
P4095,alansanchez96/PostsApp-Laravel,https://github.com/alansanchez96/PostsApp-Laravel,develop,,,,2022-10-11T21:47:34Z,2026-02-09T02:57:01Z,2026-02-09T02:56:56Z,3758.0,False,False,False,Confirmed Laravel Application,True,True,True,True,True,True,True,2026-02-09T02:56:56+00:00,True,True,phpunit.xml,True,True,False,,^8.0.2,^10.20,False,False,,False,True,Eligible,2026-09-11T15:02:57.372437+00:00,8.0.2,8.0.2,1,False,PHP-8.0,10.20.0,10.20.0,1,False,Laravel-10,PHP-8.0__Laravel-10,Single constraint,PHPUnit,2026
P4099,andreapollastri/indiestats,https://github.com/andreapollastri/indiestats,main,,,MIT,2026-03-25T08:52:09Z,2026-08-31T09:26:10Z,2026-08-27T16:22:13Z,7055.0,False,False,False,Confirmed Laravel Application,True,True,True,True,True,True,True,2026-08-27T16:22:13+00:00,True,True,phpunit.xml,True,True,True,"test: ['@php artisan config:clear --ansi', '@lint:check', '@php artisan test']",^8.3,^13.0,False,False,,False,True,Eligible,2026-09-11T15:03:03.244333+00:00,8.3.0,8.3.0,1,False,PHP-8.3,13.0.0,13.0.0,1,False,Laravel-13,PHP-8.3__Laravel-13,Single constraint,PHPUnit + Composer test,2026
P4105,wpwwhimself/muzyka-szyta-na-miare,https://github.com/wpwwhimself/muzyka-szyta-na-miare,master,,,,2022-10-09T12:47:48Z,2026-09-08T18:32:35Z,2026-09-08T18:27:55Z,40934.0,False,False,False,Confirmed Laravel Application,True,True,True,True,True,True,True,2026-09-08T18:27:55+00:00,True,True,phpunit.xml,True,True,False,,^7.3|^8.1,^12.0,False,False,,False,True,Eligible,2026-09-11T15:03:06.791016+00:00,7.3.0,8.1.0,2,True,"PHP-Multi[7.3,8.1]",12.0.0,12.0.0,1,False,Laravel-12,"PHP-Multi[7.3,8.1]__Laravel-12",Multi-PHP,PHPUnit,2026
P4107,mbpcoder/startpoint,https://github.com/mbpcoder/startpoint,master,,,,2015-12-04T20:58:39Z,2026-08-06T16:31:13Z,2026-09-02T15:07:45Z,3877.0,False,False,False,Confirmed Laravel Application,True,True,True,True,True,True,True,2026-09-02T15:07:45+00:00,True,True,phpunit.xml,True,True,False,,^8.4,^13.0,False,False,,False,True,Eligible,2026-09-11T15:03:10.137603+00:00,8.4.0,8.4.0,1,False,PHP-8.4,13.0.0,13.0.0,1,False,Laravel-13,PHP-8.4__Laravel-13,Single constraint,PHPUnit,2026
P4110,AlpetGexha/Laravel-Employee-Management,https://github.com/AlpetGexha/Laravel-Employee-Management,master,,,,2022-11-03T22:09:47Z,2026-08-27T21:03:46Z,2025-05-27T17:57:14Z,13654.0,False,False,False,Confirmed Laravel Application,True,True,True,True,True,True,True,2025-05-27T17:57:14+00:00,True,True,phpunit.xml,True,True,False,,^8.0.2,^9.19,False,False,,False,True,Eligible,2026-09-11T15:03:13.584864+00:00,8.0.2,8.0.2,1,False,PHP-8.0,9.19.0,9.19.0,1,False,Laravel-9,PHP-8.0__Laravel-9,Single constraint,PHPUnit,2025
P4116,musonza/chat-demo,https://github.com/musonza/chat-demo,master,,,,2018-12-09T21:11:39Z,2026-07-29T18:10:57Z,2026-04-15T18:57:39Z,1987.0,False,False,False,Confirmed Laravel Application,True,True,True,True,True,True,True,2026-04-15T18:57:39+00:00,True,True,phpunit.xml,True,False,True,"test: ['@php artisan config:clear --ansi', '@php artisan test']",^8.2,^12.0,False,False,,False,True,Eligible,2026-09-11T15:03:16.713221+00:00,8.2.0,8.2.0,1,False,PHP-8.2,12.0.0,12.0.0,1,False,Laravel-12,PHP-8.2__Laravel-12,Single constraint,PHPUnit + Composer test,2026
P4118,ArchiveHeritageGroup/heratio,https://github.com/ArchiveHeritageGroup/heratio,main,,,AGPL-3.0,2026-03-06T11:15:59Z,2026-09-08T17:45:13Z,2026-09-08T17:43:51Z,536356.0,False,False,False,Confirmed Laravel Application,True,True,True,True,True,True,True,2026-09-08T17:43:51+00:00,True,True,phpunit.xml,True,True,True,"test: ['@php artisan config:clear --ansi', '@php artisan test']",^8.2,^12.0,False,False,,False,True,Eligible,2026-09-11T15:03:20.344989+00:00,8.2.0,8.2.0,1,False,PHP-8.2,12.0.0,12.0.0,1,False,Laravel-12,PHP-8.2__Laravel-12,Single constraint,PHPUnit + Composer test,2026
P4143,raupulus/www.jaja.raupulus.dev,https://github.com/raupulus/www.jaja.raupulus.dev,main,,,GPL-3.0,2025-05-07T11:24:57Z,2026-06-30T07:20:58Z,2026-06-30T07:20:53Z,2925.0,False,False,False,Confirmed Laravel Application,True,True,True,True,True,True,True,2026-06-30T07:20:53+00:00,True,True,phpunit.xml,True,True,True,"test: ['@php artisan config:clear --ansi', '@php artisan test']",^8.2,^12.0,False,False,,False,True,Eligible,2026-09-11T15:03:36.709158+00:00,8.2.0,8.2.0,1,False,PHP-8.2,12.0.0,12.0.0,1,False,Laravel-12,PHP-8.2__Laravel-12,Single constraint,PHPUnit + Composer test,2026
P4145,NativePHP/kitchen-sink,https://github.com/NativePHP/kitchen-sink,main,,,MIT,2023-05-25T09:15:52Z,2026-08-03T10:31:20Z,2026-05-16T15:16:11Z,661.0,False,False,False,Confirmed Laravel Application,True,True,True,True,True,True,True,2026-05-16T15:16:11+00:00,True,True,phpunit.xml,True,True,True,test: ./vendor/bin/phpunit,^8.3,^12.0,False,False,,False,True,Eligible,2026-09-11T15:03:40.521818+00:00,8.3.0,8.3.0,1,False,PHP-8.3,12.0.0,12.0.0,1,False,Laravel-12,PHP-8.3__Laravel-12,Single constraint,PHPUnit + Composer test,2026
P4164,phi-rakib/inventory-management-system-api,https://github.com/phi-rakib/inventory-management-system-api,main,,,MIT,2024-05-20T12:18:29Z,2026-05-19T16:48:53Z,2025-02-03T03:56:36Z,1498.0,False,False,False,Confirmed Laravel Application,True,True,True,True,True,True,True,2025-02-03T03:56:36+00:00,True,True,phpunit.xml,True,True,False,,^8.2,^11.0,False,False,,False,True,Eligible,2026-09-11T15:03:55.372487+00:00,8.2.0,8.2.0,1,False,PHP-8.2,11.0.0,11.0.0,1,False,Laravel-11,PHP-8.2__Laravel-11,Single constraint,PHPUnit,2025
P4166,gaalgergely/laravel-payment-processing,https://github.com/gaalgergely/laravel-payment-processing,master,,,,2020-04-25T12:10:24Z,2025-12-16T13:17:21Z,2025-12-16T13:17:16Z,1523.0,False,False,False,Confirmed Laravel Application,True,True,True,True,True,True,True,2025-12-16T13:17:16+00:00,True,True,phpunit.xml,True,True,False,,^7.2.5,^7.0,False,False,,False,True,Eligible,2026-09-11T15:03:59.168873+00:00,7.2.5,7.2.5,1,False,PHP-7.2,7.0.0,7.0.0,1,False,Laravel-7,PHP-7.2__Laravel-7,Single constraint,PHPUnit,2025
P4169,nafiesl/dompet,https://github.com/nafiesl/dompet,master,,,MIT,2018-05-22T01:38:49Z,2026-06-18T14:36:57Z,2026-02-16T10:19:59Z,2590.0,False,False,False,Confirmed Laravel Application,True,True,True,True,True,True,True,2026-02-16T10:19:59+00:00,True,True,phpunit.xml,True,True,False,,^7.3 || ^8.0,^8.0,False,False,,False,True,Eligible,2026-09-11T15:04:03.028608+00:00,7.3.0,8.0.0,2,True,"PHP-Multi[7.3,8.0]",8.0.0,8.0.0,1,False,Laravel-8,"PHP-Multi[7.3,8.0]__Laravel-8",Multi-PHP,PHPUnit,2026
P4177,SebKay/laravel-inertia-vue-starter-kit,https://github.com/SebKay/laravel-inertia-vue-starter-kit,main,,,MIT,2022-11-21T21:18:57Z,2026-04-21T19:12:28Z,2026-06-15T19:35:27Z,3109.0,False,False,False,Confirmed Laravel Application,True,True,True,True,True,True,True,2026-06-15T19:35:27+00:00,True,True,phpunit.xml,True,True,True,test: ['./vendor/bin/pest --parallel --stop-on-failure'] | test:coverage: ['XDEBUG_MODE=coverage ./vendor/bin/pest --parallel --stop-on-failure --coverage --min=85'],^8.4,^13.0,False,False,,False,True,Eligible,2026-09-11T15:04:13.942329+00:00,8.4.0,8.4.0,1,False,PHP-8.4,13.0.0,13.0.0,1,False,Laravel-13,PHP-8.4__Laravel-13,Single constraint,PHPUnit + Composer test,2026
P4195,geoff-maddock/events-tracker,https://github.com/geoff-maddock/events-tracker,main,,,MIT,2016-07-20T19:11:12Z,2026-09-08T19:39:21Z,2026-09-10T18:15:22Z,38153.0,False,False,False,Confirmed Laravel Application,True,True,True,True,True,True,True,2026-09-10T18:15:22+00:00,True,True,phpunit.xml,True,True,True,"tests: ['php artisan migrate --verbose', 'php artisan db:seed', './vendor/bin/phpunit tests']",^8.2,^12.61,False,False,,False,True,Eligible,2026-09-11T15:04:20.698197+00:00,8.2.0,8.2.0,1,False,PHP-8.2,12.61.0,12.61.0,1,False,Laravel-12,PHP-8.2__Laravel-12,Single constraint,PHPUnit + Composer test,2026
P4210,asciito/site,https://github.com/asciito/site,main,,,MIT,2024-07-18T19:27:08Z,2026-01-05T15:18:59Z,2026-01-05T15:20:48Z,4171.0,False,False,False,Confirmed Laravel Application,True,True,True,True,True,True,True,2026-01-05T15:20:48+00:00,True,True,phpunit.xml,True,True,True,test: ./vendor/bin/pest | test:ci: @test --ci | test:parallel: @test:ci --parallel | style:test: @style --test | refactor:test: @refactor:fix --dry-run,^8.4,^v12.43.1,False,False,,False,True,Eligible,2026-09-11T15:04:23.960072+00:00,8.4.0,8.4.0,1,False,PHP-8.4,12.43.1,12.43.1,1,False,Laravel-12,PHP-8.4__Laravel-12,Single constraint,PHPUnit + Composer test,2026
P4224,LambdaTest/php-laravel-dusk-todo,https://github.com/LambdaTest/php-laravel-dusk-todo,master,,,,2019-02-03T14:42:09Z,2026-07-22T16:19:36Z,2026-07-22T16:14:35Z,303.0,False,False,False,Confirmed Laravel Application,True,True,True,True,True,True,True,2026-07-22T16:14:35+00:00,True,True,phpunit.xml,True,False,False,,^8.4,^12.37.0,False,False,,False,True,Eligible,2026-09-11T15:04:35.487092+00:00,8.4.0,8.4.0,1,False,PHP-8.4,12.37.0,12.37.0,1,False,Laravel-12,PHP-8.4__Laravel-12,Single constraint,PHPUnit,2026
P4227,2KAbhishek/lacrud,https://github.com/2KAbhishek/lacrud,main,,,GPL-3.0,2022-10-30T16:29:24Z,2026-02-27T07:44:58Z,2026-02-27T07:45:00Z,231.0,False,False,False,Confirmed Laravel Application,True,True,True,True,True,True,True,2026-02-27T07:45:00+00:00,True,True,phpunit.xml,True,True,False,,^8.0.2,^9.19,False,False,,False,True,Eligible,2026-09-11T15:04:38.640349+00:00,8.0.2,8.0.2,1,False,PHP-8.0,9.19.0,9.19.0,1,False,Laravel-9,PHP-8.0__Laravel-9,Single constraint,PHPUnit,2026
P4232,zianscode/final-ukk-cashier-app,https://github.com/zianscode/final-ukk-cashier-app,main,,,,2025-04-15T04:21:48Z,2026-06-17T07:03:46Z,2025-04-16T02:16:45Z,848.0,False,False,False,Confirmed Laravel Application,True,True,True,True,True,True,True,2025-04-16T02:16:45+00:00,True,True,phpunit.xml,True,True,False,,^8.2,^12.0,False,False,,False,True,Eligible,2026-09-11T15:04:42.066811+00:00,8.2.0,8.2.0,1,False,PHP-8.2,12.0.0,12.0.0,1,False,Laravel-12,PHP-8.2__Laravel-12,Single constraint,PHPUnit,2025
P4235,Abdallah01win/StarterApi,https://github.com/Abdallah01win/StarterApi,dev,,,MIT,2025-04-12T06:30:07Z,2026-09-08T18:12:11Z,2026-09-08T18:11:32Z,1232.0,False,False,False,Confirmed Laravel Application,True,True,True,True,True,True,True,2026-09-08T18:11:32+00:00,True,True,phpunit.xml,True,True,False,,^8.2,^12.0,False,False,,False,True,Eligible,2026-09-11T15:04:45.905326+00:00,8.2.0,8.2.0,1,False,PHP-8.2,12.0.0,12.0.0,1,False,Laravel-12,PHP-8.2__Laravel-12,Single constraint,PHPUnit,2026
P4241,mchev/blinest,https://github.com/mchev/blinest,v2.x,,,MIT,2019-11-22T13:00:17Z,2026-09-06T08:00:05Z,2026-09-06T08:00:01Z,34777.0,False,False,False,Confirmed Laravel Application,True,True,True,True,True,True,True,2026-09-06T08:00:01+00:00,True,True,phpunit.xml,True,True,True,test: @php artisan test --compact,^8.3,^13.0,False,False,,False,True,Eligible,2026-09-11T15:04:56.593774+00:00,8.3.0,8.3.0,1,False,PHP-8.3,13.0.0,13.0.0,1,False,Laravel-13,PHP-8.3__Laravel-13,Single constraint,PHPUnit + Composer test,2026
P4255,spatie/scheduled-tweets-app,https://github.com/spatie/scheduled-tweets-app,master,,,,2018-07-06T23:11:00Z,2026-01-31T10:29:51Z,2026-01-31T10:29:47Z,238.0,False,False,False,Confirmed Laravel Application,True,True,True,True,True,True,True,2026-01-31T10:29:47+00:00,True,True,phpunit.xml,True,True,False,,>=7.1.0,5.6.*,False,False,,False,True,Eligible,2026-09-11T15:05:09.302675+00:00,7.1.0,7.1.0,1,False,PHP-7.1,5.6.0,5.6.0,1,False,Laravel-5,PHP-7.1__Laravel-5,Single constraint,PHPUnit,2026
P4260,spatie/freek.dev,https://github.com/spatie/freek.dev,main,,,MIT,2017-11-17T07:55:36Z,2026-09-02T13:44:57Z,2026-09-02T13:34:35Z,39871.0,False,False,False,Confirmed Laravel Application,True,True,True,True,True,True,True,2026-09-02T13:34:35+00:00,True,True,phpunit.xml,True,True,False,,^8.5,^13.0,False,False,,False,True,Eligible,2026-09-11T15:05:18.345284+00:00,8.5.0,8.5.0,1,False,PHP-8.5,13.0.0,13.0.0,1,False,Laravel-13,PHP-8.5__Laravel-13,Single constraint,PHPUnit,2026
P4263,spatie/Mailcoach,https://github.com/spatie/Mailcoach,main,,,,2019-11-07T14:05:22Z,2026-08-29T00:06:13Z,2026-03-09T09:27:14Z,10256.0,False,False,False,Confirmed Laravel Application,True,True,True,True,True,True,True,2026-03-09T09:27:14+00:00,True,True,phpunit.xml,True,False,False,,^8.2,^12.42,False,False,,False,True,Eligible,2026-09-11T15:05:22.081427+00:00,8.2.0,8.2.0,1,False,PHP-8.2,12.42.0,12.42.0,1,False,Laravel-12,PHP-8.2__Laravel-12,Single constraint,PHPUnit,2026
P4267,engsahaly/laravel_socialite_course,https://github.com/engsahaly/laravel_socialite_course,master,,,,2023-06-22T15:14:21Z,2026-06-21T15:11:31Z,2025-01-29T07:29:16Z,131.0,False,False,False,Confirmed Laravel Application,True,True,True,True,True,True,True,2025-01-29T07:29:16+00:00,True,True,phpunit.xml,True,True,False,,^8.1,^10.10,False,False,,False,True,Eligible,2026-09-11T15:05:25.519242+00:00,8.1.0,8.1.0,1,False,PHP-8.1,10.10.0,10.10.0,1,False,Laravel-10,PHP-8.1__Laravel-10,Single constraint,PHPUnit,2025
P4269,rochi88/tall_boilerplate,https://github.com/rochi88/tall_boilerplate,4.x,,,,2022-08-09T09:40:15Z,2026-08-09T12:36:47Z,2026-08-09T12:36:36Z,3624.0,False,False,False,Confirmed Laravel Application,True,True,True,True,True,True,True,2026-08-09T12:36:36+00:00,True,True,phpunit.xml,True,True,True,"test:refacto: rector --dry-run | test:lint: pint --test | test: ['@test:refacto', '@test:lint', '@php artisan config:clear --ansi', '@php artisan test']",^8.3,^13.7,False,False,,False,True,Eligible,2026-09-11T15:05:29.587370+00:00,8.3.0,8.3.0,1,False,PHP-8.3,13.7.0,13.7.0,1,False,Laravel-13,PHP-8.3__Laravel-13,Single constraint,PHPUnit + Composer test,2026
P4286,riskialfi/e-kasir,https://github.com/riskialfi/e-kasir,main,,,,2025-03-11T02:20:04Z,2026-05-06T11:23:34Z,2025-03-12T06:54:14Z,716.0,False,False,False,Confirmed Laravel Application,True,True,True,True,True,True,True,2025-03-12T06:54:14+00:00,True,True,phpunit.xml,True,True,False,,^8.1,^10.10,False,False,,False,True,Eligible,2026-09-11T15:05:34.125312+00:00,8.1.0,8.1.0,1,False,PHP-8.1,10.10.0,10.10.0,1,False,Laravel-10,PHP-8.1__Laravel-10,Single constraint,PHPUnit,2025
P4308,pktharindu/laravel-api-boilerplate,https://github.com/pktharindu/laravel-api-boilerplate,main,,,MIT,2021-06-02T03:16:07Z,2025-10-18T03:03:38Z,2025-10-18T03:03:35Z,117.0,False,False,False,Confirmed Laravel Application,True,True,True,True,True,True,True,2025-10-18T03:03:35+00:00,True,True,phpunit.xml,True,True,False,,^8.0,^8.40,False,False,,False,True,Eligible,2026-09-11T15:05:42.137557+00:00,8.0.0,8.0.0,1,False,PHP-8.0,8.40.0,8.40.0,1,False,Laravel-8,PHP-8.0__Laravel-8,Single constraint,PHPUnit,2025
P4311,LibreHealthIO/lh-ehr-laravel,https://github.com/LibreHealthIO/lh-ehr-laravel,develop,,,,2020-08-19T22:02:08Z,2026-08-27T09:09:27Z,2026-08-23T15:59:45Z,12883.0,False,False,False,Confirmed Laravel Application,True,True,True,True,True,True,True,2026-08-23T15:59:45+00:00,True,True,phpunit.xml,True,True,False,,^8.2,^12.0,False,False,,False,True,Eligible,2026-09-11T15:05:46.204944+00:00,8.2.0,8.2.0,1,False,PHP-8.2,12.0.0,12.0.0,1,False,Laravel-12,PHP-8.2__Laravel-12,Single constraint,PHPUnit,2026
P4326,bbmcodedotcom/laravel10-ai-avatar,https://github.com/bbmcodedotcom/laravel10-ai-avatar,master,,,,2023-11-06T14:31:06Z,2025-05-03T16:00:40Z,2025-05-03T16:00:36Z,232.0,False,False,False,Confirmed Laravel Application,True,True,True,True,True,True,True,2025-05-03T16:00:36+00:00,True,True,phpunit.xml,True,True,False,,^8.1,^10.10,False,False,,False,True,Eligible,2026-09-11T15:05:54.658208+00:00,8.1.0,8.1.0,1,False,PHP-8.1,10.10.0,10.10.0,1,False,Laravel-10,PHP-8.1__Laravel-10,Single constraint,PHPUnit,2025
P4336,davigledson/app_super_gestao,https://github.com/davigledson/app_super_gestao,main,,,Apache-2.0,2023-09-01T04:03:38Z,2025-03-10T22:39:41Z,2025-03-10T22:39:37Z,218.0,False,False,False,Confirmed Laravel Application,True,True,True,True,True,True,True,2025-03-10T22:39:37+00:00,True,True,phpunit.xml,True,True,False,,^8.1,^10.10,False,False,,False,True,Eligible,2026-09-11T15:06:05.890945+00:00,8.1.0,8.1.0,1,False,PHP-8.1,10.10.0,10.10.0,1,False,Laravel-10,PHP-8.1__Laravel-10,Single constraint,PHPUnit,2025
P4343,bagussatoto/Aplikasi-Data-Penjualan-Laravel-8,https://github.com/bagussatoto/Aplikasi-Data-Penjualan-Laravel-8,main,,,,2022-04-14T17:47:31Z,2026-07-25T05:00:02Z,2026-09-09T22:36:06Z,4297.0,False,False,False,Confirmed Laravel Application,True,True,True,True,True,True,True,2026-09-09T22:36:06+00:00,True,True,phpunit.xml,True,True,False,,^7.3|^8.0,^8.65,False,False,,False,True,Eligible,2026-09-11T15:06:10.242426+00:00,7.3.0,8.0.0,2,True,"PHP-Multi[7.3,8.0]",8.65.0,8.65.0,1,False,Laravel-8,"PHP-Multi[7.3,8.0]__Laravel-8",Multi-PHP,PHPUnit,2026
P4359,XetaIO/Xetaravel,https://github.com/XetaIO/Xetaravel,master,,,MIT,2016-12-10T03:25:05Z,2026-01-10T19:03:33Z,2025-10-09T07:44:32Z,14464.0,False,False,False,Confirmed Laravel Application,True,True,True,True,True,True,True,2025-10-09T07:44:32+00:00,True,True,phpunit.xml,True,False,False,,^8.2,^12.0,False,False,,False,True,Eligible,2026-09-11T15:06:17.165921+00:00,8.2.0,8.2.0,1,False,PHP-8.2,12.0.0,12.0.0,1,False,Laravel-12,PHP-8.2__Laravel-12,Single constraint,PHPUnit,2025
P4362,safytech/ulearn,https://github.com/safytech/ulearn,master,,,MIT,2019-08-14T10:51:23Z,2026-09-10T16:19:31Z,2026-03-10T15:58:06Z,69061.0,False,False,False,Confirmed Laravel Application,True,True,True,True,True,True,True,2026-03-10T15:58:06+00:00,True,True,phpunit.xml,True,True,False,,^7.1.3,5.8.*,False,False,,False,True,Eligible,2026-09-11T15:06:22.102789+00:00,7.1.3,7.1.3,1,False,PHP-7.1,5.8.0,5.8.0,1,False,Laravel-5,PHP-7.1__Laravel-5,Single constraint,PHPUnit,2026
P4365,para1992/laravel-rick-demo,https://github.com/para1992/laravel-rick-demo,main,,,MIT,2026-08-13T17:57:35Z,2026-08-21T23:00:48Z,2026-08-13T18:13:10Z,63.0,False,False,False,Confirmed Laravel Application,True,True,True,True,True,True,True,2026-08-13T18:13:10+00:00,True,True,phpunit.xml,True,True,True,"test: ['@php artisan config:clear --ansi @no_additional_args', '@php artisan test']",^8.3,^13.17,False,False,,False,True,Eligible,2026-09-11T15:06:25.980119+00:00,8.3.0,8.3.0,1,False,PHP-8.3,13.17.0,13.17.0,1,False,Laravel-13,PHP-8.3__Laravel-13,Single constraint,PHPUnit + Composer test,2026
P4385,saifali-dev/worktrack,https://github.com/saifali-dev/worktrack,main,,,,2024-03-28T07:42:51Z,2026-09-06T19:13:46Z,2026-09-06T19:13:42Z,1714.0,False,False,False,Confirmed Laravel Application,True,True,True,True,True,True,True,2026-09-06T19:13:42+00:00,True,True,phpunit.xml,True,True,False,,^8.2,^11.0,False,False,,False,True,Eligible,2026-09-11T15:06:32.989690+00:00,8.2.0,8.2.0,1,False,PHP-8.2,11.0.0,11.0.0,1,False,Laravel-11,PHP-8.2__Laravel-11,Single constraint,PHPUnit,2026
P4392,mabdusshakur/simp-estore-api,https://github.com/mabdusshakur/simp-estore-api,main,,,,2023-12-22T16:59:19Z,2025-12-10T14:29:51Z,2025-12-09T13:03:17Z,305.0,False,False,False,Confirmed Laravel Application,True,True,True,True,True,True,True,2025-12-09T13:03:17+00:00,True,True,phpunit.xml,True,True,False,,^8.1,^10.10,False,False,,False,True,Eligible,2026-09-11T15:06:36.335168+00:00,8.1.0,8.1.0,1,False,PHP-8.1,10.10.0,10.10.0,1,False,Laravel-10,PHP-8.1__Laravel-10,Single constraint,PHPUnit,2025
P4402,ellaisys/demo_cognito_app,https://github.com/ellaisys/demo_cognito_app,master,,,MIT,2022-01-10T20:49:07Z,2026-06-26T14:33:04Z,2026-06-26T14:33:06Z,2009.0,False,False,False,Confirmed Laravel Application,True,True,True,True,True,True,True,2026-06-26T14:33:06+00:00,True,True,phpunit.xml,True,True,False,,^7.3|^8.0,^9.0,False,False,,False,True,Eligible,2026-09-11T15:06:40.761111+00:00,7.3.0,8.0.0,2,True,"PHP-Multi[7.3,8.0]",9.0.0,9.0.0,1,False,Laravel-9,"PHP-Multi[7.3,8.0]__Laravel-9",Multi-PHP,PHPUnit,2026
P4411,FitzwilliamMuseum/fitz-collection-online,https://github.com/FitzwilliamMuseum/fitz-collection-online,master,,,GPL-3.0,2020-07-03T14:18:19Z,2026-01-12T16:42:25Z,2026-09-04T10:29:48Z,10068.0,False,False,False,Confirmed Laravel Application,True,True,True,True,True,True,True,2026-09-04T10:29:48+00:00,True,True,phpunit.xml,True,True,False,,^8.0|^8.1,^9.26.1,False,False,,False,True,Eligible,2026-09-11T15:06:54.174773+00:00,8.0.0,8.1.0,2,True,"PHP-Multi[8.0,8.1]",9.26.1,9.26.1,1,False,Laravel-9,"PHP-Multi[8.0,8.1]__Laravel-9",Multi-PHP,PHPUnit,2026
P4419,ProxyPanel/ProxyPanel,https://github.com/ProxyPanel/ProxyPanel,master,,,GPL-3.0,2019-11-06T15:23:14Z,2026-09-09T03:26:11Z,2026-03-16T15:59:06Z,486002.0,False,False,False,Confirmed Laravel Application,True,True,True,True,True,True,True,2026-03-16T15:59:06+00:00,True,True,phpunit.xml,True,False,False,,^8.1,^10.8,False,False,,False,True,Eligible,2026-09-11T15:06:57.180759+00:00,8.1.0,8.1.0,1,False,PHP-8.1,10.8.0,10.8.0,1,False,Laravel-10,PHP-8.1__Laravel-10,Single constraint,PHPUnit,2026
P4431,josuapsianturi/velflix,https://github.com/josuapsianturi/velflix,main,,,MIT,2021-04-06T13:55:41Z,2026-08-18T17:50:56Z,2026-06-29T11:02:38Z,24394.0,False,False,False,Confirmed Laravel Application,True,True,True,True,True,True,True,2026-06-29T11:02:38+00:00,True,True,phpunit.xml,True,True,False,,^8.0.2,^9.19,False,False,,False,True,Eligible,2026-09-11T15:07:01.514753+00:00,8.0.2,8.0.2,1,False,PHP-8.0,9.19.0,9.19.0,1,False,Laravel-9,PHP-8.0__Laravel-9,Single constraint,PHPUnit,2026
P4437,tinymce/devrel-tinymce-laravel-demo,https://github.com/tinymce/devrel-tinymce-laravel-demo,main,,,,2025-01-30T04:24:58Z,2025-12-06T23:51:39Z,2025-07-25T19:07:51Z,38.0,False,False,False,Confirmed Laravel Application,True,True,True,True,True,True,True,2025-07-25T19:07:51+00:00,True,True,phpunit.xml,True,False,False,,^8.2,^11.31,False,False,,False,True,Eligible,2026-09-11T15:07:08.632023+00:00,8.2.0,8.2.0,1,False,PHP-8.2,11.31.0,11.31.0,1,False,Laravel-11,PHP-8.2__Laravel-11,Single constraint,PHPUnit,2025
P4445,YoKYa/SIPS-Desa,https://github.com/YoKYa/SIPS-Desa,main,,,,2021-09-12T06:29:44Z,2025-11-09T06:20:51Z,2025-11-09T06:20:46Z,8251.0,False,False,False,Confirmed Laravel Application,True,True,True,True,True,True,True,2025-11-09T06:20:46+00:00,True,True,phpunit.xml,True,True,False,,^7.3|^8.0,^8.54,False,False,,False,True,Eligible,2026-09-11T15:07:12.467785+00:00,7.3.0,8.0.0,2,True,"PHP-Multi[7.3,8.0]",8.54.0,8.54.0,1,False,Laravel-8,"PHP-Multi[7.3,8.0]__Laravel-8",Multi-PHP,PHPUnit,2025
P4462,srph/yeet,https://github.com/srph/yeet,main,,,,2025-02-16T11:56:28Z,2026-09-03T01:10:46Z,2026-09-03T01:10:36Z,2631.0,False,False,False,Confirmed Laravel Application,True,True,True,True,True,True,True,2026-09-03T01:10:36+00:00,True,True,phpunit.xml,True,True,True,"test: ['@php artisan config:clear --ansi @no_additional_args', '@php artisan test']",^8.3,^13.8,False,False,,False,True,Eligible,2026-09-11T15:07:21.453527+00:00,8.3.0,8.3.0,1,False,PHP-8.3,13.8.0,13.8.0,1,False,Laravel-13,PHP-8.3__Laravel-13,Single constraint,PHPUnit + Composer test,2026
P4471,ilsyaa/lazyui-docs,https://github.com/ilsyaa/lazyui-docs,master,,,,2025-04-11T03:43:20Z,2026-06-21T10:34:00Z,2025-07-30T09:26:51Z,5160.0,False,False,False,Confirmed Laravel Application,True,True,True,True,True,True,True,2025-07-30T09:26:51+00:00,True,True,phpunit.xml,True,True,False,,^8.2,^12.0,False,False,,False,True,Eligible,2026-09-11T15:07:32.769321+00:00,8.2.0,8.2.0,1,False,PHP-8.2,12.0.0,12.0.0,1,False,Laravel-12,PHP-8.2__Laravel-12,Single constraint,PHPUnit,2025
P4473,meetmansoorali/users_management,https://github.com/meetmansoorali/users_management,main,,,,2026-05-18T19:04:07Z,2026-07-22T14:14:53Z,2026-05-18T19:11:26Z,60.0,False,False,False,Confirmed Laravel Application,True,True,True,True,True,True,True,2026-05-18T19:11:26+00:00,True,True,phpunit.xml,True,True,True,"test: ['@php artisan config:clear --ansi', '@php artisan test']",^8.2,^12.0,False,False,,False,True,Eligible,2026-09-11T15:07:36.656129+00:00,8.2.0,8.2.0,1,False,PHP-8.2,12.0.0,12.0.0,1,False,Laravel-12,PHP-8.2__Laravel-12,Single constraint,PHPUnit + Composer test,2026
P4482,siamaknaghel/clinic-management-system,https://github.com/siamaknaghel/clinic-management-system,main,,,,2025-08-15T23:24:53Z,2026-07-25T04:17:10Z,2026-07-13T18:00:08Z,1738.0,False,False,False,Confirmed Laravel Application,True,True,True,True,True,True,True,2026-07-13T18:00:08+00:00,True,True,phpunit.xml,True,True,True,"test: ['@php artisan config:clear --ansi', '@php artisan test']",^8.2,^12.0,False,False,,False,True,Eligible,2026-09-11T15:07:49.171419+00:00,8.2.0,8.2.0,1,False,PHP-8.2,12.0.0,12.0.0,1,False,Laravel-12,PHP-8.2__Laravel-12,Single constraint,PHPUnit + Composer test,2026
P4485,CallMeFG/project-website-semester2,https://github.com/CallMeFG/project-website-semester2,main,,,MIT,2025-06-03T03:39:48Z,2026-05-06T02:15:49Z,2025-06-19T21:54:54Z,30131.0,False,False,False,Confirmed Laravel Application,True,True,True,True,True,True,True,2025-06-19T21:54:54+00:00,True,True,phpunit.xml,True,True,True,"test: ['@php artisan config:clear --ansi', '@php artisan test']",^8.2,^12.0,False,False,,False,True,Eligible,2026-09-11T15:07:52.973831+00:00,8.2.0,8.2.0,1,False,PHP-8.2,12.0.0,12.0.0,1,False,Laravel-12,PHP-8.2__Laravel-12,Single constraint,PHPUnit + Composer test,2025
P4488,ozdemirburak/simple-cms,https://github.com/ozdemirburak/simple-cms,master,,,,2015-04-03T08:08:06Z,2026-08-26T14:26:32Z,2026-08-02T01:25:27Z,5068.0,False,False,False,Confirmed Laravel Application,True,True,True,True,True,True,True,2026-08-02T01:25:27+00:00,True,True,phpunit.xml,True,True,True,"test: ['@php artisan config:clear --ansi', '@php artisan test']",^8.3,^13.0,False,False,,False,True,Eligible,2026-09-11T15:07:56.757353+00:00,8.3.0,8.3.0,1,False,PHP-8.3,13.0.0,13.0.0,1,False,Laravel-13,PHP-8.3__Laravel-13,Single constraint,PHPUnit + Composer test,2026
P4494,bervProject/azure-resource-exploration-php-laravel,https://github.com/bervProject/azure-resource-exploration-php-laravel,main,,,MIT,2019-12-21T08:59:27Z,2026-07-20T08:32:33Z,2026-09-10T07:44:29Z,13784.0,False,False,False,Confirmed Laravel Application,True,True,True,True,True,True,True,2026-09-10T07:44:29+00:00,True,True,phpunit.xml,True,True,False,,^8.0,^12.0,False,False,,False,True,Eligible,2026-09-11T15:08:12.156951+00:00,8.0.0,8.0.0,1,False,PHP-8.0,12.0.0,12.0.0,1,False,Laravel-12,PHP-8.0__Laravel-12,Single constraint,PHPUnit,2026
P4504,behindSolution/LQG-example,https://github.com/behindSolution/LQG-example,master,,,,2026-01-15T03:56:12Z,2026-01-20T02:42:19Z,2026-01-19T18:26:04Z,107.0,False,False,False,Confirmed Laravel Application,True,True,True,True,True,True,True,2026-01-19T18:26:04+00:00,True,True,phpunit.xml,True,True,True,"test: ['@php artisan config:clear --ansi', '@php artisan test']",^8.2,^12.0,False,False,,False,True,Eligible,2026-09-11T15:08:20.328234+00:00,8.2.0,8.2.0,1,False,PHP-8.2,12.0.0,12.0.0,1,False,Laravel-12,PHP-8.2__Laravel-12,Single constraint,PHPUnit + Composer test,2026
P4505,silassdev/crispy-sniffle,https://github.com/silassdev/crispy-sniffle,main,,,,2025-10-27T16:06:41Z,2026-08-22T07:39:15Z,2026-04-30T11:48:10Z,6327.0,False,False,False,Confirmed Laravel Application,True,True,True,True,True,True,True,2026-04-30T11:48:10+00:00,True,True,phpunit.xml,True,True,True,"test: ['@php artisan config:clear --ansi', '@php artisan test']",^8.2,^12.0,False,False,,False,True,Eligible,2026-09-11T15:08:24.164438+00:00,8.2.0,8.2.0,1,False,PHP-8.2,12.0.0,12.0.0,1,False,Laravel-12,PHP-8.2__Laravel-12,Single constraint,PHPUnit + Composer test,2026
P4510,Pupler/Crypto-Exchange-Website,https://github.com/Pupler/Crypto-Exchange-Website,main,,,MIT,2024-11-23T14:45:13Z,2026-06-23T19:23:29Z,2025-11-10T10:19:53Z,5473.0,False,False,False,Confirmed Laravel Application,True,True,True,True,True,True,True,2025-11-10T10:19:53+00:00,True,True,phpunit.xml,True,True,False,,^8.2,^11.9,False,False,,False,True,Eligible,2026-09-11T15:08:27.687087+00:00,8.2.0,8.2.0,1,False,PHP-8.2,11.9.0,11.9.0,1,False,Laravel-11,PHP-8.2__Laravel-11,Single constraint,PHPUnit,2025
P4533,statamic/docs,https://github.com/statamic/docs,6.x,,,NOASSERTION,2019-08-29T17:47:34Z,2026-09-10T17:02:20Z,2026-09-10T17:02:18Z,129421.0,False,False,False,Confirmed Laravel Application,True,True,True,True,True,True,True,2026-09-10T17:02:18+00:00,True,True,phpunit.xml,True,True,False,,^8.2,^13.0,False,False,,False,True,Eligible,2026-09-11T15:08:49.480921+00:00,8.2.0,8.2.0,1,False,PHP-8.2,13.0.0,13.0.0,1,False,Laravel-13,PHP-8.2__Laravel-13,Single constraint,PHPUnit,2026
P4536,morpheusadam/RtlForge,https://github.com/morpheusadam/RtlForge,main,,,MIT,2024-08-13T19:09:40Z,2026-08-03T11:40:20Z,2026-08-03T11:38:06Z,36041.0,False,False,False,Confirmed Laravel Application,True,True,True,True,True,True,True,2026-08-03T11:38:06+00:00,True,True,phpunit.xml,True,True,False,,^8.2.0,^11.0,False,False,,False,True,Eligible,2026-09-11T15:08:53.352889+00:00,8.2.0,8.2.0,1,False,PHP-8.2,11.0.0,11.0.0,1,False,Laravel-11,PHP-8.2__Laravel-11,Single constraint,PHPUnit,2026
P4540,fusioncms/fusioncms,https://github.com/fusioncms/fusioncms,nightly,,,MIT,2019-07-09T19:04:17Z,2026-06-09T22:07:56Z,2026-06-20T06:12:09Z,298717.0,False,False,False,Confirmed Laravel Application,True,True,True,True,True,True,True,2026-06-20T06:12:09+00:00,True,True,phpunit.xml,True,True,False,,^7.3|^8.0,^8.20,False,False,,False,True,Eligible,2026-09-11T15:08:56.927636+00:00,7.3.0,8.0.0,2,True,"PHP-Multi[7.3,8.0]",8.20.0,8.20.0,1,False,Laravel-8,"PHP-Multi[7.3,8.0]__Laravel-8",Multi-PHP,PHPUnit,2026
P4549,laravelio/paste.laravel.io,https://github.com/laravelio/paste.laravel.io,main,,,MIT,2017-02-05T13:29:02Z,2026-09-04T02:16:48Z,2026-09-04T02:16:45Z,3934.0,False,False,False,Confirmed Laravel Application,True,True,True,True,True,True,True,2026-09-04T02:16:45+00:00,True,True,phpunit.xml,True,True,False,,8.4.*,^12.49,False,False,,False,True,Eligible,2026-09-11T15:09:04.173926+00:00,8.4.0,8.4.0,1,False,PHP-8.4,12.49.0,12.49.0,1,False,Laravel-12,PHP-8.4__Laravel-12,Single constraint,PHPUnit,2026
P4560,MaxKorlaar/hypixel-signatures,https://github.com/MaxKorlaar/hypixel-signatures,main,,,NOASSERTION,2019-11-29T11:11:24Z,2026-09-09T07:01:31Z,2026-05-26T13:53:03Z,8200.0,False,False,False,Confirmed Laravel Application,True,True,True,True,True,True,True,2026-05-26T13:53:03+00:00,True,True,phpunit.xml,True,True,False,,^8.4,^12.0,False,False,,False,True,Eligible,2026-09-11T15:09:08.157219+00:00,8.4.0,8.4.0,1,False,PHP-8.4,12.0.0,12.0.0,1,False,Laravel-12,PHP-8.4__Laravel-12,Single constraint,PHPUnit,2026
P4574,ikhbalfuady/lavux,https://github.com/ikhbalfuady/lavux,master,,,,2023-02-27T16:47:50Z,2025-09-03T00:34:48Z,2025-02-25T08:08:32Z,839.0,False,False,False,Confirmed Laravel Application,True,True,True,True,True,True,True,2025-02-25T08:08:32+00:00,True,True,phpunit.xml,True,True,False,,^8.1,^10.0,False,False,,False,True,Eligible,2026-09-11T15:09:15.161830+00:00,8.1.0,8.1.0,1,False,PHP-8.1,10.0.0,10.0.0,1,False,Laravel-10,PHP-8.1__Laravel-10,Single constraint,PHPUnit,2025
P4594,Ygryan360/LOSLC-Registration,https://github.com/Ygryan360/LOSLC-Registration,main,,,,2025-03-20T14:06:43Z,2025-04-23T11:34:44Z,2025-04-07T16:23:26Z,1618.0,False,False,False,Confirmed Laravel Application,True,True,True,True,True,True,True,2025-04-07T16:23:26+00:00,True,True,phpunit.xml,True,False,False,,^8.2,^12.0,False,False,,False,True,Eligible,2026-09-11T15:09:30.047740+00:00,8.2.0,8.2.0,1,False,PHP-8.2,12.0.0,12.0.0,1,False,Laravel-12,PHP-8.2__Laravel-12,Single constraint,PHPUnit,2025
