repo_full_name,url,stars_github,pushed_at,latest_sha,recent_activity,composer_json,composer_lock,test_directory,phpunit_config,dockerfile,eligibility_status,exclusion_reason
abdelrahim3aa/Learning-Management-Systems-LMS_GP,https://github.com/abdelrahim3aa/Learning-Management-Systems-LMS_GP,2.0,2025-05-08T15:28:25Z,43e5b463d5598f31092736e9015fce2173997654,False,True,True,True,True,True,Not Eligible,Not recently active; Dockerfile present
innocommerce/innoshop,https://github.com/innocommerce/innoshop,657.0,2026-09-07T11:53:43Z,66d19535db3698a052c7362f8cb187af98f781e6,True,True,True,True,True,False,Eligible,
HendraGunadie/Buku-Tamu-Laravel,https://github.com/HendraGunadie/Buku-Tamu-Laravel,25.0,2025-09-30T04:12:15Z,187f1008617dedccb69a4ce81ed986740d49c6d2,True,True,True,True,True,False,Eligible,
AbdallhElzayat2020/Auth_Authorize_Native,https://github.com/AbdallhElzayat2020/Auth_Authorize_Native,4.0,2025-08-05T04:35:58Z,9ea55407a0d43ec6e5d749c1977150db21e7237c,False,True,True,True,True,False,Not Eligible,Not recently active
ElieRu/quick-cartel,https://github.com/ElieRu/quick-cartel,2.0,2025-12-09T13:51:27Z,8a61d136d35dea61cfc9106867144f72321af44d,True,True,True,True,True,False,Eligible,
michaelnjuguna/open-source-hrm,https://github.com/michaelnjuguna/open-source-hrm,32.0,2026-01-11T21:11:27Z,8f99131e017b25651328ea4c8bb8d3131cc87332,True,True,True,True,True,False,Eligible,
RyderAsKing/Plicense,https://github.com/RyderAsKing/Plicense,5.0,2026-07-18T09:07:54Z,73ec633497967a8f78ff1ab762fdaec7e8294127,True,True,True,True,True,False,Eligible,
WajdMHeshme/E-Store-Backend,https://github.com/WajdMHeshme/E-Store-Backend,2.0,2026-03-26T18:56:03Z,53382a9846523db112611d37c9334f1f98f17fa9,True,True,True,True,True,False,Eligible,
imcanugur/ai-analyzer,https://github.com/imcanugur/ai-analyzer,2.0,2026-07-22T19:21:33Z,dd40f0b301a8aca93d9c8bc0532b81c7dfff88f3,True,True,True,True,True,True,Not Eligible,Dockerfile present
Log1x/filament-starter,https://github.com/Log1x/filament-starter,527.0,2026-01-26T11:25:46Z,d84d94a6042ad250c6eaef7d441fe3adc2546eef,True,True,False,False,False,False,Not Eligible,No tests directory; No PHPUnit configuration
electrikmilk/astral-desktop,https://github.com/electrikmilk/astral-desktop,5.0,2026-08-03T23:31:06Z,f7f74d4007c9a2aa325651929f6a402f93096d71,True,True,True,True,True,False,Eligible,
WINBIGFOX/TimeScribe,https://github.com/WINBIGFOX/TimeScribe,896.0,2026-06-02T13:28:40Z,6d44d8a390d1a1bf64063638d737b7a40928c789,True,True,True,True,True,False,Eligible,
Kareem-Bizreh/E-Commerce_Platform,https://github.com/Kareem-Bizreh/E-Commerce_Platform,6.0,2025-01-24T19:02:43Z,7fffee8dd991c6499a256afb52c20f5398cb4d48,False,True,True,True,True,False,Not Eligible,Not recently active
Omar-Mega-Byte/eCommerce-Laravel,https://github.com/Omar-Mega-Byte/eCommerce-Laravel,5.0,2025-02-24T20:30:40Z,4627c8e1a3c1dbb4e19eee4a7aa0850102f59574,False,True,True,True,True,False,Not Eligible,Not recently active
piotr-jura-udemy/master-laravel-vue-fullstack,https://github.com/piotr-jura-udemy/master-laravel-vue-fullstack,73.0,2026-07-05T11:49:02Z,dc8be3c920833494b878321ff61296332b24bf21,True,True,True,True,True,False,Eligible,
chitranjan-gupta/laravel-lms-api,https://github.com/chitranjan-gupta/laravel-lms-api,5.0,2025-03-10T08:22:42Z,759cd71da09b6268965ae4b78a2dca641cb77282,False,True,True,True,True,True,Not Eligible,Not recently active; Dockerfile present
tbhaxor/Taskify,https://github.com/tbhaxor/Taskify,6.0,2025-06-10T17:24:44Z,30aca1ea11798ca5ee6c8453879e2c15959c87d4,False,True,True,True,True,True,Not Eligible,Not recently active; Dockerfile present
maurocasas/fastindex,https://github.com/maurocasas/fastindex,110.0,2025-02-06T18:21:34Z,8e05f52a045a2a6e0eebd17458eeb725a6c1f04c,False,True,True,True,True,False,Not Eligible,Not recently active
SjorsO/watchtower,https://github.com/SjorsO/watchtower,20.0,2025-12-20T15:39:34Z,f867524ec3ada17ae797e0cb594694ae2c5926ae,True,True,True,True,True,False,Eligible,
ProMoath/Gheras-Manager-Back-End,https://github.com/ProMoath/Gheras-Manager-Back-End,2.0,2026-09-10T04:33:52Z,acc8879d18148f9dcf4396134dfac958ae0f6e24,True,True,True,True,True,False,Eligible,
raflizocky/field-service-management,https://github.com/raflizocky/field-service-management,4.0,2025-06-27T11:57:42Z,07c17ed8054eb61f3d088ac8f14a7945a174bfa0,False,True,True,True,True,False,Not Eligible,Not recently active
AlexHu65/laravel-saas-ai-documents,https://github.com/AlexHu65/laravel-saas-ai-documents,2.0,2026-08-26T18:51:17Z,d01f927eff1b22d6538e1837bb272cc8b73a5648,True,True,True,True,True,False,Eligible,
mpa12/elasticsearch-example,https://github.com/mpa12/elasticsearch-example,2.0,2025-03-31T00:45:24Z,8e4d0bb5cfbe91bb48b739d1c802f39c0f8a3238,False,True,True,True,True,False,Not Eligible,Not recently active
jjdejong/phpip,https://github.com/jjdejong/phpip,56.0,2026-07-16T15:35:51Z,554f833bfce99ed9378e061ea0df0d0a455eb790,True,True,True,True,True,False,Eligible,
TechnicPack/TechnicSolder,https://github.com/TechnicPack/TechnicSolder,180.0,2026-09-09T22:13:33Z,262d2ae4693b8ce73b0e122d8f2c3a447fd57afe,True,True,False,True,True,True,Not Eligible,Dockerfile present
johndavedecano/laragym,https://github.com/johndavedecano/laragym,356.0,2026-05-14T13:41:09Z,256ccef10d1b300b89569367bf4057853ff49fc7,True,True,True,True,True,False,Eligible,
mortenebak/tallstarter,https://github.com/mortenebak/tallstarter,134.0,2026-09-06T10:35:53Z,68ac0331f48905f196f111c0fb4ae83a85c88a9e,True,True,True,True,True,False,Eligible,
spone12/forum,https://github.com/spone12/forum,2.0,2025-10-04T07:50:45Z,1e15017184ee8d68bb58fc0662741adef38a4c2f,True,True,True,True,True,False,Eligible,
engsahaly/laravel_course_level_2,https://github.com/engsahaly/laravel_course_level_2,2.0,2025-01-29T07:46:03Z,a4d6c75e604ddb43546ed0aa7637939791d1db03,False,True,True,True,True,False,Not Eligible,Not recently active
MarcosKlender/Larapark,https://github.com/MarcosKlender/Larapark,5.0,2025-11-03T15:52:57Z,f890b071754482b18ec573a087c27b1d2c5aa986,True,True,True,True,True,False,Eligible,
cib-Both/Inventory_Management,https://github.com/cib-Both/Inventory_Management,2.0,2026-06-12T10:39:17Z,8e553298cfc40253915c352e4e1a4454b1bfd4a2,True,True,True,True,True,False,Eligible,
brunocaramelo/task-dashboard,https://github.com/brunocaramelo/task-dashboard,4.0,2026-06-18T18:58:30Z,965d823e9d63296d7247441219a19b90a004b15c,True,True,True,True,True,True,Not Eligible,Dockerfile present
righttolearn/ddlibrary,https://github.com/righttolearn/ddlibrary,10.0,2026-09-08T10:26:09Z,9021f8038eaecfc8fd9599b5f58586042b384ce3,True,True,True,True,True,False,Eligible,
jamesdordoy/Portfolio,https://github.com/jamesdordoy/Portfolio,8.0,2026-06-29T13:53:56Z,d1c258c7cbffc0d4cce6fd1c8b5eaa78cd861389,True,True,True,True,True,False,Eligible,
SantanuDatta/BookHive,https://github.com/SantanuDatta/BookHive,4.0,2026-09-02T04:45:13Z,8f8b85b1fd25f0ba89db0bb65f283bc179f933fb,True,True,True,True,True,False,Eligible,
Cut0x/forum-php,https://github.com/Cut0x/forum-php,2.0,2026-08-28T19:31:27Z,cd4df2352fe9537d3a898ba89d76d0387b263161,True,True,True,True,True,False,Eligible,
pterodactyl/panel,https://github.com/pterodactyl/panel,9219.0,2026-08-14T20:17:23Z,113ea43d0d48f48d567c9d91e4a7d5b5bb8876e3,True,True,True,True,True,True,Not Eligible,Dockerfile present
bubblevy/bubbleclinic,https://github.com/bubblevy/bubbleclinic,50.0,2025-12-18T11:15:01Z,f78aea6c9f2a72237c3e4f7a141468c46cafa72f,True,True,True,True,True,False,Eligible,
tsukumijima/jikkyo-api,https://github.com/tsukumijima/jikkyo-api,23.0,2025-01-10T21:25:57Z,bca86ffe77edb61d23fdf478c9aa35faca161753,False,True,True,False,False,False,Not Eligible,Not recently active; No tests directory; No PHPUnit configuration
steveneppler/teslog-web,https://github.com/steveneppler/teslog-web,3.0,2026-08-03T19:01:18Z,8daf311e7fe96b78cfbc70f0538ef901150b7fd1,True,True,True,True,True,True,Not Eligible,Dockerfile present
sprblm/CTFG,https://github.com/sprblm/CTFG,27.0,2025-02-11T23:32:13Z,dc20e91085a8dfca5e8e88a2c48874957190e49f,False,True,True,True,True,False,Not Eligible,Not recently active
NativePHP/nativephp.com,https://github.com/NativePHP/nativephp.com,341.0,2026-09-10T15:11:02Z,cb527648da71e61ec700ba4a660ec625795d4b8e,True,True,True,True,True,False,Eligible,
ploi/roadmap,https://github.com/ploi/roadmap,569.0,2026-08-06T12:38:49Z,a88959472a0e2db4287fa7b6dbc89c0e30f9e5ec,True,True,True,True,True,True,Not Eligible,Dockerfile present
MadeByGreyhound/uptime-monitor,https://github.com/MadeByGreyhound/uptime-monitor,3.0,2026-03-17T20:06:21Z,1d3c8cf6c13beda1f5416c1114deaf404acd3a4a,True,True,True,False,True,False,Not Eligible,No tests directory
iurygdeoliveira/labSIS-KIT,https://github.com/iurygdeoliveira/labSIS-KIT,31.0,2026-09-07T19:16:57Z,a66deba956e258da3253f5a444c4c4af5e213161,True,True,True,True,True,True,Not Eligible,Dockerfile present
nasirkhan/laravel-starter,https://github.com/nasirkhan/laravel-starter,1406.0,2026-09-08T06:38:24Z,3b22c493b6879de2db39618a27b1c51b3731c7ec,True,True,True,True,True,False,Eligible,
javdome/unstyled-blade-starter-kit,https://github.com/javdome/unstyled-blade-starter-kit,24.0,2025-04-23T06:17:47Z,7ca28a4a2c9373d1e514d0283d573a010ede2e20,False,True,False,True,True,False,Not Eligible,Not recently active
jp7io/laravel-apz,https://github.com/jp7io/laravel-apz,315.0,2026-08-24T21:55:51Z,bcfcfe72905becd11076fa8dcd5ce0306b29cdac,True,True,True,True,True,True,Not Eligible,Dockerfile present
ash-jc-allen/find-a-pr,https://github.com/ash-jc-allen/find-a-pr,83.0,2026-09-05T12:36:10Z,ac7ebbb23359a0017d35605759b0a51292a0c447,True,True,True,True,True,False,Eligible,
iSPA-io/ispa-cms,https://github.com/iSPA-io/ispa-cms,2.0,2026-01-14T14:43:05Z,fb072594db5a317228820422cdf61837cd66141c,True,True,True,True,True,True,Not Eligible,Dockerfile present
ryan-shirley/Guides-Expense-Income-Tracking,https://github.com/ryan-shirley/Guides-Expense-Income-Tracking,8.0,2025-01-24T22:57:37Z,8056ed5f16de1b557479c7956082d6c7dec19bdc,False,True,True,True,True,True,Not Eligible,Not recently active; Dockerfile present
vatsimnetwork/nattrak,https://github.com/vatsimnetwork/nattrak,11.0,2026-08-05T02:47:03Z,fa9e5de31fe58d55b3e74e3adbf1c2732aeece36,True,True,True,True,True,True,Not Eligible,Dockerfile present
agorakit/agorakit,https://github.com/agorakit/agorakit,453.0,2026-02-05T08:07:43Z,6015f6b07301b418a490da06bb33d7039b797ae2,True,True,True,True,True,True,Not Eligible,Dockerfile present
theharshkhatri/vendorflow,https://github.com/theharshkhatri/vendorflow,2.0,2026-05-13T11:53:55Z,a94aacf5afd46c99537502b5990375177e61890c,True,True,True,True,True,False,Eligible,
McNamara84/omxfc-vereinswebseite,https://github.com/McNamara84/omxfc-vereinswebseite,2.0,2026-09-08T02:37:48Z,d094fb41df5243351367ebbb3552fd8ef730dbc2,True,True,True,True,True,True,Not Eligible,Dockerfile present
cachethq/cachet,https://github.com/cachethq/cachet,15239.0,2026-09-07T07:02:35Z,159acd7f73fa52ff6966e5a4175750b26f3f0843,True,True,True,True,True,False,Eligible,
rapidez/rapidez,https://github.com/rapidez/rapidez,64.0,2026-09-10T08:01:26Z,07b0ad55af9ce8174fc4121c10bd71acd9d1ee0e,True,True,False,True,True,True,Not Eligible,Dockerfile present
HolgerHatGarKeineNode/twenty-one-companion,https://github.com/HolgerHatGarKeineNode/twenty-one-companion,4.0,2026-09-05T22:04:50Z,c361ae02e9040b3e23bd4ade0540c7d9b3aeb6e4,True,True,True,True,True,False,Eligible,
adielsh/laravel-vue-vuex-vuerouter-login,https://github.com/adielsh/laravel-vue-vuex-vuerouter-login,4.0,2026-08-09T14:52:01Z,337f19fee3cbf592804d0fed59d0f2576523871e,True,True,True,True,True,False,Eligible,
MGeurts/genealogy,https://github.com/MGeurts/genealogy,358.0,2026-08-21T16:48:23Z,a8635285baade3aac09f15f7f4393c5e0171788d,True,True,True,True,True,True,Not Eligible,Dockerfile present
brunoribeiro-lab/api-cep,https://github.com/brunoribeiro-lab/api-cep,2.0,2025-09-16T01:56:32Z,e364e4f3e97e03ebfc53db795b797b468d652bfd,True,True,True,True,True,False,Eligible,
spatie/laravel-passkeys-app,https://github.com/spatie/laravel-passkeys-app,30.0,2025-05-12T08:38:05Z,0eaf595ae3fe9bf9bd499d343db47017e70bc58f,False,True,True,True,True,False,Not Eligible,Not recently active
ajithnow/hotel-manager-laravel,https://github.com/ajithnow/hotel-manager-laravel,14.0,2025-04-19T02:07:19Z,a2a62f860f1751088a08b5356cd28be8c016768b,False,True,True,True,True,False,Not Eligible,Not recently active
les-bogoss/LaraDESK,https://github.com/les-bogoss/LaraDESK,26.0,2025-03-21T10:45:26Z,b6a692eaaa320c69c5d85884511ca33782138839,False,True,True,True,True,True,Not Eligible,Not recently active; Dockerfile present
Verseghy/website_backend,https://github.com/Verseghy/website_backend,5.0,2026-06-26T00:39:02Z,01c047cbd8ad28c6c2804cc7f8e880d732bc77d8,True,True,True,True,True,True,Not Eligible,Dockerfile present
kyledoesdev/songrank.dev,https://github.com/kyledoesdev/songrank.dev,9.0,2026-09-10T02:28:46Z,91960f2c20b9cb75c9b1557728f5ea3e5d13916c,True,True,True,True,True,False,Eligible,
anjaraeu/Raki,https://github.com/anjaraeu/Raki,10.0,2025-05-01T16:31:36Z,a15d025609237053921b35d3d0236c44868c03a0,False,True,True,True,True,False,Not Eligible,Not recently active
Bijay-Shre-stha/ForumFusion,https://github.com/Bijay-Shre-stha/ForumFusion,2.0,2025-09-20T12:10:20Z,724b8e1e409ffd7b35a83595b6c84a9baaba2b82,True,True,True,True,True,False,Eligible,
Nejcc/laravelplus,https://github.com/Nejcc/laravelplus,12.0,2025-04-15T21:00:03Z,5fd4fd1120cc167f91310bbc7720b9468af0b6c6,False,True,False,True,True,False,Not Eligible,Not recently active
abel291/ecommerce-hardware-laravel-inertia-react,https://github.com/abel291/ecommerce-hardware-laravel-inertia-react,9.0,2026-06-12T08:53:21Z,abada8809edef7095e55bb600c7551156e74574e,True,True,True,True,True,False,Eligible,
SallaApp/laravel-starter-kit,https://github.com/SallaApp/laravel-starter-kit,54.0,2026-09-01T22:31:03Z,1bd62d5aa968f5c6ed741f1fa8cdfecfe8c2e79a,True,True,True,True,True,False,Eligible,
yaojingang/GEOFlow,https://github.com/yaojingang/GEOFlow,3607.0,2026-09-10T08:16:21Z,c42276256ecfe30436b2b16699d892f0b04cf260,True,True,True,True,True,True,Not Eligible,Dockerfile present
the-gronkler/yegor-sasha-thesis,https://github.com/the-gronkler/yegor-sasha-thesis,2.0,2026-02-22T21:34:18Z,2e51dd1383c6ff8d4913963ac3b474d57f9ed645,True,True,True,True,True,True,Not Eligible,Dockerfile present
tighten/built-with-laravel,https://github.com/tighten/built-with-laravel,42.0,2026-09-08T16:42:40Z,9fa30365f46689fcd0826f6fb1885d2dc13db022,True,True,True,True,True,False,Eligible,
ModernPUG/modernpug.org,https://github.com/ModernPUG/modernpug.org,25.0,2026-06-23T13:13:56Z,76a41f99755cd11920c32062d0176b9205270793,True,True,True,True,True,False,Eligible,
Flatroy/stupid-inventory-laravel,https://github.com/Flatroy/stupid-inventory-laravel,69.0,2026-08-26T09:35:35Z,7aa833eb15d06408529fde263fa618b35fce31a6,True,True,True,True,True,True,Not Eligible,Dockerfile present
aungkhant2002/laravel-modular-api-boilerplate,https://github.com/aungkhant2002/laravel-modular-api-boilerplate,2.0,2026-01-11T15:25:51Z,8a7244b14f9e93b7fc108f80c06961bd4d6c8122,True,True,True,True,True,False,Eligible,
vitoroliveirasilva/assinix.laravel-api,https://github.com/vitoroliveirasilva/assinix.laravel-api,2.0,2026-07-27T11:08:34Z,9041a4b9e5fd06b0c3cbf83eb03d2da05baf19be,True,True,True,True,True,True,Not Eligible,Dockerfile present
SalahEddine-Ghannouch/Filament-School-Management,https://github.com/SalahEddine-Ghannouch/Filament-School-Management,5.0,2025-04-27T10:24:24Z,3ccaaf56419136ca41f2bfd13a5bf7fc98023fa3,False,True,True,True,True,False,Not Eligible,Not recently active
Roxayl/mondegc,https://github.com/Roxayl/mondegc,5.0,2026-08-09T17:25:34Z,0e8a3dc029ecde7a99b71a1da5aca39a8cbd5b70,True,True,True,True,True,True,Not Eligible,Dockerfile present
orebarranco/filament-ddd-starter,https://github.com/orebarranco/filament-ddd-starter,2.0,2026-09-01T10:34:51Z,e9cb10f52e70053364c908eb476ccbe27dbb9348,True,True,True,True,True,False,Eligible,
GuilhermeStracini/POC-GHActions-CI-PHPLaravel,https://github.com/GuilhermeStracini/POC-GHActions-CI-PHPLaravel,2.0,2026-09-10T07:20:08Z,92b90ab11d7a18dc5cfc277d78b1dc0b438dc508,True,True,True,True,True,False,Eligible,
sWalbrun/bieterrunde,https://github.com/sWalbrun/bieterrunde,7.0,2026-07-13T04:38:32Z,ec0367652dbeda6e7fe113d1cc937ace2f703275,True,True,True,True,True,True,Not Eligible,Dockerfile present
jeffersongoncalves/mobilekitv4,https://github.com/jeffersongoncalves/mobilekitv4,14.0,2026-09-05T23:53:05Z,d4a56232fc66582ce44fc93f8001f6293e3e7a8f,True,True,True,True,True,False,Eligible,
arifnd/register-dokumen,https://github.com/arifnd/register-dokumen,7.0,2026-01-07T02:16:20Z,77cbb1a2ecbaa2a6d5b5ae7738c80414dfe803e6,True,True,True,True,True,False,Eligible,
OgbuaguEmmanuel/laravel_jumpstart,https://github.com/OgbuaguEmmanuel/laravel_jumpstart,2.0,2025-09-08T15:05:00Z,b6e14caa2b44170d9869526d0f732ad7b8fc5a7e,False,True,True,True,True,False,Not Eligible,Not recently active
souravtah/Laravel9-Inertia-ssr-bootstrap5-starter-kit,https://github.com/souravtah/Laravel9-Inertia-ssr-bootstrap5-starter-kit,18.0,2026-04-16T09:17:54Z,dedc85f9bfbf323e33ce9985463de115302582b6,True,True,True,True,True,False,Eligible,
akhwan90/cat_laravel,https://github.com/akhwan90/cat_laravel,6.0,2025-09-06T09:20:38Z,68db44d5619e0a29cfb86b49d7ad3c2d8046cb76,False,True,True,True,True,False,Not Eligible,Not recently active
montedev0516/WhatsApp-ChatApp,https://github.com/montedev0516/WhatsApp-ChatApp,4.0,2025-07-24T07:10:19Z,b624b220fe48287209a852bd7d7d9db8f3d3b05b,False,True,True,True,True,False,Not Eligible,Not recently active
mongodb-developer/laravel-movies-retrieval-tutorial,https://github.com/mongodb-developer/laravel-movies-retrieval-tutorial,2.0,2026-04-13T17:54:47Z,0af57e9aaf0371be1998f674317596b7cfa676ec,True,True,True,True,False,True,Not Eligible,No PHPUnit configuration; Dockerfile present
greymore-tech/laragram,https://github.com/greymore-tech/laragram,24.0,2025-10-05T15:20:02Z,4a51bf5efece001faa86f707b524925d89f5399a,True,True,True,True,True,False,Eligible,
adacreativeco/NexusADA,https://github.com/adacreativeco/NexusADA,2.0,2026-09-03T11:45:55Z,66a163d2d33162a45d20c413f5390c1e8e3ae3d8,True,True,True,True,True,True,Not Eligible,Dockerfile present
MahdiAmrollahi/Todo_app_laravel,https://github.com/MahdiAmrollahi/Todo_app_laravel,2.0,2026-05-21T23:21:26Z,b9582436f3c621e022ed71bdbaed72e0c9f26996,True,True,True,True,True,False,Eligible,
gitscrum-core/laravel-gitscrum,https://github.com/gitscrum-core/laravel-gitscrum,2909.0,2025-05-14T14:10:03Z,a8bd5d759dbe976596aaf4a982e3afb982e3044c,False,True,True,True,True,False,Not Eligible,Not recently active
piotr-jura-udemy/laravel-vue-spa-course,https://github.com/piotr-jura-udemy/laravel-vue-spa-course,111.0,2026-07-05T11:48:57Z,afad1ef670ec709178068322c7378892182e70b3,True,True,True,True,True,False,Eligible,
laradashboard/laradashboard,https://github.com/laradashboard/laradashboard,412.0,2026-09-06T18:49:05Z,f35e6f604b6538ba23b9d46daaa22b818a01dbb0,True,True,True,True,True,False,Eligible,
HolgerHatGarKeineNode/einundzwanzig-portal,https://github.com/HolgerHatGarKeineNode/einundzwanzig-portal,6.0,2026-09-09T17:11:27Z,f456728d94e78ee5a78e31d6c856504f08767ce2,True,True,True,True,True,False,Eligible,
youssefchlendi/employeesManagmentSystem,https://github.com/youssefchlendi/employeesManagmentSystem,21.0,2025-11-16T20:10:44Z,3c0f9fe767a953d605e1180510e494d0c2a5baae,True,True,True,True,True,False,Eligible,
tsukumijima/weather-api,https://github.com/tsukumijima/weather-api,87.0,2026-09-02T07:41:03Z,e07a0d85cce07fe25d573b46528abd3f0024339c,True,True,True,True,True,True,Not Eligible,Dockerfile present
jeffersongoncalves/mfakitv4,https://github.com/jeffersongoncalves/mfakitv4,10.0,2026-09-07T20:46:26Z,74c03aba2656ce9cc018a74f0cd114ac0aad3117,True,True,True,True,True,False,Eligible,
jeffersongoncalves/evolutionkitv4,https://github.com/jeffersongoncalves/evolutionkitv4,10.0,2026-09-06T20:15:46Z,be3154cd30868168dcab81066a2425398f97d8c1,True,True,True,True,True,False,Eligible,
rleroi/Stremio-Laravel,https://github.com/rleroi/Stremio-Laravel,14.0,2026-01-31T00:05:12Z,c4949b72b6f8710738bf2eacdadaf4d63a77089e,True,True,True,True,True,True,Not Eligible,Dockerfile present
aimanyusufw/laravel-warehouse-management-system,https://github.com/aimanyusufw/laravel-warehouse-management-system,5.0,2025-12-14T02:01:35Z,771dded6754d26825d2bd38ebbed6c07e74292a6,True,True,True,True,True,False,Eligible,
Stanislas-Poisson/French-zip-code,https://github.com/Stanislas-Poisson/French-zip-code,87.0,2025-11-03T11:38:10Z,ae489b2c00ac2604f98a00a848d62744eb314b58,True,True,True,True,True,False,Eligible,
1yakub/Hostel-Management-System-HMS-,https://github.com/1yakub/Hostel-Management-System-HMS-,2.0,2026-09-06T05:50:12Z,74fa90613993d1c2b08f4d08eb469e233e33d03d,True,True,True,True,True,True,Not Eligible,Dockerfile present
danihidayatx/tenancy-starterkit,https://github.com/danihidayatx/tenancy-starterkit,7.0,2026-02-13T11:12:02Z,2e60959c0338d974f05776f6670d00c095596823,True,True,True,True,True,False,Eligible,
Snevver/SteamGuessr,https://github.com/Snevver/SteamGuessr,2.0,2026-09-07T09:10:54Z,4caa8cf49173fe35766813e87f8b9c21f55c4670,True,True,True,True,True,False,Eligible,
Aboubakary833/menu-manager,https://github.com/Aboubakary833/menu-manager,2.0,2025-09-13T07:21:38Z,dd9390a211a51992a3a111c3937859b02b65ba38,True,True,True,True,True,False,Eligible,
kauffinger/livewire-chat,https://github.com/kauffinger/livewire-chat,54.0,2026-02-05T20:44:26Z,835a11297be30d39cf7d6c914b9e6a61b3ac9e45,True,True,True,True,True,False,Eligible,
genta-bahana-nagari/sija-kerja,https://github.com/genta-bahana-nagari/sija-kerja,3.0,2026-03-17T14:35:56Z,859813a628087f9120b0e4b70a64cf59176e2002,True,True,True,True,True,False,Eligible,
Site-Store-Pro/laravel-ecommerce,https://github.com/Site-Store-Pro/laravel-ecommerce,2.0,2026-09-08T22:37:53Z,3dab6afd5329f807b467a741066ab9d55db10b62,True,True,True,True,True,False,Eligible,
saloniamatteo/openalias,https://github.com/saloniamatteo/openalias,5.0,2026-01-20T18:33:24Z,783b1ef00dbb450078bef4040863961d4c8be0b4,True,True,False,False,False,False,Not Eligible,No tests directory; No PHPUnit configuration
m-antoni/login,https://github.com/m-antoni/login,10.0,2025-10-25T16:53:51Z,5bdce6c5fe0b1c74e86b5fcec6cdd06556c54547,True,True,True,True,True,True,Not Eligible,Dockerfile present
vitoo/jvscript.fr,https://github.com/vitoo/jvscript.fr,8.0,2026-08-19T13:38:08Z,38b1a166a9dfefb8ab178b87f28e76b3a05dc8b9,True,True,True,True,True,False,Eligible,
FabricioLR/Laravel_Rag_Chabot,https://github.com/FabricioLR/Laravel_Rag_Chabot,2.0,2026-08-26T13:28:41Z,9fd655047eee0ed5979fa59517bc5b2059b729a0,True,True,True,True,True,True,Not Eligible,Dockerfile present
daveroverts/bmac,https://github.com/daveroverts/bmac,12.0,2026-08-01T07:03:29Z,bee9ea7f10768cbca6417bd629c23afe4af4d84e,True,True,True,True,True,False,Eligible,
cepdnaclk/portal.ce.pdn.ac.lk,https://github.com/cepdnaclk/portal.ce.pdn.ac.lk,2.0,2026-08-02T18:18:00Z,6da9562438edf6d9b2fe199fa241dd87bdcee308,True,True,True,True,True,True,Not Eligible,Dockerfile present
DanielSouza2005/Projeto-Laravel,https://github.com/DanielSouza2005/Projeto-Laravel,4.0,2025-04-20T15:42:22Z,cec6c60bf031aacde64c04a6ea8291f62df4820e,False,True,True,True,True,False,Not Eligible,Not recently active
FinAegis/core-banking-prototype-laravel,https://github.com/FinAegis/core-banking-prototype-laravel,196.0,2026-09-07T21:47:35Z,79d91dc7c0cf4c10bb1df58c3bab828453fc3237,True,True,True,True,True,True,Not Eligible,Dockerfile present
alihamzahq/laravel-multi-tenant-saas-starter,https://github.com/alihamzahq/laravel-multi-tenant-saas-starter,6.0,2026-05-15T12:52:34Z,7040645e2a737fafad6aa6dfc820c3d104677b99,True,True,True,True,True,False,Eligible,
phamhieuit04/vibra-api,https://github.com/phamhieuit04/vibra-api,4.0,2026-05-14T20:03:44Z,abd3191d726f9d79bc9c422aa16961150bd59e7d,True,True,True,True,True,False,Eligible,
filakitphp/basev4,https://github.com/filakitphp/basev4,4.0,2026-09-09T12:22:19Z,300f9a8c197f25cd84bcbe755fb24b3c15e9067f,True,True,True,True,True,False,Eligible,
rzkjanuarr/absensi_pegawai,https://github.com/rzkjanuarr/absensi_pegawai,35.0,2025-07-13T02:57:59Z,31ae706c863969360c6f070fb760078c4148b152,False,True,True,True,True,False,Not Eligible,Not recently active
BekaMan95/Lara-Mail,https://github.com/BekaMan95/Lara-Mail,2.0,2025-05-09T12:53:54Z,3f757348fbbc06b622d743fc9e25620b83f05f16,False,True,True,True,True,False,Not Eligible,Not recently active
Icemont/sling,https://github.com/Icemont/sling,8.0,2025-02-21T16:31:36Z,9e4d09c26b4c98b73debf818871ad6ccd67a88ac,False,True,True,True,True,True,Not Eligible,Not recently active; Dockerfile present
cbouvat/oasso,https://github.com/cbouvat/oasso,25.0,2025-03-11T07:46:35Z,d333f8f8bc5b271c09334632beb72e97d4487e52,False,True,True,True,True,False,Not Eligible,Not recently active
rudalkunwar/laravel_api_only_boilerplate,https://github.com/rudalkunwar/laravel_api_only_boilerplate,7.0,2026-06-02T18:34:21Z,53484570e3e8fd1c9798bd064b3064277bcb61f9,True,True,True,True,True,True,Not Eligible,Dockerfile present
NziCode/stone-commerce-platform,https://github.com/NziCode/stone-commerce-platform,2.0,2026-09-06T04:14:28Z,19a23eba5f64f8761a5a8f3510fa0acb7364a885,True,True,True,True,True,False,Eligible,
RaFaTEOLI/open-grades,https://github.com/RaFaTEOLI/open-grades,12.0,2026-03-09T19:29:46Z,0b1fe53ecde961b5fa5430c7496d36cd7f4e4fce,True,True,True,True,True,True,Not Eligible,Dockerfile present
MGeurts/laravel-11-bootstrap-5,https://github.com/MGeurts/laravel-11-bootstrap-5,17.0,2026-03-30T18:54:38Z,b509b903d3147ba1342dd9a0cc873806d8bc9904,True,True,True,True,True,False,Eligible,
aicwebtech/biblesupersearch_api,https://github.com/aicwebtech/biblesupersearch_api,8.0,2026-09-10T15:27:20Z,97da72bb0a53fa179e0f3dab5fc6383563a685d2,True,True,True,True,True,False,Eligible,
padosoft/laravel-ai-chat,https://github.com/padosoft/laravel-ai-chat,2.0,2026-09-10T07:13:44Z,f7fbbe4efed4a4b7b97b98c54519cb4e9bbf1bf1,True,True,True,True,True,False,Eligible,
Mohammad-Al-Bast/EDUadmin-backend,https://github.com/Mohammad-Al-Bast/EDUadmin-backend,2.0,2026-02-16T13:14:00Z,3cc46da9baa2cf325c39f7acfbfb07405fe0da15,True,True,True,True,True,False,Eligible,
kevin-dev31/ShadowCamp,https://github.com/kevin-dev31/ShadowCamp,10.0,2025-03-05T18:53:28Z,1ceda1d7cef25e9f800a4a6233410357f7921c81,False,True,True,True,True,False,Not Eligible,Not recently active
sensasi-apps/sensasi-logistic,https://github.com/sensasi-apps/sensasi-logistic,4.0,2025-04-06T20:55:38Z,21e6e056ab3ac5b14269001bd959fa030a70d7ab,False,True,True,True,True,False,Not Eligible,Not recently active
AbdullahShublaq/CHATash,https://github.com/AbdullahShublaq/CHATash,2.0,2026-09-06T09:20:11Z,ead6c56b14cecc199a3577d8cef828087dbc81a9,True,True,True,True,True,False,Eligible,
naeemahmaddev426/inventory-management-rest-api,https://github.com/naeemahmaddev426/inventory-management-rest-api,6.0,2026-09-02T16:10:49Z,a2ee49544605fc9b9c235fbd97d8eb7b0020e087,True,True,True,True,True,True,Not Eligible,Dockerfile present
mviniciusca/warriorfolio,https://github.com/mviniciusca/warriorfolio,63.0,2026-03-22T23:53:37Z,5da21a770934e4384eaad1b43f3791eafb33d237,True,True,True,True,True,False,Eligible,
kucingkode/hireme,https://github.com/kucingkode/hireme,2.0,2026-05-21T09:08:19Z,7c65720dbca97cddf3de70fbedb9b9347ce109c9,True,True,True,True,True,False,Eligible,
tighten/novapackages,https://github.com/tighten/novapackages,337.0,2026-09-08T16:54:39Z,3acca7a50bdcf790fa305f6d56cbea3a5dcb2a93,True,True,True,True,True,False,Eligible,
cattr-app/server-application,https://github.com/cattr-app/server-application,100.0,2026-01-03T11:48:41Z,5c0208a32241eb2e6201e49a52e1a5791db0c016,True,True,True,True,True,True,Not Eligible,Dockerfile present
dorianjunior/app_locadora_carros,https://github.com/dorianjunior/app_locadora_carros,2.0,2026-01-28T13:28:48Z,d6341e54f765e32d0a5c0d4a140129e86bbeb874,True,True,True,True,True,True,Not Eligible,Dockerfile present
Hi-Folks/gh-actions-yaml-generator,https://github.com/Hi-Folks/gh-actions-yaml-generator,331.0,2025-08-03T17:26:52Z,069330ae804e0f722980816f52b1948af51146bd,False,True,True,True,True,False,Not Eligible,Not recently active
syofyanzuhad/uptime-kita,https://github.com/syofyanzuhad/uptime-kita,182.0,2026-09-09T02:57:57Z,94911dbb54ffaeda401ea7f0e4b81b0a77c1e456,True,True,True,True,True,True,Not Eligible,Dockerfile present
Bangkah/ABSENSI-KARYAWAN,https://github.com/Bangkah/ABSENSI-KARYAWAN,16.0,2025-09-06T05:13:23Z,02bb408a08bf807bea1dedaff6dc7ebb4d289c3c,False,True,True,True,True,False,Not Eligible,Not recently active
LuisAPI/BASA-Chatbot,https://github.com/LuisAPI/BASA-Chatbot,2.0,2026-09-08T22:15:10Z,eeba154581babad7da456e5ee5c960f578d557fa,True,True,True,True,True,False,Eligible,
mikeu-dev/lahan-cerdas,https://github.com/mikeu-dev/lahan-cerdas,2.0,2025-12-08T15:16:11Z,c4e4c0bb9ac42257ed79a94af367a2a979786d1c,True,True,True,True,True,False,Eligible,
JHWelch/ChoreManager,https://github.com/JHWelch/ChoreManager,9.0,2026-01-31T00:25:11Z,7be49e636e2cfe46cb9dd76e03f5b75a360521c0,True,True,True,True,True,False,Eligible,
AlbertoBarrago/tasks-manager,https://github.com/AlbertoBarrago/tasks-manager,2.0,2025-07-09T09:06:53Z,bdb297d8bbb225b07237e1a50928000fa6d327ca,False,True,True,True,True,False,Not Eligible,Not recently active
solutionforest/Watchdog,https://github.com/solutionforest/Watchdog,15.0,2026-04-29T10:05:13Z,2a0879744e4bb1aa0c0f827bedb117dc2ef3defe,True,True,True,True,True,False,Eligible,
meilisearch/saas-demo,https://github.com/meilisearch/saas-demo,104.0,2025-09-01T08:09:33Z,f558cb3ad532406ab2bb21ce7e110d86dda9876f,False,True,True,True,True,False,Not Eligible,Not recently active
dharmendraone/user-task-laravel,https://github.com/dharmendraone/user-task-laravel,3.0,2026-07-04T16:15:43Z,b142483de4133fc95de230ebd8f8b11e0acfa748,True,True,True,True,True,False,Eligible,
nickyrabit/laravel-crud-generator,https://github.com/nickyrabit/laravel-crud-generator,5.0,2026-02-12T08:36:51Z,02566876cdf6be5b18d802ffa29d05b89003f469,True,True,True,False,False,False,Not Eligible,No tests directory; No PHPUnit configuration
vicholp/spotifynt,https://github.com/vicholp/spotifynt,4.0,2026-08-29T00:55:04Z,297a96ae6417861f87aa176dd0c5761dbe69ade0,True,True,True,True,True,False,Eligible,
404NotFoundIndonesia/raktrek,https://github.com/404NotFoundIndonesia/raktrek,2.0,2026-05-13T23:21:15Z,e00aa117fe3f702e443c396fb2174395e9e23961,True,True,True,True,True,False,Eligible,
superdevops233/blog,https://github.com/superdevops233/blog,8.0,2025-03-10T04:32:47Z,365fb7e2d26eaf394e58767c344822267f8a0bae,False,True,True,True,True,True,Not Eligible,Not recently active; Dockerfile present
Orion-Server/cms,https://github.com/Orion-Server/cms,33.0,2026-08-15T13:55:22Z,68d7d74f7919a029d92231c07a9e681cc0b8ea2b,True,True,True,True,True,False,Eligible,
iMatheusPaula/recipes-api,https://github.com/iMatheusPaula/recipes-api,2.0,2025-11-15T00:48:01Z,44761b2e5b0d9d72ffac42484b957b0dd3c32d07,True,True,True,True,True,True,Not Eligible,Dockerfile present
NaufalArdian12/eduApp-API,https://github.com/NaufalArdian12/eduApp-API,2.0,2025-12-15T15:21:54Z,44f6d0c33ea7f77a353d4d5bc2eceebe8638b07a,True,True,True,True,True,False,Eligible,
rossriserose/laravel-mini-crm,https://github.com/rossriserose/laravel-mini-crm,6.0,2025-12-19T16:38:29Z,5301b60d4960d27ad1bdf6fdbbf86a1910faeffd,True,True,True,True,False,True,Not Eligible,No PHPUnit configuration; Dockerfile present
Tschucki/pr0verter,https://github.com/Tschucki/pr0verter,18.0,2026-09-10T16:02:39Z,0ed0b0a6564b331ab54b7c47c8dd46b77cb61353,True,True,True,True,True,True,Not Eligible,Dockerfile present
abogo-nono/StocksX,https://github.com/abogo-nono/StocksX,43.0,2026-05-05T18:08:14Z,b480d98e004e79954423845062fae37a734cfa3b,True,True,True,True,True,True,Not Eligible,Dockerfile present
RoboJackets/apiary,https://github.com/RoboJackets/apiary,20.0,2026-09-09T16:56:44Z,3abd0bcef7774248528b2f41a96c6943e9954ee4,True,True,True,True,True,True,Not Eligible,Dockerfile present
Archanaub04/Laravel-React-E-Commerce,https://github.com/Archanaub04/Laravel-React-E-Commerce,3.0,2026-05-21T09:54:23Z,40de590effeb5af19c8981918df1f873a9440344,True,True,True,True,True,False,Eligible,
MuhammedMSalama/ChatMessage,https://github.com/MuhammedMSalama/ChatMessage,22.0,2026-03-27T15:03:39Z,839f3ff2ebcb09b2daf779f6cb0b9e62b7d661de,True,True,True,True,True,False,Eligible,
Chemaclass/satscribe,https://github.com/Chemaclass/satscribe,8.0,2026-08-22T22:45:52Z,c65b1c3b41b287e8d3610a2102fc8e87fd56ab98,True,True,True,True,True,True,Not Eligible,Dockerfile present
jeffersongoncalves/filakitv5,https://github.com/jeffersongoncalves/filakitv5,18.0,2026-09-05T22:49:42Z,2557128b81de729e5ff1b219855f04efe4aa2044,True,True,True,True,True,False,Eligible,
lopadova/AskMyDocs,https://github.com/lopadova/AskMyDocs,9.0,2026-09-10T10:05:49Z,51dd1b35f4af9d89d063378fd1f79ef51a257624,True,True,True,True,True,False,Eligible,
Devnawjesh/hr-payroll,https://github.com/Devnawjesh/hr-payroll,292.0,2026-08-16T16:56:22Z,a04a017c6f743d14cb6e6cf534a2561975f6d9d3,True,True,True,True,True,False,Eligible,
Abdelhakim-Baalla/HackGo,https://github.com/Abdelhakim-Baalla/HackGo,4.0,2025-03-27T22:50:30Z,1ffbff0d5ee4449923f1cee339023e90a81fd8fe,False,True,True,True,True,False,Not Eligible,Not recently active
andy3471/sparekey.club,https://github.com/andy3471/sparekey.club,6.0,2026-06-21T11:47:42Z,7f1c45bea815aa955d5402555063bd51052438a6,True,True,True,True,True,False,Eligible,
SameOldNick/SameOldWebsite,https://github.com/SameOldNick/SameOldWebsite,8.0,2026-09-08T04:31:43Z,e0750059785b24a2dbbb4db26edcccfadc0574aa,True,True,False,True,True,True,Not Eligible,Dockerfile present
jeffersongoncalves/nativekit,https://github.com/jeffersongoncalves/nativekit,2.0,2026-09-10T00:04:29Z,c173297d0be1f5599b9b6764f18cb0de92ab077e,True,True,True,True,True,False,Eligible,
tellmolly/tellmolly.com,https://github.com/tellmolly/tellmolly.com,3.0,2026-09-02T15:53:22Z,270d5370991b95187b8b354228f45aa2de7a416f,True,True,True,True,True,True,Not Eligible,Dockerfile present
goldcoders-corp/vuetified,https://github.com/goldcoders-corp/vuetified,376.0,2025-01-14T08:09:41Z,1c3be8e37c8e68e9fea13def8f450fde9734b0b8,False,True,True,True,True,False,Not Eligible,Not recently active
kwkuh/domain-marketplace,https://github.com/kwkuh/domain-marketplace,3.0,2026-08-01T14:26:19Z,557b727ca42e7e06e4a1d116ad3f1a2e638d7090,True,True,True,True,True,False,Eligible,
ooaoJ/interscore,https://github.com/ooaoJ/interscore,2.0,2026-06-26T18:58:45Z,966a8e39e2163afa76d37dffd3d4a1788ffaf626,True,True,True,True,True,False,Eligible,
jpcaparas/demo-laravel-api-platform,https://github.com/jpcaparas/demo-laravel-api-platform,4.0,2025-01-22T04:05:00Z,6df62c8f97c954ccde8d664c07e4e836ac208958,False,True,True,True,True,False,Not Eligible,Not recently active
jeffersongoncalves/helpdeskkitv4,https://github.com/jeffersongoncalves/helpdeskkitv4,6.0,2026-09-06T20:31:29Z,499ec778e95f8990dd81acb726e58c60e17217e1,True,True,True,True,True,False,Eligible,
fvisic/ProjectStatusApp,https://github.com/fvisic/ProjectStatusApp,2.0,2026-09-07T10:41:29Z,2397ed6a565c3d8916561273fddb5412edce87c6,True,True,True,True,True,True,Not Eligible,Dockerfile present
accusser/duvento,https://github.com/accusser/duvento,2.0,2026-08-16T07:02:15Z,9f17df911a34943a3d93ae7bfb5a1b2bab7fae16,True,True,True,True,True,True,Not Eligible,Dockerfile present
Thiritin/streaming,https://github.com/Thiritin/streaming,16.0,2026-08-30T18:52:06Z,e414e8b43201f8c3aa797b9a5f3341cbbed9248d,True,True,True,True,True,True,Not Eligible,Dockerfile present
Reaper1994/supermarket-checkout,https://github.com/Reaper1994/supermarket-checkout,2.0,2025-04-17T22:34:41Z,a8b5d1a3822b9f515192e048833aa41b63d67ef8,False,True,True,True,True,False,Not Eligible,Not recently active
Thiritin/open-signage,https://github.com/Thiritin/open-signage,32.0,2026-08-05T15:00:23Z,244272f8cd789d922d86c6a3d3112a219dea2804,True,True,True,True,True,True,Not Eligible,Dockerfile present
engsahaly/laravel_course_level_2_starter_repo,https://github.com/engsahaly/laravel_course_level_2_starter_repo,3.0,2025-01-29T07:46:21Z,654af175d4d498e740e23c514630aa756d150a91,False,True,True,True,True,False,Not Eligible,Not recently active
basirkhan12/Graphic-and-banner-designing-app-fabricjs,https://github.com/basirkhan12/Graphic-and-banner-designing-app-fabricjs,6.0,2026-04-03T09:53:37Z,62c9626fe93bb2d32ef5df82870e9ab09e85c514,True,True,True,True,True,False,Eligible,
jeffersongoncalves/filakit,https://github.com/jeffersongoncalves/filakit,9.0,2026-09-10T15:08:12Z,7526f7a09e308e752faf3972fcd75a92522b6e02,True,True,True,True,True,False,Eligible,
jeffersongoncalves/teamkitv5,https://github.com/jeffersongoncalves/teamkitv5,14.0,2026-09-07T03:31:04Z,29368ad4fe2c310d59ab23992f7d6e1cb4da8eab,True,True,True,True,True,False,Eligible,
icaluwu/Project-Absence-Laravel,https://github.com/icaluwu/Project-Absence-Laravel,2.0,2025-08-26T02:19:02Z,97ac55cdbc63e8aff460929791453a1e90a7b4ac,False,True,True,True,True,False,Not Eligible,Not recently active
imamsudarajat04/app-rtv2,https://github.com/imamsudarajat04/app-rtv2,9.0,2025-09-17T17:35:55Z,29b5b09d27c71a11b7a78c174918bd7545a74250,True,True,True,True,True,False,Eligible,
avosalmon/modular-monolith-laravel,https://github.com/avosalmon/modular-monolith-laravel,203.0,2025-04-07T01:44:00Z,10fa9e08c58468e5b0edb38a44b175cb542e5e46,False,True,True,True,True,True,Not Eligible,Not recently active; Dockerfile present
JoanGarfias/curvex,https://github.com/JoanGarfias/curvex,2.0,2026-01-23T17:29:10Z,021da86f626c33561609d02eec30d495422dab7d,True,True,True,True,True,False,Eligible,
itsLeonB/rekam-medis-elektronik,https://github.com/itsLeonB/rekam-medis-elektronik,37.0,2025-01-08T02:06:07Z,a27fcf37e876cd158eee8db958e9ef14ea4ba026,False,True,True,True,True,False,Not Eligible,Not recently active
VirajMadhu/LaraPm,https://github.com/VirajMadhu/LaraPm,2.0,2025-01-10T02:03:21Z,f735a705c8118f9db65d23508b0394985219e9fa,False,True,True,True,True,False,Not Eligible,Not recently active
AlwaysCuriousCo/package-pipeline,https://github.com/AlwaysCuriousCo/package-pipeline,47.0,2026-09-03T13:38:56Z,2505ae72275693476c9363539f370f49c9d9dc6c,True,True,True,True,True,False,Eligible,
laravel-shift/laravel-5.7,https://github.com/laravel-shift/laravel-5.7,5.0,2026-03-15T18:38:14Z,3cd203f089f8e11e0d555eae74999a8c7273361c,True,True,False,True,True,False,Eligible,
benjamincrozat/blog-v5,https://github.com/benjamincrozat/blog-v5,134.0,2026-09-04T16:36:08Z,68aaa9cde0abf8eeb8c8dce1f675c60c988510ad,True,True,True,True,True,False,Eligible,
vpatel95/MesApp,https://github.com/vpatel95/MesApp,2.0,2025-03-10T05:56:41Z,11888e372ad219a9de58b257d3e44bc197a0bb19,False,True,False,True,True,False,Not Eligible,Not recently active
sadiq-bd/file-manager,https://github.com/sadiq-bd/file-manager,2.0,2026-04-21T13:52:57Z,91e39cec379b8628699ae9101c94bc061af44a95,True,True,True,True,True,False,Eligible,
Macavity/mapeditor,https://github.com/Macavity/mapeditor,20.0,2026-04-11T03:36:17Z,46ddc9c0a412d7db559e4e909d4a42f090e3d05f,True,True,True,True,True,True,Not Eligible,Dockerfile present
sfauzi/book-career,https://github.com/sfauzi/book-career,2.0,2025-10-07T12:03:43Z,b5ea078e44bc6ff3e2abc1a1068099a3a4cf4921,True,True,True,True,True,False,Eligible,
anatolii-iumashev/agiletracker,https://github.com/anatolii-iumashev/agiletracker,2.0,2026-05-30T17:55:49Z,00d538c2affddb0b43043927b5cd919bf6b6fc23,True,True,True,True,True,True,Not Eligible,Dockerfile present
0xgdr/laravel-api,https://github.com/0xgdr/laravel-api,67.0,2025-12-06T20:41:36Z,95f55e65133c6ca233f2870c31adf3aac64215ff,True,True,False,True,True,False,Eligible,
DarlanSchmeller/event-management-api,https://github.com/DarlanSchmeller/event-management-api,2.0,2025-11-07T14:45:16Z,38a2c067d3e36e995c7342adc296e46e59248027,True,True,True,True,True,True,Not Eligible,Dockerfile present
OnrampLab/laravel-starter,https://github.com/OnrampLab/laravel-starter,2.0,2025-05-28T07:54:00Z,6486d2aff24b260bfa47d08cad0570488b8d9e49,False,True,True,True,True,True,Not Eligible,Not recently active; Dockerfile present
NoelDeMartin/lss,https://github.com/NoelDeMartin/lss,6.0,2026-09-08T09:12:52Z,0a7ebdecc4becd713b8472fc4d37b43f39c8d713,True,True,True,True,True,True,Not Eligible,Dockerfile present
svareX/link-shortener,https://github.com/svareX/link-shortener,2.0,2026-03-24T10:10:12Z,f651606a05afa6534260c25dab3012d7f9c1ad10,True,True,True,True,True,False,Eligible,
jeffersongoncalves/filakitv4,https://github.com/jeffersongoncalves/filakitv4,10.0,2026-09-07T18:35:36Z,5f83a531762ef6752705b25aa684b47238ce0345,True,True,True,True,True,False,Eligible,
benjdiasaad/ERP,https://github.com/benjdiasaad/ERP,3.0,2026-04-03T13:58:19Z,0641a76528c91eb25ba66719580a587bd797cbe5,True,True,True,True,True,False,Eligible,
dcblogdev/laravel-admintw,https://github.com/dcblogdev/laravel-admintw,279.0,2025-05-17T17:22:10Z,81946805d9a657bc222a99cdf5ce37b6a1793cf0,False,True,True,True,True,False,Not Eligible,Not recently active
bs-community/blessing-skin-server,https://github.com/bs-community/blessing-skin-server,1046.0,2026-03-30T13:42:24Z,52f6fefed08e091c08e409c67e31d00b00ff00ee,True,True,True,True,True,True,Not Eligible,Dockerfile present
ourtechbro/laravel-starter,https://github.com/ourtechbro/laravel-starter,5.0,2025-10-17T16:48:22Z,d07ab7714dce63b6f4fc11c29b756b1cd88c486a,True,True,True,True,True,False,Eligible,
brytey2k/ticket-redemption-system-laravel,https://github.com/brytey2k/ticket-redemption-system-laravel,2.0,2025-08-26T11:50:34Z,f3a69c62bdd2ed1f040e4231bb6bf33a638befed,False,True,True,True,True,True,Not Eligible,Not recently active; Dockerfile present
BaseMax/LaravelBlogAssignment,https://github.com/BaseMax/LaravelBlogAssignment,2.0,2026-09-04T12:18:52Z,b6f5e1a9a6c9aae2e738564ae92ca15bda4bcdf3,True,True,True,True,True,False,Eligible,
stevan06v/cuckoo,https://github.com/stevan06v/cuckoo,3.0,2025-11-24T11:59:51Z,69dbcc77d27244c595a52a6473bf881e3e4e08b7,True,True,True,True,True,True,Not Eligible,Dockerfile present
HDInnovations/UNIT3D,https://github.com/HDInnovations/UNIT3D,2421.0,2026-09-09T01:07:06Z,8b88f4c8182eb3d3912ffef425c3224dcfd596f4,True,True,True,True,True,False,Eligible,
riodwanto/superduper-filament-starter-kit,https://github.com/riodwanto/superduper-filament-starter-kit,282.0,2025-10-10T04:12:18Z,44cd7d4341f56d2eef463fb3a1e3e01965e19858,True,True,True,True,True,False,Eligible,
jeffersongoncalves/teamkitv4,https://github.com/jeffersongoncalves/teamkitv4,9.0,2026-09-07T03:30:54Z,be54777758ceb6ad6322a06a6f83584d56ca2152,True,True,True,True,True,False,Eligible,
ButterCMS/laravel-starter-buttercms,https://github.com/ButterCMS/laravel-starter-buttercms,10.0,2025-07-01T14:55:35Z,204d07b24778249182116ad8dd0db79e66d0255d,False,True,True,False,True,False,Not Eligible,Not recently active; No tests directory
Devsome/silkpanel-cms,https://github.com/Devsome/silkpanel-cms,5.0,2026-09-07T23:26:17Z,b96680a6710cf63c5c7be953b70db2d848284caf,True,True,True,True,True,False,Eligible,
dimasrizkyfebrian/orderbyte,https://github.com/dimasrizkyfebrian/orderbyte,2.0,2025-10-26T01:12:50Z,11a6120f9afba669ed08f19fd5b0b95bac9e04d1,True,True,True,True,True,False,Eligible,
devaslanphp/forumium,https://github.com/devaslanphp/forumium,191.0,2025-08-20T19:36:43Z,61d761322971cb48c8c7bac9548680dc58c902ad,False,True,True,True,True,False,Not Eligible,Not recently active
invoiceninja/invoiceninja,https://github.com/invoiceninja/invoiceninja,10071.0,2026-09-10T02:52:11Z,dcc27c94dc0c463341676a0c19b89d927c3d1287,True,True,True,True,True,False,Eligible,
akaunting/akaunting,https://github.com/akaunting/akaunting,10116.0,2026-09-09T23:58:42Z,11411d579d0c47f0517dbdfbb30bb34fffa1d391,True,True,True,True,True,False,Eligible,
igudy/employees-management-system,https://github.com/igudy/employees-management-system,2.0,2026-07-21T19:14:18Z,df8b014b1bd8992065f89300646a69ea496ff19f,True,True,True,True,True,False,Eligible,
kalwar/NameApp,https://github.com/kalwar/NameApp,2.0,2025-05-22T04:17:04Z,b7905b53e9454fd3fadd1724d660b3a92bd6722d,False,True,True,True,True,False,Not Eligible,Not recently active
koel/koel,https://github.com/koel/koel,17242.0,2026-09-09T15:45:32Z,799ce22d8377ad4f11d046de956222f2dce8fb5a,True,True,True,True,True,False,Eligible,
superti4r/esaturasi,https://github.com/superti4r/esaturasi,2.0,2026-05-24T14:15:38Z,f6f9b991e9e3b7108cc3055bf70da420d3d83e8e,True,True,True,True,True,True,Not Eligible,Dockerfile present
laravelkr/website,https://github.com/laravelkr/website,31.0,2026-06-21T09:02:05Z,36c877ead09bc62eb185a0eea4ee686d71a8d24b,True,True,True,True,True,False,Eligible,
hackedon/ctf-manager,https://github.com/hackedon/ctf-manager,2.0,2025-08-15T11:46:05Z,53bc2b2e8bed4edb11b73cff942a5473ee059a42,False,True,True,True,True,False,Not Eligible,Not recently active
rakibhasansabbir/Laravel-Ecommerce-API,https://github.com/rakibhasansabbir/Laravel-Ecommerce-API,53.0,2026-09-05T22:08:06Z,83fc11067b315a2b900f08ea64274b180b35ffbe,True,True,True,True,True,False,Eligible,
Zakarialabib/myStockMaster,https://github.com/Zakarialabib/myStockMaster,440.0,2026-08-15T22:48:21Z,a1d999f1b87f88ecb8f52299f971ac7241b30310,True,True,True,True,True,False,Eligible,
christophrumpel/larastreamers,https://github.com/christophrumpel/larastreamers,237.0,2026-07-09T13:32:36Z,9ebb96c6ed8ec9aa7f0f528351a746f4a924e0e6,True,True,True,True,True,False,Eligible,
AppHealer/AppHealer,https://github.com/AppHealer/AppHealer,8.0,2025-03-22T23:15:07Z,fd51b78dbf97dfd712c6e9608e49c94370e120bf,False,True,True,False,True,False,Not Eligible,Not recently active; No tests directory
fernaerell/Website-Profile-SMK-PR,https://github.com/fernaerell/Website-Profile-SMK-PR,5.0,2025-04-02T00:33:07Z,59a55ac7ca6d8dbc308bdc5db011e4b3180e68e3,False,True,True,True,True,False,Not Eligible,Not recently active
AiAe/Quaver.Tournaments,https://github.com/AiAe/Quaver.Tournaments,13.0,2025-12-29T09:57:11Z,fd1f8427d878c928259ac0ceedc9bd633aab2b30,True,True,True,True,True,False,Eligible,
YasserElgammal/tasks-management,https://github.com/YasserElgammal/tasks-management,5.0,2026-03-01T08:42:31Z,506bc7f9a7b9e19a452f8887ab5e7b7466d03067,True,True,True,True,True,False,Eligible,
yassine-serrafi/weesaas-ai-store-laravel,https://github.com/yassine-serrafi/weesaas-ai-store-laravel,2.0,2026-06-26T19:51:12Z,773cbe67f82f6f2ac3be123bf60fc8b6482cf793,True,True,True,True,True,False,Eligible,
dmisl/english-time,https://github.com/dmisl/english-time,4.0,2025-05-29T23:14:47Z,036916fefa50faf901958fb610a310ae0e23ea7e,False,True,True,True,True,True,Not Eligible,Not recently active; Dockerfile present
sameh-bakleh/booking-system-api-showcase,https://github.com/sameh-bakleh/booking-system-api-showcase,2.0,2026-06-20T10:27:32Z,0575f1eaed547599ac865a7d2e2ebce3f4984436,True,True,True,True,True,True,Not Eligible,Dockerfile present
RodneySsemambo/retail-management-dashboard,https://github.com/RodneySsemambo/retail-management-dashboard,2.0,2026-03-05T05:13:00Z,97195b40bb5ac44dcd9bb742171f764f21283342,True,True,True,True,True,False,Eligible,
wyxos/atlas,https://github.com/wyxos/atlas,4.0,2026-09-04T22:05:08Z,0e8dd41cec54bc6e26bca5498c858b3395cabc73,True,True,True,True,True,False,Eligible,
GiantVlad/laravel_shop_cart,https://github.com/GiantVlad/laravel_shop_cart,127.0,2026-09-09T05:36:42Z,fe4599e94aeb968db6361444c6ed5d47e3e07549,True,True,True,True,True,True,Not Eligible,Dockerfile present
b10cks/cms,https://github.com/b10cks/cms,15.0,2026-09-09T15:24:32Z,09261b1e633c4edc91f8bd766453b9869e0b388e,True,True,True,True,True,True,Not Eligible,Dockerfile present
fantasycalendar/Fantasy-Calendar,https://github.com/fantasycalendar/Fantasy-Calendar,147.0,2026-08-20T22:25:48Z,fe829cee5fdbf22ce6a36063f7face1f14b0238e,True,True,True,True,True,True,Not Eligible,Dockerfile present
solidtime-io/solidtime,https://github.com/solidtime-io/solidtime,8909.0,2026-09-08T15:27:38Z,5b12c09747940789783bff63238bd43e38a82ab7,True,True,True,True,True,True,Not Eligible,Dockerfile present
AmirPeyravan/ai-chat-bot,https://github.com/AmirPeyravan/ai-chat-bot,7.0,2025-06-10T08:32:27Z,9b3f7abde98d9726af47213adad4176f69bbf32e,False,True,True,True,True,False,Not Eligible,Not recently active
spatie/spatie.be,https://github.com/spatie/spatie.be,498.0,2026-09-07T14:40:53Z,7f66150c0a2a03a60a5f9575d552756a2fac30a1,True,True,True,True,True,True,Not Eligible,Dockerfile present
hmdnu/Tracer-study-polinema,https://github.com/hmdnu/Tracer-study-polinema,2.0,2025-06-12T07:34:50Z,6d6d24326ff00dcaaf61704914f0dff8a4604efe,False,True,True,True,True,False,Not Eligible,Not recently active
rakarmp/forum-,https://github.com/rakarmp/forum-,4.0,2025-04-29T02:05:05Z,b8e249a5106d624fb86e5be9af762fd3800a3deb,False,True,True,True,True,False,Not Eligible,Not recently active
theihasan/geezap,https://github.com/theihasan/geezap,129.0,2026-03-17T11:43:14Z,166853840871c394de6668e303bc24a8461d4279,True,True,True,True,True,False,Eligible,
BlueStarSystem/aura-starter-kit,https://github.com/BlueStarSystem/aura-starter-kit,2.0,2026-08-20T05:20:13Z,528a33657820eb8e4bc4440c8115545919ff7977,True,True,True,True,True,False,Eligible,
jedin01/itel-facil,https://github.com/jedin01/itel-facil,4.0,2025-09-19T14:55:58Z,e7fad8bb0bc34b3d193bf2938a9f5657f07359c5,True,True,True,True,True,False,Eligible,
sqlik/sesmograph,https://github.com/sqlik/sesmograph,2.0,2026-08-14T21:37:01Z,23adf5687369b9a0278981c4209a861d2f3e45b3,True,True,True,True,True,False,Eligible,
uemanet/harpia,https://github.com/uemanet/harpia,28.0,2026-09-04T18:13:51Z,99f5c5cbf4e9802d598a381863dfbc5c2647d5ab,True,True,True,True,True,False,Eligible,
otatechie/guacpanel-tailwind,https://github.com/otatechie/guacpanel-tailwind,187.0,2026-08-31T08:51:03Z,26f0fea8dfdf03ab90fbc1bafbcc65e4767ad422,True,True,True,True,True,False,Eligible,
engsahaly/filament_php_course,https://github.com/engsahaly/filament_php_course,2.0,2025-11-25T08:35:01Z,ec3fdd845fbb693b3b316659925d5df5e7f592a5,True,True,True,True,True,False,Eligible,
ahmedemadm90/tickets,https://github.com/ahmedemadm90/tickets,2.0,2026-08-12T06:26:05Z,17c7c7ce82b0939cab9df74c08a40c0abd467864,True,True,True,True,True,True,Not Eligible,Dockerfile present
tigranadamyan/goldshinetrade,https://github.com/tigranadamyan/goldshinetrade,2.0,2026-07-06T16:27:01Z,eac82bc3463aea0e058794f0c55385975fb0286e,True,True,True,True,True,True,Not Eligible,Dockerfile present
AkibaAT/fvn.li,https://github.com/AkibaAT/fvn.li,10.0,2026-09-07T14:13:19Z,612388891d7fb1e36a866546260f3c68ea8454b3,True,True,True,True,True,True,Not Eligible,Dockerfile present
4xmen/xshop,https://github.com/4xmen/xshop,504.0,2026-09-04T13:12:41Z,9d2674ce0d479c66156b83a9cb60488b446d0939,True,True,True,True,True,False,Eligible,
nafiesl/free-pmo,https://github.com/nafiesl/free-pmo,462.0,2026-09-04T08:18:53Z,6e890e7d18710064906b7c6219689c0df529656e,True,True,True,True,True,False,Eligible,
wi-wissen/InstaHub,https://github.com/wi-wissen/InstaHub,33.0,2026-08-03T09:32:45Z,bc8e93862de08951a59a00e0ddb0d51cca5c6e99,True,True,True,True,True,False,Eligible,
hrace009/PW-Panel,https://github.com/hrace009/PW-Panel,21.0,2026-07-15T06:27:35Z,1b29e25903a249c54d2871dea131ef05498a8546,True,True,True,True,True,False,Eligible,
ekomh170/Project-PKWU_WorkshopLogic-TA,https://github.com/ekomh170/Project-PKWU_WorkshopLogic-TA,4.0,2025-07-12T13:19:18Z,1176e35fd551c4c598dbc394a5a83c1c33b8fdd5,False,True,True,True,True,True,Not Eligible,Not recently active; Dockerfile present
laravel-enso/enso,https://github.com/laravel-enso/enso,1093.0,2026-08-11T22:29:11Z,b68c5f63119bf39ef1fd6efddf4984f5d1dae874,True,True,True,True,True,True,Not Eligible,Dockerfile present
monicahq/monica,https://github.com/monicahq/monica,25263.0,2026-04-24T19:52:26Z,e08e91734170b6bbd582cb578532c3948196124e,True,True,True,True,True,True,Not Eligible,Dockerfile present
shawn-dsilva/laravel-react-realtime-chat,https://github.com/shawn-dsilva/laravel-react-realtime-chat,36.0,2025-03-26T12:50:15Z,4985d2bb931bb1f023bd303e54c94034228ee011,False,True,True,True,True,True,Not Eligible,Not recently active; Dockerfile present
jaredchesebro/ee7-coilpack,https://github.com/jaredchesebro/ee7-coilpack,4.0,2026-08-07T15:38:39Z,74aa29e87caf022c9e5e4b25b4d6d67ef5319874,True,True,True,True,True,False,Eligible,
amitavroy/xpense-manager,https://github.com/amitavroy/xpense-manager,4.0,2026-09-06T10:10:21Z,cbb34768c67a8915bed636c2e54d8f661011175f,True,True,True,True,True,False,Eligible,
Thiritin/identity,https://github.com/Thiritin/identity,8.0,2026-08-28T21:09:24Z,fc51083705ae5dde872f2c3db9ddc286f5ec7bd1,True,True,True,True,True,True,Not Eligible,Dockerfile present
AKAME007/laravel-vue-cli-3,https://github.com/AKAME007/laravel-vue-cli-3,11.0,2025-06-05T01:06:10Z,f3a4e5d75cd97ea98008affb14db65446f4fed6b,False,True,True,True,True,False,Not Eligible,Not recently active
vickypandey14/Laravel-Reverb-chat-application,https://github.com/vickypandey14/Laravel-Reverb-chat-application,6.0,2026-01-10T18:28:03Z,1359f6ec377bf56bca8f42aceafb16113b75eccd,True,True,True,True,True,False,Eligible,
UTRS2/utrs,https://github.com/UTRS2/utrs,31.0,2026-08-31T07:51:51Z,2ba397b3429dcc572805917013c7f12311e6082e,True,True,True,True,True,False,Eligible,
aardnsyhs/grajavan,https://github.com/aardnsyhs/grajavan,2.0,2026-09-09T23:16:05Z,42461e7e7e093783b5e28115a95cb4441fccd6a0,True,True,True,True,True,False,Eligible,
engsahaly/livewire_course,https://github.com/engsahaly/livewire_course,4.0,2025-01-29T07:28:29Z,b58c378732e8121af48f7b883f5d606cd22d574d,False,True,True,True,True,False,Not Eligible,Not recently active
betrox/MyJob,https://github.com/betrox/MyJob,4.0,2025-11-16T15:00:23Z,66296779c6830d2bb697fa7201d864a906cd8b31,True,True,True,False,False,False,Not Eligible,No tests directory; No PHPUnit configuration
Sander0542/Network-Manager,https://github.com/Sander0542/Network-Manager,4.0,2025-10-05T10:11:47Z,738b7c8b18c4450235828c0942fbcc6a97cb2a70,True,True,True,True,True,True,Not Eligible,Dockerfile present
JieAnthony/apple-mdm-system,https://github.com/JieAnthony/apple-mdm-system,11.0,2026-06-05T09:58:22Z,a713671b2307fae99847cec2fe78889d4501d0d0,True,True,True,True,True,False,Eligible,
tqt97/Laravel-Roles-Permissions,https://github.com/tqt97/Laravel-Roles-Permissions,2.0,2025-02-15T03:48:27Z,859e20f6c1506e6c528520ad1ae624ec69797f33,False,True,True,True,True,False,Not Eligible,Not recently active
thulaninhla/ecommerce-laravel-react,https://github.com/thulaninhla/ecommerce-laravel-react,2.0,2025-06-13T12:25:30Z,61ff983bb3b21aaeb1e2131ef0a825dea286b64b,False,True,True,True,True,True,Not Eligible,Not recently active; Dockerfile present
fajriyan/box-cms,https://github.com/fajriyan/box-cms,5.0,2026-08-04T22:05:45Z,7a01aff5f8ee52e444fc80e02bf23777af12505a,True,True,True,True,True,False,Eligible,
piotr-jura-udemy/laravel-graphql-vue-tailwind-course,https://github.com/piotr-jura-udemy/laravel-graphql-vue-tailwind-course,19.0,2026-07-05T11:49:18Z,c330ba64998facfc2ee9186f00e15f2893a566fa,True,True,True,True,True,False,Eligible,
mohamadreza-rezaei/corekit-laravel,https://github.com/mohamadreza-rezaei/corekit-laravel,2.0,2026-07-25T21:11:05Z,8e85966a7a2f84bdd360a580021abe7071137094,True,True,True,True,True,True,Not Eligible,Dockerfile present
picasso-utc/ocktopus,https://github.com/picasso-utc/ocktopus,2.0,2026-08-26T13:18:39Z,cfaa4adb8bec368f45459ed458644792b1940610,True,True,True,True,True,True,Not Eligible,Dockerfile present
merodiro/social-network,https://github.com/merodiro/social-network,5.0,2026-02-14T16:34:39Z,813296d5a969f6848e2919cbb6afb3c9bf52f763,True,True,True,True,True,False,Eligible,
modus-digital/laravel-starter-kit,https://github.com/modus-digital/laravel-starter-kit,5.0,2026-02-23T09:29:09Z,b238bac6be839717fbfb9d89d7848892884acb26,True,True,True,True,True,False,Eligible,
andrejvysny/spendly,https://github.com/andrejvysny/spendly,12.0,2026-08-31T05:18:18Z,c33cfbbcca3e8bdc31e2b446153301781866dc85,True,True,True,True,True,True,Not Eligible,Dockerfile present
kwedbh/Employee-Data-Management-System,https://github.com/kwedbh/Employee-Data-Management-System,15.0,2026-01-28T22:33:12Z,ea36e9c94c1940f5965d91e6be22ab06c713c8fd,True,True,True,True,True,True,Not Eligible,Dockerfile present
drewmt/lineweb-social,https://github.com/drewmt/lineweb-social,31.0,2026-09-07T14:37:50Z,70780a44b5793ce70585d04df66440c1dbf0a7ca,True,True,True,True,True,True,Not Eligible,Dockerfile present
GabrielG71/busca_produto,https://github.com/GabrielG71/busca_produto,5.0,2025-06-22T19:45:32Z,0aa1a30051efec25fa0f5ebf728b070a29e152c4,False,True,True,True,True,False,Not Eligible,Not recently active
thomasnynas12/react-laravel,https://github.com/thomasnynas12/react-laravel,5.0,2025-03-11T04:24:04Z,fa1c330098db1e3d8737022eef6ac7d4ea2417d8,False,True,True,True,True,False,Not Eligible,Not recently active
brindleydata/wireguard-laravel-api,https://github.com/brindleydata/wireguard-laravel-api,8.0,2026-02-13T14:24:19Z,debb144b9301c1813114e6fd6eedd62fbdf46589,True,True,True,False,False,False,Not Eligible,No tests directory; No PHPUnit configuration
aliqasemzadeh/7ul,https://github.com/aliqasemzadeh/7ul,2.0,2026-08-11T14:40:05Z,ae5e24ba6379c624e70aa74a36e71ea3086b385a,True,True,True,True,True,False,Eligible,
M-Media-Group/m-media,https://github.com/M-Media-Group/m-media,2.0,2025-07-04T10:15:40Z,58e31821c1ddb8d3a3221b233a8fbe0f1adaeffd,False,True,True,True,True,True,Not Eligible,Not recently active; Dockerfile present
scify/Mentorship-matching-backend,https://github.com/scify/Mentorship-matching-backend,8.0,2026-09-10T02:55:01Z,895987e68449d571a387caca9b1c68cbd15811db,True,True,True,True,True,True,Not Eligible,Dockerfile present
AmirPeyravan/music-player-style,https://github.com/AmirPeyravan/music-player-style,5.0,2025-06-07T07:37:46Z,6ae33c964468f4b3d07516ac7213f6f139e2bcce,False,True,True,True,True,False,Not Eligible,Not recently active
nirav-gajera/company-and-employee-management,https://github.com/nirav-gajera/company-and-employee-management,2.0,2026-09-07T04:04:23Z,6fed0084b3f350742d379e1c778d360618c4e34e,True,True,True,True,True,False,Eligible,
librenms/librenms,https://github.com/librenms/librenms,4885.0,2026-09-10T14:36:47Z,5e6053804e3174fd6f2b691282caafc54cc220f0,True,True,True,True,True,True,Not Eligible,Dockerfile present
Ferks-FK/SourceAdmin,https://github.com/Ferks-FK/SourceAdmin,25.0,2025-05-06T00:27:25Z,01bf117dc1c7c0db70bf49ae90f5ea3b1b6fc5c2,False,True,True,True,True,False,Not Eligible,Not recently active
DirectoryLister/directorylister.com,https://github.com/DirectoryLister/directorylister.com,4.0,2026-05-10T01:34:24Z,117a3e7cb425776b214443001f2d88c326bfcf97,True,True,True,True,True,True,Not Eligible,Dockerfile present
yanpenalva/starter-kit-laravue,https://github.com/yanpenalva/starter-kit-laravue,14.0,2026-08-23T18:55:05Z,5741f95d6ef6db61950b12eded601e06646d6abb,True,True,True,True,True,True,Not Eligible,Dockerfile present
Jieyab89/Lara-Mankost,https://github.com/Jieyab89/Lara-Mankost,20.0,2026-03-13T08:59:23Z,3c6c735160393b20760cbbfa5ffeb2c0965dea8a,True,True,True,True,True,False,Eligible,
temo-123/climbing.ge,https://github.com/temo-123/climbing.ge,2.0,2026-09-08T17:25:29Z,cb18a68767def1027d6bef6ad05f7310170b3c62,True,True,True,True,True,False,Eligible,
kyawzinhtett/lara_blog,https://github.com/kyawzinhtett/lara_blog,2.0,2025-01-03T09:50:45Z,01003ed37502a0dbbee3e7c0ed3d0d6a4304d84e,False,True,True,True,True,False,Not Eligible,Not recently active
IvandryPage/roboticschool,https://github.com/IvandryPage/roboticschool,2.0,2026-07-02T08:42:24Z,74f7f09a01b939f7e6c11f4fd06e6941a065d3b8,True,True,True,True,True,False,Eligible,
he4rt/heartdevs.com,https://github.com/he4rt/heartdevs.com,195.0,2026-09-10T12:31:05Z,b16c74c7300b8d37bfcf3d36de7bbfb72827ab02,True,True,True,True,True,False,Eligible,
liberusoftware/control-panel-laravel,https://github.com/liberusoftware/control-panel-laravel,41.0,2026-09-07T18:59:00Z,78dda10fdbcde8258a43ee77427f60c7954f6872,True,True,True,True,True,True,Not Eligible,Dockerfile present
lanedirt/OGameX,https://github.com/lanedirt/OGameX,311.0,2026-09-07T09:16:30Z,f6ada50832d454cc58b51efc81038cc7583d9746,True,True,True,True,True,True,Not Eligible,Dockerfile present
nuxt-ui-templates/starter-laravel,https://github.com/nuxt-ui-templates/starter-laravel,40.0,2026-09-10T17:29:35Z,653013e175653a86a1f4d54f04e28e29a3793a22,True,True,True,True,True,False,Eligible,
ed3t/tango,https://github.com/ed3t/tango,23.0,2026-03-27T12:48:52Z,432abaed861611fd14529d8cdc9d7672d19edc81,True,True,False,True,True,False,Eligible,
HebaAbdElhamed/laravel-hr-management-system-api,https://github.com/HebaAbdElhamed/laravel-hr-management-system-api,2.0,2026-05-16T15:48:13Z,d0255762cde68b9508ebf9a71f8acd62c71b2ac6,True,True,True,True,True,False,Eligible,
ikramsyakir/magnetize,https://github.com/ikramsyakir/magnetize,3.0,2025-07-03T08:37:51Z,7fb56ef21154014b7dcd6e2a1bce6bf625d2f84a,False,True,True,True,True,False,Not Eligible,Not recently active
spatie/laravel-queues-demo-app,https://github.com/spatie/laravel-queues-demo-app,15.0,2026-01-31T10:26:30Z,5a0f01f74e60b74b9095089a649e7e2a6aa1b70d,True,True,True,True,True,False,Eligible,
BaseMax/LaravelBigDataTest,https://github.com/BaseMax/LaravelBigDataTest,8.0,2026-09-10T03:53:59Z,f91433b558379f364c579129e5a38b5c06fe667a,True,True,True,True,True,False,Eligible,
VikrantParmar/laravel-jwt-api-crudX,https://github.com/VikrantParmar/laravel-jwt-api-crudX,2.0,2025-01-12T06:44:57Z,06f025bc9e7de571711514e254f16d1ae332699e,False,True,True,True,True,False,Not Eligible,Not recently active
justshobee/Laravel-CRUD,https://github.com/justshobee/Laravel-CRUD,2.0,2025-01-06T22:13:04Z,bfcd26498914741710d28d2131749e4c440433b6,False,True,True,True,True,False,Not Eligible,Not recently active
raupulus/api-fryntiz,https://github.com/raupulus/api-fryntiz,2.0,2026-09-09T14:38:42Z,cfe859bbf09e3b0825b97e81fe40522dbe136ee7,True,True,True,True,True,False,Eligible,
bappy3a/e-commerce-application-using-Laravel-and-Vue,https://github.com/bappy3a/e-commerce-application-using-Laravel-and-Vue,2.0,2026-07-02T20:54:56Z,110b0dbb5ffe183df324c1e291d6731db1654155,True,True,True,True,True,False,Eligible,
gdarko/laravel-vue-starter,https://github.com/gdarko/laravel-vue-starter,144.0,2026-04-01T12:44:17Z,2b8eb53292ad2a66aa608289c70e04252fffa6c5,True,True,True,True,True,False,Eligible,
ShaerWare/BIZZIO,https://github.com/ShaerWare/BIZZIO,2.0,2026-09-09T15:16:32Z,6012b7abe4981da6c282a59bd38ea1ee7bab052d,True,True,True,True,True,True,Not Eligible,Dockerfile present
manjurulhoque/laravel-udemy-clone,https://github.com/manjurulhoque/laravel-udemy-clone,115.0,2026-08-08T11:22:31Z,41d92593b1f204a36aa947a723f7a7d8867908a4,True,True,True,True,True,False,Eligible,
Laravel-Nepal/laravelnepal.com,https://github.com/Laravel-Nepal/laravelnepal.com,4.0,2026-05-27T12:22:16Z,4430386941efa3f0989100b37d3e0dba8491e096,True,True,True,True,True,False,Eligible,
bartvantuijn/noton,https://github.com/bartvantuijn/noton,201.0,2026-08-11T08:15:32Z,b87d7ebb611c586fa475474d512338930f230ea8,True,True,True,True,True,True,Not Eligible,Dockerfile present
andreapollastri/newsletter,https://github.com/andreapollastri/newsletter,11.0,2026-09-06T05:18:16Z,9ee5a226d31db8cc640babee7d9fbe92827845ca,True,True,True,True,True,False,Eligible,
Kovah/LinkAce,https://github.com/Kovah/LinkAce,3331.0,2026-09-07T01:03:01Z,d6821661fb5878850738dc5f3d3593799d89445f,True,True,True,True,True,False,Eligible,
Grazulex/laravel-api-kit,https://github.com/Grazulex/laravel-api-kit,473.0,2026-03-30T16:03:58Z,98b8ff236b96e4ff503c78c0420cc2fb9a31710b,True,True,True,True,True,True,Not Eligible,Dockerfile present
cham11ng/multi-tenant-postgres,https://github.com/cham11ng/multi-tenant-postgres,11.0,2026-07-20T22:43:20Z,d502fc09fbdc54b1c48ffb243d99a0f86c818f8f,True,True,True,True,True,False,Eligible,
harris21/ship-ai-with-laravel,https://github.com/harris21/ship-ai-with-laravel,84.0,2026-07-08T13:46:36Z,37fe64bff3873fa861eb43e8ca54c5849c84b6ae,True,True,True,True,True,False,Eligible,
mehdidhammou/invento,https://github.com/mehdidhammou/invento,6.0,2026-04-14T01:48:52Z,584a81c540cc37db74ac5e571c2df2fc8d9f9bfb,True,True,True,True,True,False,Eligible,
ilijaristov67/ERM,https://github.com/ilijaristov67/ERM,7.0,2026-03-07T12:53:51Z,f544d628373c0f65bd0d3db04e282a7642d7d89a,True,True,True,True,True,True,Not Eligible,Dockerfile present
Eckmars/Eckmar-v2,https://github.com/Eckmars/Eckmar-v2,21.0,2025-09-14T12:17:07Z,0476480c2240fe74abc4aa9b8252012e05de3248,True,True,True,True,True,False,Eligible,
bnussbau/trmnl-train-monitor,https://github.com/bnussbau/trmnl-train-monitor,6.0,2026-09-02T17:42:51Z,1fa22db066aac6a09cc57f66345e41af95fe178f,True,True,True,True,True,True,Not Eligible,Dockerfile present
mohamadabdelhady/intellect_book_service_website,https://github.com/mohamadabdelhady/intellect_book_service_website,4.0,2026-02-07T18:50:31Z,210bd09711b0ab84c0b38619f3a7164803d449ac,True,True,True,True,True,False,Eligible,
arafat-web/Bulk-Email-Sender,https://github.com/arafat-web/Bulk-Email-Sender,68.0,2026-09-10T11:56:19Z,363162a04f3d554e16a2410e1a406ecedc2468c7,True,True,True,True,True,False,Eligible,
ajikamaludin-dev/laravel-template,https://github.com/ajikamaludin-dev/laravel-template,23.0,2026-03-18T01:59:15Z,89ca8b7a08e49515fd8b716b67710af2d5e207c7,True,True,True,True,True,True,Not Eligible,Dockerfile present
andrewdwallo/erpsaas,https://github.com/andrewdwallo/erpsaas,1473.0,2026-03-05T00:55:33Z,565501e64ec7f59e8fbab342d4254ee6ef1202c8,True,True,True,True,True,False,Eligible,
Affolder-Creative/davvy,https://github.com/Affolder-Creative/davvy,2.0,2026-09-10T00:07:47Z,8d84d525a1166042ac570161547ffee6602a9b0e,True,True,True,True,True,True,Not Eligible,Dockerfile present
minhajul/blog,https://github.com/minhajul/blog,10.0,2026-09-10T05:13:47Z,497701a84a67d837c06a3a035eabb76ecbb63d7d,True,True,True,True,True,False,Eligible,
nuclearcms/nuclear,https://github.com/nuclearcms/nuclear,39.0,2026-04-09T20:33:33Z,39b91f808ef352fabe87928da96961794ed8ff4d,True,True,False,True,True,False,Eligible,
alaminfirdows/laravel-editorjs-demo,https://github.com/alaminfirdows/laravel-editorjs-demo,4.0,2026-03-24T16:49:02Z,6c74249e338672e6dd6136cf25f0ea125c07e5b0,True,True,True,True,True,False,Eligible,
pricorephp/pricore,https://github.com/pricorephp/pricore,152.0,2026-09-06T07:26:08Z,3716a66cb00bddd79e8d0fabe88c25d0566b6893,True,True,True,True,True,True,Not Eligible,Dockerfile present
hanzo-alpha/simdata-sosial,https://github.com/hanzo-alpha/simdata-sosial,2.0,2026-06-22T23:02:52Z,135818dea3162bcf0a2c843db37e6d70f97fb643,True,True,True,True,True,False,Eligible,
Tschucki/pr0p0ll,https://github.com/Tschucki/pr0p0ll,15.0,2026-08-03T19:58:24Z,7b900f3a916ed81ea66b276d6290bf44440d2717,True,True,True,True,True,False,Eligible,
serversideup/benchkit-laravel,https://github.com/serversideup/benchkit-laravel,39.0,2026-08-28T15:31:43Z,3fdf90ddeacc887b2316e392c4d4de2aa2c9f6b3,True,True,True,True,True,True,Not Eligible,Dockerfile present
TedoHarisC/presensi-app-laravel-filament,https://github.com/TedoHarisC/presensi-app-laravel-filament,2.0,2025-02-14T07:54:12Z,7d41d4f61fcf1a143595131169585904a50ff5c3,False,True,True,True,True,False,Not Eligible,Not recently active
niece1/airinsider,https://github.com/niece1/airinsider,2.0,2026-02-14T03:52:49Z,beff1dafb03d00dff9d7fe75c913ae643d498117,True,True,True,True,True,True,Not Eligible,Dockerfile present
danielebarbaro/ekswai-jobs-scraper,https://github.com/danielebarbaro/ekswai-jobs-scraper,2.0,2026-09-08T12:17:39Z,dae521963f9c6345bbfbfcf13261140035b19351,True,True,True,True,True,False,Eligible,
rurumiru/novel-site-platform,https://github.com/rurumiru/novel-site-platform,2.0,2026-08-31T14:32:53Z,7def2427dc3988d9d001d4d18f027fc121b6795a,True,True,False,True,True,False,Eligible,
tuxevil/openAPI-ec,https://github.com/tuxevil/openAPI-ec,2.0,2026-07-21T21:35:46Z,8c318e367ac957bd0963b4c8ee4b1782aaf7ffbe,True,True,True,True,True,True,Not Eligible,Dockerfile present
Bangkahdev/bangkah-launcher,https://github.com/Bangkahdev/bangkah-launcher,9.0,2026-09-02T23:23:21Z,7cc2e547b2244d2a7733222cec731511e854f3bf,True,True,True,True,True,True,Not Eligible,Dockerfile present
BaseMax/BookingLaravelGraphQL,https://github.com/BaseMax/BookingLaravelGraphQL,2.0,2026-09-02T17:07:53Z,e553bdf11a401fcddcd19ee96aba67fd2acb6a2f,True,True,True,True,True,False,Eligible,
unopim/unopim,https://github.com/unopim/unopim,10955.0,2026-09-10T17:09:17Z,d33fc74c6bc02393e01b4dc547b2b50dbe8662d9,True,True,True,True,True,False,Eligible,
harys-rifai/lvmac12012628-POS,https://github.com/harys-rifai/lvmac12012628-POS,2.0,2026-02-22T05:30:01Z,646d748769f2ba6970627f0cedde98b4e88f1369,True,True,True,True,True,False,Eligible,
amarskdev/Laravel-Ecommerce-Platform,https://github.com/amarskdev/Laravel-Ecommerce-Platform,2.0,2026-05-30T13:38:46Z,99b04391c47207d8c88f821983c784fb379abf51,True,True,True,True,True,False,Eligible,
amcsi/lycee-overture,https://github.com/amcsi/lycee-overture,5.0,2026-04-24T16:23:52Z,26cf8defd6280e08e395f3a2e3f2b01a81f56231,True,True,True,True,True,True,Not Eligible,Dockerfile present
gerrygeop/inventori-merchandise,https://github.com/gerrygeop/inventori-merchandise,2.0,2025-05-14T08:06:12Z,24556b47f8f35465ab98f49c00fcd81cc0764633,False,True,True,True,True,False,Not Eligible,Not recently active
CodeRomeos/laravel-inertia-react-shadcn-boilerplate,https://github.com/CodeRomeos/laravel-inertia-react-shadcn-boilerplate,32.0,2025-11-18T16:52:36Z,2c28eaa850a17aaab1305e0f33cedfe3131e3949,True,True,True,True,True,False,Eligible,
Nilanth/laravel-react-boilerplate,https://github.com/Nilanth/laravel-react-boilerplate,78.0,2026-05-29T20:47:02Z,b25a44431354d001650bb9ccce9cb35310e1e7d8,True,True,True,True,False,False,Not Eligible,No PHPUnit configuration
khyrr/Gestion-Scolarite,https://github.com/khyrr/Gestion-Scolarite,4.0,2026-07-02T17:57:17Z,1e2cd3c1242010b4f0ce040e59924220fc95341f,True,True,True,True,True,True,Not Eligible,Dockerfile present
rizkyilhampra/spdhtc,https://github.com/rizkyilhampra/spdhtc,30.0,2026-03-14T02:38:57Z,1d9b4a5083a1dc4bc82dd2edf56b1ae438aea2f1,True,True,True,True,True,False,Eligible,
asgarimehdi/h-dashboard,https://github.com/asgarimehdi/h-dashboard,2.0,2026-09-10T16:03:46Z,2d4b547a8edeb1a25826cf7c7074ef1d1351da88,True,True,False,True,True,False,Eligible,
DemocraciaEnRed/participes-app,https://github.com/DemocraciaEnRed/participes-app,8.0,2026-09-04T00:32:41Z,da23c636fac4e5608ab754f24e3b1ae114f305c7,True,True,True,True,True,False,Eligible,
djaiss/journalOS,https://github.com/djaiss/journalOS,6.0,2026-04-27T15:03:26Z,673f02b28e6d27ca6422eec4907c7f5fd6c22da4,True,True,True,True,True,True,Not Eligible,Dockerfile present
mycermy/ims-lo14,https://github.com/mycermy/ims-lo14,2.0,2025-02-26T02:44:25Z,51f3c128678380266c9ad8c21d0163b5fcbba22c,False,True,True,True,True,False,Not Eligible,Not recently active
aydinpramasta/perpustakaan,https://github.com/aydinpramasta/perpustakaan,16.0,2025-06-06T13:20:28Z,91f0c60b880db48858e62330cc70fc77b94fecd5,False,True,True,True,True,False,Not Eligible,Not recently active
shahghasiadil/laravel-clean-architecture-ddd-cqrs,https://github.com/shahghasiadil/laravel-clean-architecture-ddd-cqrs,119.0,2026-08-16T09:05:26Z,2fccb7e125a83a843a4f640c5796cf48f9c0cbe0,True,True,True,True,True,False,Eligible,
cwang22/buy-all-steam-games,https://github.com/cwang22/buy-all-steam-games,170.0,2025-01-22T04:57:33Z,3d1c1c8d07c1447e52838f3ae8ddd33ce5eaff2e,False,True,True,True,True,False,Not Eligible,Not recently active
liberusoftware/boilerplate-laravel,https://github.com/liberusoftware/boilerplate-laravel,202.0,2026-08-24T18:23:41Z,f594cb616b41de50101ca580bb2756f0236d0bc0,True,True,True,True,True,True,Not Eligible,Dockerfile present
mehmetmasa/finova,https://github.com/mehmetmasa/finova,34.0,2026-01-08T18:46:25Z,5d085c90de4dd72099e6bb81f8f7dbbc4add78b1,True,True,True,True,True,False,Eligible,
VoxDroid/Eventra,https://github.com/VoxDroid/Eventra,4.0,2026-04-14T19:48:26Z,db0556473eed2ebb8c7d6ff8ee9653da3392668d,True,True,True,True,True,False,Eligible,
MusgoNato/FinAI,https://github.com/MusgoNato/FinAI,3.0,2026-04-04T23:11:49Z,bbef30059e5099e6ab7aa1f3314d1aedc62146ee,True,True,True,True,True,False,Eligible,
senatroxx/OpenKos,https://github.com/senatroxx/OpenKos,98.0,2026-09-10T09:06:37Z,1e2f90f754b4152f54fa627efdca034d26ae5aaf,True,True,True,True,True,False,Eligible,
innocms/innocms,https://github.com/innocms/innocms,129.0,2026-09-07T06:25:13Z,0b0fc5c041afda6a7f785edd0a469f8d8770af4e,True,True,True,True,True,False,Eligible,
danisec/kinerjaplus,https://github.com/danisec/kinerjaplus,2.0,2026-02-10T14:45:56Z,d3718c0de95fe06e008560d0ec287d784eb5b303,True,True,True,True,True,True,Not Eligible,Dockerfile present
PURPLE-ORCA/PROXAM,https://github.com/PURPLE-ORCA/PROXAM,2.0,2025-07-25T15:54:16Z,69d52bdb78fac2c5c40f3055160992b7a7fc2717,False,True,True,True,True,False,Not Eligible,Not recently active
zayennn/streamingnime,https://github.com/zayennn/streamingnime,5.0,2026-02-16T00:20:48Z,4a583ba47b04184d5538fb8243ec4a6661a065f1,True,True,True,True,True,False,Eligible,
armandwipangestu/freshbite,https://github.com/armandwipangestu/freshbite,2.0,2026-01-15T08:57:31Z,806819b317f3ac65a5b71e74d93f01d1fdbc198d,True,True,True,True,True,True,Not Eligible,Dockerfile present
mshossain110/LaravelDrive,https://github.com/mshossain110/LaravelDrive,84.0,2026-07-24T20:02:02Z,6b8a3a41730938a407ec5e4169bb4f17ed7a3ce0,True,True,True,True,True,True,Not Eligible,Dockerfile present
myxiaoao/dujiaoka-next,https://github.com/myxiaoao/dujiaoka-next,52.0,2025-11-13T23:59:27Z,ec6f79fbfd3551098b5d7ace697d5090b156a054,True,True,True,True,True,False,Eligible,
Renaudfradin/API-Folio,https://github.com/Renaudfradin/API-Folio,2.0,2026-09-08T20:59:14Z,85c7d94f062d93c4369db649a5b3266fb04ecac3,True,True,True,True,True,False,Eligible,
hlmitecnologia/vetessence,https://github.com/hlmitecnologia/vetessence,6.0,2026-08-31T21:53:13Z,cfe7e4afef7e351f6718fb20d217ed4a7929917f,True,True,True,True,True,False,Eligible,
barbosa89/hellen-suite,https://github.com/barbosa89/hellen-suite,14.0,2026-09-04T04:10:30Z,0e6c4f9194036b223b8dee1f2108932cc2829f23,True,True,True,True,True,False,Eligible,
erikwibowo/Laravel-Brive,https://github.com/erikwibowo/Laravel-Brive,173.0,2025-09-22T15:24:43Z,b7f6cd9a1f5b56ef6b47b6f4a8133301adc22192,True,True,True,True,True,True,Not Eligible,Dockerfile present
ZEDLABS-TEKNOLOGI-INDONESIA/ppdb,https://github.com/ZEDLABS-TEKNOLOGI-INDONESIA/ppdb,2.0,2026-04-10T20:12:59Z,53789df416f88eee1921dca41ea6665232e1033e,True,True,True,False,True,False,Not Eligible,No tests directory
RamzyVirani/laravel-boilerplate,https://github.com/RamzyVirani/laravel-boilerplate,16.0,2025-07-15T05:22:32Z,954cf97a49420f9042d4d1dcfe10f1999085a850,False,True,True,True,True,False,Not Eligible,Not recently active
Lukasss93/telegram-stickeroptimizer,https://github.com/Lukasss93/telegram-stickeroptimizer,23.0,2025-09-12T20:02:42Z,f15038d0d258b1b788d38c1e89188c384e3b0568,True,True,True,True,True,True,Not Eligible,Dockerfile present
lukacavic/taskwave,https://github.com/lukacavic/taskwave,44.0,2025-08-03T18:19:44Z,c61dcafd202281b9160825533f6d01fb62a84d03,False,True,True,True,True,False,Not Eligible,Not recently active
ArcInTower/telegram-channel-api,https://github.com/ArcInTower/telegram-channel-api,2.0,2025-08-01T13:17:43Z,87d3a01ac3bb404721d46f652019ba40409136b6,False,True,True,True,True,False,Not Eligible,Not recently active
ytivargitna/outfit-shop-api,https://github.com/ytivargitna/outfit-shop-api,2.0,2026-08-27T15:11:43Z,b461a48fc5edc1e5d30b63530c47fec9d6b1fae2,True,True,True,True,True,False,Eligible,
ChanCrits/students,https://github.com/ChanCrits/students,3.0,2025-03-18T05:11:31Z,3a09f863773920c70f7b05bc52ad3a2c860193fe,False,True,True,True,True,False,Not Eligible,Not recently active
Cybrarist/Discount-Bandit,https://github.com/Cybrarist/Discount-Bandit,740.0,2026-06-01T10:57:52Z,fb9caebee58f8e0785cdd697c728e6094d5457f7,True,True,True,True,True,True,Not Eligible,Dockerfile present
NethServer/phonehome-server,https://github.com/NethServer/phonehome-server,2.0,2026-09-06T12:27:05Z,ff18fca373e3acd936e36571dede8439e5e9825c,True,True,True,True,True,True,Not Eligible,Dockerfile present
YasserElgammal/expenses-tracker,https://github.com/YasserElgammal/expenses-tracker,6.0,2026-05-13T21:26:42Z,44999786610e644b3fb7c5fafccf991ae5433def,True,True,True,True,True,False,Eligible,
rahulhaque/soketi-app-manager-filament,https://github.com/rahulhaque/soketi-app-manager-filament,113.0,2026-08-30T08:49:44Z,844fc0c8c04049fb84d945b4f2acd0453217032e,True,True,True,True,True,True,Not Eligible,Dockerfile present
teamforus/forus-backend,https://github.com/teamforus/forus-backend,2.0,2026-09-10T16:42:30Z,33a026c06aa1fb334a4c66af7d839cabca30a184,True,True,True,True,True,True,Not Eligible,Dockerfile present
kbennett2000/recipe-machine,https://github.com/kbennett2000/recipe-machine,2.0,2026-07-12T20:45:16Z,dfd17e4960e6a2f68a3e929bedda1fd17bf3f3b6,True,True,True,True,True,True,Not Eligible,Dockerfile present
polirium/polirium,https://github.com/polirium/polirium,42.0,2026-08-24T09:59:15Z,77decf6f8d68441317742ed21f6662b88b5e77d8,True,True,True,True,True,False,Eligible,
AntonioHenriqueGF/fdo-api,https://github.com/AntonioHenriqueGF/fdo-api,2.0,2026-08-12T01:56:20Z,3013c2f117a4ef1c28ba155b037e031b24466e69,True,True,True,True,True,True,Not Eligible,Dockerfile present
ChandanShakya/mary-ui-starter-kit,https://github.com/ChandanShakya/mary-ui-starter-kit,5.0,2026-04-20T18:18:39Z,5e7c4c73a07ed3ef496a5bddfe2587b66783825a,True,True,True,True,True,False,Eligible,
usetrmnl/larapaper,https://github.com/usetrmnl/larapaper,391.0,2026-09-07T18:21:40Z,dae3833b1af7f05a825d9c4d41db2aac50f1b563,True,True,True,True,True,True,Not Eligible,Dockerfile present
mortenebak/laravel-starter-project,https://github.com/mortenebak/laravel-starter-project,7.0,2026-02-07T09:37:07Z,985dbe6d5335526def11c75019ac9cc0448c858c,True,True,True,True,True,False,Eligible,
Helg18/megadownloaderrobot,https://github.com/Helg18/megadownloaderrobot,17.0,2026-02-13T20:55:10Z,e18a2174f777bfbc75c2971d8ca853dcd7cf88d1,True,True,True,True,True,False,Eligible,
prog-time/tg-support-bot,https://github.com/prog-time/tg-support-bot,250.0,2026-08-30T15:59:34Z,a6a5af0fcd70ecdb31fe53f3837eb4f3efa12b80,True,True,True,True,True,True,Not Eligible,Dockerfile present
FinTrackhq/FinTrack,https://github.com/FinTrackhq/FinTrack,31.0,2025-12-02T19:35:15Z,eb168b2f134b544995f14422a2814198503a81b2,True,True,True,True,True,False,Eligible,
AhmadIkbalDjaya/momentum,https://github.com/AhmadIkbalDjaya/momentum,2.0,2026-06-26T13:43:52Z,6a539c4111180074be11baaeb3fad93229b37286,True,True,True,True,True,False,Eligible,
EG-Mohamed/OpenCharity,https://github.com/EG-Mohamed/OpenCharity,4.0,2026-07-27T12:29:23Z,d886921bdf41fd6c713704c41606a5daddfe3bbc,True,True,True,True,True,False,Eligible,
prave-com/drive-laravel,https://github.com/prave-com/drive-laravel,2.0,2025-05-01T20:59:33Z,e5fdbacde5624a3993b5cc8b6b1ed2ddd03e31c0,False,True,True,True,True,True,Not Eligible,Not recently active; Dockerfile present
qeihannn/laravel-pos-system,https://github.com/qeihannn/laravel-pos-system,5.0,2025-12-17T03:31:28Z,34b4ee17df881a0277a89516d4df31d64a2fe8ce,True,True,True,True,True,False,Eligible,
AhmadMuzayyin/siska,https://github.com/AhmadMuzayyin/siska,6.0,2026-08-18T06:47:35Z,3b61620d2db53f569b66b601ca5750f53e884fcd,True,True,False,True,True,False,Eligible,
shoppie70/InstagramGraphApiTokenGenerator,https://github.com/shoppie70/InstagramGraphApiTokenGenerator,2.0,2026-05-24T17:30:26Z,0b32c9f4a2a43477237f86cef312a9c8482f3a65,True,True,True,True,True,False,Eligible,
Una1n/TravelAgency,https://github.com/Una1n/TravelAgency,5.0,2025-04-23T09:04:22Z,b395968fd306111d0cae9fa8c60cb89cb3d0c05b,False,True,True,True,True,True,Not Eligible,Not recently active; Dockerfile present
takielias/tablar-starter-kit,https://github.com/takielias/tablar-starter-kit,13.0,2026-09-05T06:30:57Z,56bec05edc1ef4a4d7a89a90fbb4629cb2d4a484,True,True,False,True,True,False,Eligible,
pourya-azad/SnappAPI,https://github.com/pourya-azad/SnappAPI,52.0,2025-09-13T07:32:44Z,340ae7241c579e0f970955eb618892a21192c49c,True,True,True,True,True,False,Eligible,
ds-joe/saas-multi-layout-laravel-template,https://github.com/ds-joe/saas-multi-layout-laravel-template,4.0,2025-01-17T15:55:57Z,2125ad63b1d682506615a12df0759463cdfac7b7,False,True,True,True,True,False,Not Eligible,Not recently active
hamza094/daywright,https://github.com/hamza094/daywright,6.0,2026-09-09T15:53:23Z,24fea0ee6e843791a91b3fcab7e803511c23dc21,True,True,True,True,True,False,Eligible,
Danielopes7/php-contributing,https://github.com/Danielopes7/php-contributing,13.0,2025-03-27T14:45:56Z,9b5d218e2da9c1df3b4183995a8fdaf899b63186,False,True,True,True,True,True,Not Eligible,Not recently active; Dockerfile present
Dziennik-Azayaka/azayaka,https://github.com/Dziennik-Azayaka/azayaka,24.0,2026-09-04T17:31:07Z,7969910e52bd6cfa87fc4d45c1e8315d5e9c367f,True,True,True,True,True,False,Eligible,
bintang-r/pembayaran-spp,https://github.com/bintang-r/pembayaran-spp,4.0,2025-01-21T06:43:00Z,ffa6f920823e8cb68e42a164c31f170615f77977,False,True,True,True,True,False,Not Eligible,Not recently active
loudsheep/sprzatando,https://github.com/loudsheep/sprzatando,4.0,2025-05-19T09:02:44Z,e968d3f7641fc0bb35d73d07cb85abc8b3e5e996,False,True,True,True,True,True,Not Eligible,Not recently active; Dockerfile present
ColoredCow/monitor,https://github.com/ColoredCow/monitor,5.0,2026-07-04T10:25:58Z,1ea2b742bad958955e5b9418e8df7ca1b5036cf6,True,True,True,True,True,False,Eligible,
alabaganne/Internly,https://github.com/alabaganne/Internly,4.0,2026-09-08T00:54:06Z,97e92852b8eca45018ac9847c0863b19ffde2ffb,True,True,True,True,True,False,Eligible,
akbarr13/waroong,https://github.com/akbarr13/waroong,2.0,2026-03-19T06:17:59Z,c250cdb5f56c2943a0bd1e59b259afb7c66e4a39,True,True,True,True,True,False,Eligible,
adeoladev/laraboard,https://github.com/adeoladev/laraboard,2.0,2026-03-07T12:45:56Z,8b5fa1b7f2c1f6f42ee413f49e9a0d8a75b64999,True,True,True,True,True,False,Eligible,
jeffersongoncalves/nativekitv5,https://github.com/jeffersongoncalves/nativekitv5,4.0,2026-09-05T22:51:00Z,dd1ead65028c8bd3bbde08e283f9d48c9b0ba043,True,True,True,True,True,False,Eligible,
developer-ashok/laravel-recaptcha,https://github.com/developer-ashok/laravel-recaptcha,2.0,2026-07-18T18:52:53Z,b66148126ae657cfebd4ee4402d90d64f49c570b,True,True,True,True,True,False,Eligible,
Mentor-Wizard/mentor-wizard-webapp,https://github.com/Mentor-Wizard/mentor-wizard-webapp,10.0,2026-09-07T06:58:24Z,01474e63bb14c1329ae7cd7575048ed027b419ea,True,True,True,True,True,True,Not Eligible,Dockerfile present
beatrax-app/beatrax,https://github.com/beatrax-app/beatrax,8.0,2026-09-10T18:01:29Z,8c3e8def1080b7393365b0e79de671977641c00f,True,True,True,True,True,True,Not Eligible,Dockerfile present
CholitaApp/cholita,https://github.com/CholitaApp/cholita,2.0,2025-07-01T17:41:55Z,8e88ebc6f80504a1c0c43772383dbdb8fbb3208a,False,True,True,True,True,False,Not Eligible,Not recently active
cristianmarint/DEPORCO,https://github.com/cristianmarint/DEPORCO,9.0,2026-09-05T10:19:09Z,977edefd0fd8422efcc38302152aca4dcdf57ba9,True,True,True,True,True,False,Eligible,
ZTL-ARTCC/Current_Website,https://github.com/ZTL-ARTCC/Current_Website,4.0,2026-09-09T15:02:43Z,80ab81ef1f8374a7a8f114e706883d819617179d,True,True,True,True,True,False,Eligible,
Ahmed1shihab/laravel-ecommerce,https://github.com/Ahmed1shihab/laravel-ecommerce,2.0,2025-07-18T17:18:11Z,08c25b77b057f9dae8e1177035d6e9124f0b7f06,False,True,True,True,True,False,Not Eligible,Not recently active
bearlikelion/mPM,https://github.com/bearlikelion/mPM,2.0,2026-05-14T18:10:38Z,05c1112665f182f2103f694c5315a61a8b9b0b6e,True,True,True,True,True,True,Not Eligible,Dockerfile present
brayo333/random-journal,https://github.com/brayo333/random-journal,2.0,2026-04-12T17:00:27Z,286a989cd1bf30de72ef58f8cf86b93053822318,True,True,True,True,True,False,Eligible,
systemsdk/docker-nginx-php-laravel,https://github.com/systemsdk/docker-nginx-php-laravel,347.0,2026-07-27T16:06:56Z,7f985e08bca3839943d27c4e41dd4aa0adb02df4,True,True,True,True,True,True,Not Eligible,Dockerfile present
MuhammedTNCR/forgebase,https://github.com/MuhammedTNCR/forgebase,2.0,2026-03-05T13:09:27Z,fe3abd7ce9c9d493c9320d89a99dd3f81bf7d3d2,True,True,True,True,True,True,Not Eligible,Dockerfile present
ghostcompiler/laravel-react-jsx-boilerplate,https://github.com/ghostcompiler/laravel-react-jsx-boilerplate,20.0,2026-07-06T10:27:02Z,1a1b383602faa2b4a2525becfc2acc0839a3085f,True,True,False,True,True,False,Eligible,
malikad778/notification-center,https://github.com/malikad778/notification-center,8.0,2026-02-20T06:50:44Z,3b29bdefaab99eae9a28eabe246d0502a117bd28,True,True,True,True,True,True,Not Eligible,Dockerfile present
veldik/platby,https://github.com/veldik/platby,2.0,2026-08-22T07:40:58Z,e6b300137fc3e9396643d025a24303c661995c50,True,True,True,True,True,True,Not Eligible,Dockerfile present
romanzipp/Laravel-Skeleton,https://github.com/romanzipp/Laravel-Skeleton,8.0,2025-03-20T08:28:55Z,71bb594bbfd99ac5aaf37d94e5ac2725e842e019,False,True,True,True,True,True,Not Eligible,Not recently active; Dockerfile present
mybizna/mybizna,https://github.com/mybizna/mybizna,102.0,2025-02-01T09:44:11Z,c38ca058a3b7eead10821ad10a93b6141f2b3949,False,True,False,True,True,True,Not Eligible,Not recently active; Dockerfile present
YakTrack/YakTrack,https://github.com/YakTrack/YakTrack,9.0,2026-09-07T06:25:08Z,72afb777a8dbec5173ae1602285aee6ef6becfb4,True,True,True,True,True,True,Not Eligible,Dockerfile present
ca-tim4-22/online-library-management-system,https://github.com/ca-tim4-22/online-library-management-system,14.0,2025-04-30T18:49:05Z,5bbf7e43550fce76e555ebe2eb79ab329b0ab150,False,True,True,True,True,False,Not Eligible,Not recently active
openclassify/openclassify,https://github.com/openclassify/openclassify,325.0,2026-08-15T13:08:11Z,e0c895dbec004a15833c1a9349d54a6b2f10d343,True,True,False,True,True,True,Not Eligible,Dockerfile present
AmirPeyravan/classino,https://github.com/AmirPeyravan/classino,4.0,2025-06-03T16:16:56Z,71a8f25c944cc77f80dc9b701b5ae0bc0b47f95f,False,True,True,True,True,False,Not Eligible,Not recently active
AllanKoder/ComputerScienceResources.com,https://github.com/AllanKoder/ComputerScienceResources.com,10.0,2026-01-02T22:58:23Z,75585552e1eda072a7f707beb762e8a531170f1b,True,True,True,True,True,True,Not Eligible,Dockerfile present
alimranahmed/LaraBlog,https://github.com/alimranahmed/LaraBlog,206.0,2026-09-07T07:17:36Z,465a5595212afbb61d4fb058418032c3773acd36,True,True,True,True,True,True,Not Eligible,Dockerfile present
aschmelyun/laravel-job-board,https://github.com/aschmelyun/laravel-job-board,172.0,2025-04-28T07:37:49Z,4a3c222dba17ac5595f1e745efc7c3553eddda7f,False,True,True,True,True,False,Not Eligible,Not recently active
orgmanager/orgmanager,https://github.com/orgmanager/orgmanager,197.0,2026-04-10T07:08:48Z,d866385083a49df5e9b210243fd2af4f3d1fd606,True,True,True,True,True,False,Eligible,
ionos-deploy-now/laravel-starter,https://github.com/ionos-deploy-now/laravel-starter,4.0,2025-05-08T13:30:57Z,5ab42fb3fd3d50993d3217754e3b125a527af89a,False,True,True,True,True,False,Not Eligible,Not recently active
spatie/laravel-event-projector-demo-app,https://github.com/spatie/laravel-event-projector-demo-app,40.0,2026-01-31T10:26:14Z,136c982d56ac00a7229541d290cccdd43de34075,True,True,True,True,True,False,Eligible,
chieftools/pkgtrends,https://github.com/chieftools/pkgtrends,12.0,2026-09-05T15:21:07Z,6a90199cc3cd593e5680a024b21311797e4f2930,True,True,True,False,False,False,Not Eligible,No tests directory; No PHPUnit configuration
akfaiz/laravel-vuetify-starter-kit,https://github.com/akfaiz/laravel-vuetify-starter-kit,69.0,2026-05-14T12:02:14Z,ca552c2dadc5e9447f6ee9a244bdb177313ab767,True,True,True,True,True,True,Not Eligible,Dockerfile present
point-red/point,https://github.com/point-red/point,35.0,2026-09-10T02:31:47Z,80e28153dbe47ad99a7cdd2ff4e2f05359a22014,True,True,True,True,True,True,Not Eligible,Dockerfile present
MogahidGaffar/Laravel-vue-Starter-Kit-Dashboard,https://github.com/MogahidGaffar/Laravel-vue-Starter-Kit-Dashboard,61.0,2026-07-27T21:33:12Z,040457827ea36dd6f353eade576aea0664e126b0,True,True,True,True,True,False,Eligible,
trakli/webservice,https://github.com/trakli/webservice,11.0,2026-09-08T19:30:46Z,03172927f33448cda04e9919126ba357c1f1375c,True,True,True,True,True,True,Not Eligible,Dockerfile present
nouron/nouron,https://github.com/nouron/nouron,15.0,2026-09-09T18:19:36Z,75bfe560414085ab3ce4df0e726b84f68d6ecf91,True,True,True,True,True,False,Eligible,
MateusHuebra/Termogram-bot,https://github.com/MateusHuebra/Termogram-bot,2.0,2026-01-18T19:05:20Z,ff7ae90ba59ab68dc34b9ff8cee8b9d618f4bd81,True,True,True,True,True,False,Eligible,
NziCode/bank-performance-aggregator,https://github.com/NziCode/bank-performance-aggregator,2.0,2026-07-02T20:29:33Z,f0dc18750e965f2a64aafb1209fdd52a356b7835,True,True,True,True,True,False,Eligible,
velstorelabs/velstore,https://github.com/velstorelabs/velstore,655.0,2026-05-26T08:07:51Z,c1c32c7b9f1eb2fc20deb449a019c84b0e6ab3ba,True,True,True,True,True,False,Eligible,
code4romania/website-factory,https://github.com/code4romania/website-factory,26.0,2026-09-01T07:28:22Z,69c1ad9f662a56e80f861340a14a8f999a286f5e,True,True,True,True,True,True,Not Eligible,Dockerfile present
tanzibhossain/school-management-system,https://github.com/tanzibhossain/school-management-system,5.0,2026-09-10T18:06:09Z,30f6edc9513fb24f8a13b00dbf111ff9ade528e0,True,True,True,True,True,True,Not Eligible,Dockerfile present
Labs64/laravel-boilerplate,https://github.com/Labs64/laravel-boilerplate,925.0,2026-09-09T04:43:29Z,a67c126cfbc52c7a95a0c78623ce76eb6e641173,True,True,False,True,True,True,Not Eligible,Dockerfile present
anasHammaoui/GameXpress-laravel-RestApi,https://github.com/anasHammaoui/GameXpress-laravel-RestApi,2.0,2025-04-16T16:29:06Z,6724601a7a03f2271d0d1bb4da92da5bc37c1a56,False,True,True,True,True,False,Not Eligible,Not recently active
coralsio/laraship,https://github.com/coralsio/laraship,74.0,2025-11-26T09:00:01Z,d1321c5e7a1a91cca571799b02a100de04271036,True,True,True,True,True,False,Eligible,
sawirstudio/realworld-laravel,https://github.com/sawirstudio/realworld-laravel,2.0,2025-10-22T06:46:54Z,aacee7522c485318755b995b31f28aed6361bbd0,True,True,True,True,True,True,Not Eligible,Dockerfile present
wilsenhc/laravel-charter,https://github.com/wilsenhc/laravel-charter,8.0,2026-09-10T17:19:37Z,adf9ccc4aca5f337f0358971a1aad7c6a0288743,True,True,True,True,True,True,Not Eligible,Dockerfile present
govigilant/vigilant,https://github.com/govigilant/vigilant,212.0,2026-05-31T10:12:10Z,db48e305ec9accdac7c056fbf071f00dc148dbe0,True,True,True,True,True,True,Not Eligible,Dockerfile present
Mohamed-khattab/BioCheckin,https://github.com/Mohamed-khattab/BioCheckin,2.0,2025-06-15T21:24:44Z,081009328b63e05aab54dd05f2e587f9902ee232,False,True,True,True,True,False,Not Eligible,Not recently active
gloggi/qualix,https://github.com/gloggi/qualix,21.0,2026-09-10T03:00:39Z,0cb49ec3c094bdf811eacb78a887985a6af000ef,True,True,True,True,True,True,Not Eligible,Dockerfile present
cranties/Statify,https://github.com/cranties/Statify,2.0,2026-06-26T07:18:18Z,87505a3d09d23169ef0a63a610c83299c6c66359,True,True,True,True,True,False,Eligible,
404NotFoundIndonesia/laravel-laundy-app-v1,https://github.com/404NotFoundIndonesia/laravel-laundy-app-v1,12.0,2025-03-28T09:16:15Z,4c5ae5c55ab7ce382fe73bfd3ada3abf297c6860,False,True,True,True,True,False,Not Eligible,Not recently active
spatie/larabank-aggregates,https://github.com/spatie/larabank-aggregates,142.0,2026-01-31T10:25:56Z,8bcbd71514ec9d4d4e8cd9f36dedad71fa449d29,True,True,True,True,True,False,Eligible,
hillelcoren/itsallwidgets,https://github.com/hillelcoren/itsallwidgets,41.0,2025-08-28T13:21:10Z,24c5f8158eaaf420c15bf8a519fd45f59097088d,False,True,True,True,True,False,Not Eligible,Not recently active
johnnyhuy/laravel-appointment-booking-system,https://github.com/johnnyhuy/laravel-appointment-booking-system,44.0,2026-09-10T08:50:21Z,a8bbdd711ca36ecfbd3a6ce9f52590a12f40f627,True,True,True,True,True,True,Not Eligible,Dockerfile present
patrickrobrecht/flexible-event-and-booking-manager,https://github.com/patrickrobrecht/flexible-event-and-booking-manager,6.0,2026-08-30T20:37:26Z,ee6f8c6d09f8f095b3d447dab53f6ce0fd1ad35b,True,True,True,True,True,False,Eligible,
Rafipranata/AlquranDigital,https://github.com/Rafipranata/AlquranDigital,4.0,2026-01-15T04:58:37Z,1ef6a7418c6fae38e90097edd1c31037754302e8,True,True,True,True,True,False,Eligible,
BaseMax/LaravelTaskDDD,https://github.com/BaseMax/LaravelTaskDDD,3.0,2026-09-02T16:59:50Z,0aa34df6c65445b515577bc5425338c9afc05644,True,True,True,True,True,False,Eligible,
AAYMAN-MD/APP-CRUD,https://github.com/AAYMAN-MD/APP-CRUD,2.0,2025-01-13T21:21:25Z,0f3474900d8b25cd4802c0e76a038055fea7bcca,False,True,True,True,True,False,Not Eligible,Not recently active
DarlanSchmeller/workopia-laravel,https://github.com/DarlanSchmeller/workopia-laravel,4.0,2025-09-03T13:40:23Z,4716135e5aac9f647dd10d51cb3a3b0069e1858a,False,True,True,True,True,False,Not Eligible,Not recently active
shekohex/lionzhd,https://github.com/shekohex/lionzhd,6.0,2026-09-09T10:09:35Z,077a355c0b0293768f417c583f5638735a3bc72e,True,True,True,True,True,True,Not Eligible,Dockerfile present
kenjivafe/dict-attendance-system,https://github.com/kenjivafe/dict-attendance-system,3.0,2025-05-16T04:59:26Z,c00ed944f034e9227eb92a5f6efc93f20ec58d48,False,True,True,True,True,False,Not Eligible,Not recently active
tonegabes/filament-mpac,https://github.com/tonegabes/filament-mpac,2.0,2026-09-10T14:10:47Z,ab20e8a68514cdcee2175752a326abac9f133f88,True,True,True,True,True,True,Not Eligible,Dockerfile present
vuvandinh123/backend-multiple-choice-test-website,https://github.com/vuvandinh123/backend-multiple-choice-test-website,2.0,2025-04-02T04:49:29Z,9d6b02c79df1750b04d193c97f0c3eb249b13bcc,False,True,True,True,True,False,Not Eligible,Not recently active
ElvisAns/safetylockerbackend,https://github.com/ElvisAns/safetylockerbackend,2.0,2026-08-02T06:26:32Z,b15a3941c9a397c6a904bb1823039c728bcbd030,True,True,True,True,True,True,Not Eligible,Dockerfile present
promptlyagentai/promptlyagent,https://github.com/promptlyagentai/promptlyagent,13.0,2026-06-27T09:26:58Z,b2e6978cae6516420179ddf294df803b51450342,True,True,True,True,True,True,Not Eligible,Dockerfile present
KhawarMehfooz/pos,https://github.com/KhawarMehfooz/pos,4.0,2026-06-16T10:56:30Z,71e29e7f7d2163bee7e738d0a7222e62bee2e7a6,True,True,True,True,True,False,Eligible,
abel291/ecommerce-react-vite-laravel,https://github.com/abel291/ecommerce-react-vite-laravel,28.0,2026-06-12T09:01:11Z,53ec46ebb500885e93e9b3ddb30e5debdabac56c,True,True,True,True,True,False,Eligible,
escapeboy/agent-fleet-o,https://github.com/escapeboy/agent-fleet-o,68.0,2026-09-09T18:13:24Z,d3059ddff6e5acc5c36e8e9bb04b86259fbfe55b,True,True,True,True,True,True,Not Eligible,Dockerfile present
atari-legend/atari-legend,https://github.com/atari-legend/atari-legend,4.0,2026-09-10T12:03:47Z,8b31aa6eef9ac99f92e14ce5dcf8f1dc78a1d310,True,True,True,True,True,False,Eligible,
orz14/nyatet-app,https://github.com/orz14/nyatet-app,19.0,2025-06-18T03:13:32Z,8c26bcf0e76251a1706d3c578818c8595bb763c5,False,True,True,True,True,False,Not Eligible,Not recently active
gustavocoimbradev/luadesk,https://github.com/gustavocoimbradev/luadesk,2.0,2026-03-15T14:51:15Z,f5ce12e3afde212b93be658e8ee291ff960f5cb8,True,True,True,True,True,True,Not Eligible,Dockerfile present
soheilkhaledabdi/shop-admin-panel,https://github.com/soheilkhaledabdi/shop-admin-panel,58.0,2026-08-07T22:04:52Z,ee6675d2dd8acaa072e0bfc756d4681104b3e9ce,True,True,True,True,True,True,Not Eligible,Dockerfile present
engsahaly/mtenancy_tenancy_for_laravel_multi,https://github.com/engsahaly/mtenancy_tenancy_for_laravel_multi,2.0,2025-01-29T07:27:23Z,0915a09ef3477a4dd341df87198b6386cc6e0134,False,True,True,True,True,False,Not Eligible,Not recently active
mohammedelkarsh/laravel-tenant-kit,https://github.com/mohammedelkarsh/laravel-tenant-kit,41.0,2026-09-09T20:07:40Z,ba5133dfd29b89fc042df1696caeec0064c6fd5a,True,True,True,True,True,True,Not Eligible,Dockerfile present
cmsrs/cmsrs3,https://github.com/cmsrs/cmsrs3,8.0,2026-09-10T16:43:12Z,241ef044db06661baed52c5c3a893e03d1c4985e,True,True,True,True,True,True,Not Eligible,Dockerfile present
MartinKoudela/laravix-cms,https://github.com/MartinKoudela/laravix-cms,6.0,2026-09-10T17:22:11Z,14adb673e7858e0567c60cf8abfc484e05522101,True,True,True,True,True,False,Eligible,
hiroki-it/ddd-backend-with-laravel,https://github.com/hiroki-it/ddd-backend-with-laravel,17.0,2026-01-19T06:42:04Z,06a19228cd8fde555053ee261c6833d6d75e4193,True,True,True,True,True,True,Not Eligible,Dockerfile present
JaiveerChavda/blog,https://github.com/JaiveerChavda/blog,5.0,2025-05-18T15:05:51Z,7c531c61d8879121263f664241b5be3b95161d19,False,True,True,True,True,False,Not Eligible,Not recently active
Roskus/prospero-flow-crm,https://github.com/Roskus/prospero-flow-crm,72.0,2026-08-16T23:58:49Z,1e382db5de47af5b38481241cdf9b39f9f52384b,True,True,True,True,True,True,Not Eligible,Dockerfile present
simaopsbarbosa/PingPong,https://github.com/simaopsbarbosa/PingPong,2.0,2026-02-28T15:21:17Z,b2111a5fb6516a03643c826a5b87508bcadb8bb1,True,True,True,True,True,True,Not Eligible,Dockerfile present
KienCuongSoftware/Booking,https://github.com/KienCuongSoftware/Booking,5.0,2026-04-20T17:01:32Z,695915d1d2fbca6739881bc859a6911a90684cbc,True,True,True,True,True,False,Eligible,
alphonsekazadi/techstack-tracker,https://github.com/alphonsekazadi/techstack-tracker,2.0,2026-03-19T06:30:59Z,fdcf531425ed5b19bfbc4ed6d215f9330013344b,True,True,True,True,True,False,Eligible,
jaygaha/laravel-ai-quiz-engine,https://github.com/jaygaha/laravel-ai-quiz-engine,4.0,2026-06-29T09:14:50Z,bfb960ef983f45abb2afb3ee325047e1c147952f,True,True,True,True,True,False,Eligible,
liberusoftware/browser-game-laravel,https://github.com/liberusoftware/browser-game-laravel,23.0,2026-09-07T16:11:01Z,fd3c2ad483894a06312aeb25384bb9db28bce5d4,True,True,True,True,True,True,Not Eligible,Dockerfile present
Una1n/TicketSupport,https://github.com/Una1n/TicketSupport,20.0,2025-05-15T13:57:32Z,98988673892c8e7e39357641096c4922c6037e80,False,True,True,True,True,True,Not Eligible,Not recently active; Dockerfile present
lauroguedes/mary-ui-starter-kit,https://github.com/lauroguedes/mary-ui-starter-kit,37.0,2026-08-19T20:00:41Z,edab10f7b9f1d378a92099fd892508002f32f45a,True,True,True,True,True,False,Eligible,
eventschedule/eventschedule,https://github.com/eventschedule/eventschedule,64.0,2026-09-10T17:29:57Z,5ebf640b6e25f2d6d24e5d33c72dc864a253ad84,True,True,True,True,True,False,Eligible,
motarekdevops/ServerPlus,https://github.com/motarekdevops/ServerPlus,5.0,2026-08-10T12:22:21Z,1c5a35ffbfb09aa73b9d0c1fbfb48c89f333e98c,True,True,True,True,True,True,Not Eligible,Dockerfile present
csdu/sankalan-portal,https://github.com/csdu/sankalan-portal,9.0,2025-07-25T09:15:49Z,a0eb6970927002bec1af05b9c437baf69c799a3c,False,True,True,True,True,False,Not Eligible,Not recently active
Grasss420/GsWeb,https://github.com/Grasss420/GsWeb,2.0,2026-04-14T17:51:24Z,45c67b1dcef845b5969cda3c81f10a2abc4a4c5c,True,True,True,True,True,False,Eligible,
gacela-project/laravel-gacela-example,https://github.com/gacela-project/laravel-gacela-example,5.0,2026-08-17T20:49:27Z,ba01e7b03ba80416cbd3545fe866649d7d1d8723,True,True,True,True,True,False,Eligible,
codenteq/eventeq,https://github.com/codenteq/eventeq,8.0,2026-02-24T07:14:19Z,2dc224aab2676cf784021c1d836e2b9c1767d5c2,True,True,True,True,True,True,Not Eligible,Dockerfile present
raicem/ancient-cities-turkey,https://github.com/raicem/ancient-cities-turkey,13.0,2026-09-05T14:14:17Z,398fa40787c89d9ce1dae2c10607179ca03018af,True,True,True,True,True,True,Not Eligible,Dockerfile present
Assault-Lily/Lemonade,https://github.com/Assault-Lily/Lemonade,14.0,2026-05-15T15:23:35Z,5895ebfebeb5f9de9ba95e91144fa10ff66548be,True,True,True,True,True,True,Not Eligible,Dockerfile present
aureuserp/aureuserp,https://github.com/aureuserp/aureuserp,11901.0,2026-09-10T06:39:02Z,79709e16b10476e66a6916018dd1230e7410f3ba,True,True,True,True,True,True,Not Eligible,Dockerfile present
eddy8/LightCMS,https://github.com/eddy8/LightCMS,355.0,2026-05-08T01:42:32Z,1b8235781f794753c28bae38b9a1d88afa53afda,True,True,False,True,True,False,Eligible,
heseya/core,https://github.com/heseya/core,2.0,2026-01-09T08:24:57Z,9eecf441ff473326bbbba2b58c8ada7e19dba238,True,True,True,True,True,True,Not Eligible,Dockerfile present
javdome/unstyled-react-jsx-starter-kit,https://github.com/javdome/unstyled-react-jsx-starter-kit,2.0,2025-04-23T06:10:55Z,11a2b40c11794d8e44869a2190bebe7eb6690154,False,True,False,True,True,False,Not Eligible,Not recently active
Kurozora/kurozora-web,https://github.com/Kurozora/kurozora-web,33.0,2026-09-07T11:30:12Z,fbbd35cf5377836f373707e1025163d62c09b60e,True,True,True,True,True,True,Not Eligible,Dockerfile present
alaa-nabawy/laravel-solid-api,https://github.com/alaa-nabawy/laravel-solid-api,5.0,2025-08-20T22:03:58Z,c2461e43b693735dde3d277a5d98b829eef7078c,False,True,True,True,True,False,Not Eligible,Not recently active
alleyinteractive/link-sharing,https://github.com/alleyinteractive/link-sharing,2.0,2026-06-30T02:31:07Z,c0d7303a45acdff746b15c14938221ba5cd0c832,True,True,True,True,True,False,Eligible,
davidnavarrom/Bolsa-de-Empleo,https://github.com/davidnavarrom/Bolsa-de-Empleo,5.0,2025-09-12T11:50:09Z,161e2bff484884d004575efcc5ee376b88a11ec7,True,True,True,True,True,False,Eligible,
alexjustesen/speedtest-tracker,https://github.com/alexjustesen/speedtest-tracker,5949.0,2026-08-27T17:57:17Z,fce6eb36181ed70b5b0763c391a50b806d7e3da7,True,True,True,True,True,True,Not Eligible,Dockerfile present
acara-app/plate,https://github.com/acara-app/plate,32.0,2026-08-06T03:05:52Z,5bcfd19e014ac081038da8eaa6e5f7e012503345,True,True,True,True,True,False,Eligible,
waterholeforum/waterhole,https://github.com/waterholeforum/waterhole,110.0,2026-08-19T01:11:02Z,6e03f48423f17627054099e833a0bc8d0e74db1f,True,True,False,False,False,False,Not Eligible,No tests directory; No PHPUnit configuration
DanielHemmati/smolaboutme.com,https://github.com/DanielHemmati/smolaboutme.com,2.0,2025-04-21T21:05:44Z,bdd224357b06ac821a15c7d6328ddd3b61d3d5a9,False,True,True,True,True,False,Not Eligible,Not recently active
Paymenter/Paymenter,https://github.com/Paymenter/Paymenter,2292.0,2026-09-09T10:57:04Z,125b2fb811f85b5f13a61eb24cb1cda1e9256c09,True,True,True,True,True,True,Not Eligible,Dockerfile present
ekomh170/hris-backend-laravel-sib,https://github.com/ekomh170/hris-backend-laravel-sib,2.0,2026-01-10T18:23:40Z,92aac30af2ab6048e4e1acdd04cfa7462932088b,True,True,True,True,True,False,Eligible,
NNTmux/newznab-tmux,https://github.com/NNTmux/newznab-tmux,291.0,2026-09-09T22:14:32Z,6def3ba95aaeabcb287cc569b5e1c9e2fb51f662,True,True,True,True,True,True,Not Eligible,Dockerfile present
ChangeWindows/ChangeWindows,https://github.com/ChangeWindows/ChangeWindows,91.0,2026-04-24T20:25:20Z,3ed797e3871e48eb1a123bf4b96a41f1360cbd6d,True,True,True,True,True,False,Eligible,
ayoubhayda/FileMaster,https://github.com/ayoubhayda/FileMaster,2.0,2025-07-27T12:48:46Z,fff65ac4151aae25ca2a75c62cb0f35d9c4fd2e2,False,True,True,True,True,False,Not Eligible,Not recently active
Orlando-Villanueva/delight,https://github.com/Orlando-Villanueva/delight,2.0,2026-09-10T13:29:52Z,0d1cadabada41e88c895349d787e00d502726db1,True,True,True,True,True,False,Eligible,
sendtraphq/sendtrap-community,https://github.com/sendtraphq/sendtrap-community,3.0,2026-07-21T06:07:12Z,56cb5f49c2bf35168c0d8ed9b0ea4b999d7e01a7,True,True,True,True,True,True,Not Eligible,Dockerfile present
liberusoftware/maintenance-laravel,https://github.com/liberusoftware/maintenance-laravel,66.0,2026-09-01T01:26:12Z,c267d625e264e86ad223be8a3a08a3728afc7344,True,True,True,True,True,True,Not Eligible,Dockerfile present
ajikamaludin-dev/spp-paud,https://github.com/ajikamaludin-dev/spp-paud,38.0,2026-03-18T02:20:16Z,e124235de74d1267955fed06a43596a087a389b9,True,True,True,True,True,True,Not Eligible,Dockerfile present
Ercogx/laravel-filament-starter-kit,https://github.com/Ercogx/laravel-filament-starter-kit,47.0,2026-09-07T11:37:13Z,db689a95130a1693ef1529611403e9dabfe1aadd,True,True,True,True,True,False,Eligible,
projectcitybuild/web,https://github.com/projectcitybuild/web,6.0,2026-06-29T11:28:59Z,b3f44d1ac20e08618ee56893151d8ca981938355,True,True,True,True,True,True,Not Eligible,Dockerfile present
koshuang/laravel-hexagonal-architecture,https://github.com/koshuang/laravel-hexagonal-architecture,14.0,2026-08-26T04:11:11Z,f5726bd24efa7ec86c2d8093691d30f724e0d969,True,True,True,True,True,True,Not Eligible,Dockerfile present
4msar/laravel-student-db,https://github.com/4msar/laravel-student-db,2.0,2025-07-02T12:32:55Z,2aa113619e2fe4178c4120545ab5b5a57ed60cc8,False,True,True,False,True,False,Not Eligible,Not recently active; No tests directory
geekhadev/laravel-admin-template,https://github.com/geekhadev/laravel-admin-template,5.0,2025-01-18T03:37:58Z,eba9e61b4979358bd1822bb2cd997cbe862b72dc,False,True,True,True,True,False,Not Eligible,Not recently active
aniftyco/laravel,https://github.com/aniftyco/laravel,13.0,2026-05-08T18:12:01Z,2d51dbfde2dee315f61b6236636f1ebea949b2a3,True,True,True,True,True,False,Eligible,
kkamara/php-scraper,https://github.com/kkamara/php-scraper,2.0,2026-09-08T15:16:09Z,0a2bdb2913fad6513a6e1ef0499ba9e394767b77,True,True,True,True,True,False,Eligible,
UniSharp/laravel-filemanager-example-5.3,https://github.com/UniSharp/laravel-filemanager-example-5.3,145.0,2025-01-14T07:03:26Z,a986fe0f6a941b1f4f9b91dec02fa6016ad94115,False,True,True,True,True,False,Not Eligible,Not recently active
YoKYa/SPPD,https://github.com/YoKYa/SPPD,2.0,2025-11-09T07:05:10Z,0e25ae96e4fb523b25b998023870e889fd4fa876,True,True,True,True,True,False,Eligible,
rawilk/randallwilk.dev,https://github.com/rawilk/randallwilk.dev,4.0,2026-09-01T01:43:36Z,dcce85f559dae9f6b9811e577f573236aa2b94c3,True,True,True,True,True,False,Eligible,
mrizkimaulidan/inven-bs,https://github.com/mrizkimaulidan/inven-bs,82.0,2026-09-07T15:08:18Z,fd812d4bb2ab60b73c31f7a2d33716d19e8d2625,True,True,True,True,True,False,Eligible,
savvyagents/larasend,https://github.com/savvyagents/larasend,494.0,2026-08-15T18:20:53Z,da5c06c725f51f537fd8e238e436263665f475d2,True,True,True,True,True,True,Not Eligible,Dockerfile present
webiumsk/satflux,https://github.com/webiumsk/satflux,4.0,2026-09-07T07:09:04Z,abf79f943539a3eb34a9dd0e1fae6b2c9ee225ef,True,True,True,True,True,True,Not Eligible,Dockerfile present
felipeArnold/filament-multi-tenancy-start-kit,https://github.com/felipeArnold/filament-multi-tenancy-start-kit,64.0,2025-04-25T17:04:22Z,6dc4ad178e089063849bdbb06d2dbc55bb87cca9,False,True,True,True,True,False,Not Eligible,Not recently active
liberusoftware/social-network-laravel,https://github.com/liberusoftware/social-network-laravel,22.0,2026-09-07T14:39:26Z,08bbc484b50fc7e841a499375329c6de32614145,True,True,True,True,True,True,Not Eligible,Dockerfile present
omimouni/habit-tracker,https://github.com/omimouni/habit-tracker,5.0,2025-01-19T18:28:11Z,d48dd2926cacfc706eb8188ac7256cd3769d1b24,False,True,True,True,True,False,Not Eligible,Not recently active
AromalShaji/dompdf-watermark,https://github.com/AromalShaji/dompdf-watermark,2.0,2025-09-11T09:57:07Z,ba5e131a53a00906990ac75b45d4b616f09e9b4e,True,True,True,True,True,False,Eligible,
init-engineer/init.engineer,https://github.com/init-engineer/init.engineer,657.0,2025-11-05T19:01:07Z,7f32d9021f9695f8a26cf0d00088efd7b587e041,True,True,True,True,True,False,Eligible,
galangam/RestFul-API-Laravel10,https://github.com/galangam/RestFul-API-Laravel10,1.0,2026-02-06T11:30:05Z,381e266d00ea05551fbffb53caec67368f4e8860,True,True,True,True,True,False,Eligible,
codeeu/codeweek,https://github.com/codeeu/codeweek,17.0,2026-09-03T09:33:01Z,f80a572dc3b8250f2e14a3ec0e2904870b288a1a,True,True,True,True,True,False,Eligible,
philiprehberger/almanac,https://github.com/philiprehberger/almanac,2.0,2026-08-22T21:59:34Z,6e7e78fcab41a771923f29ff40e9ac763e956c26,True,True,True,True,True,False,Eligible,
MadeInShineA/smash-map,https://github.com/MadeInShineA/smash-map,13.0,2026-06-24T12:34:10Z,9a10d031fca31b718b3d34cc71601e83f6ef49a1,True,True,True,True,True,False,Eligible,
lara-zeus/zeus,https://github.com/lara-zeus/zeus,87.0,2026-04-24T23:42:39Z,f009097e12135a6d912bd8137b34b75c8128ed5c,True,True,True,True,True,False,Eligible,
Hasnayeen/invobook,https://github.com/Hasnayeen/invobook,2236.0,2025-11-12T22:28:22Z,e5f666cef63543beffadfcc045f6af673408a02e,True,True,True,True,True,False,Eligible,
Yurich84/laravel-vue3-spa,https://github.com/Yurich84/laravel-vue3-spa,11.0,2026-06-16T19:10:46Z,9b5fef2a14dee9f98596b7ad7fed98406ac056b7,True,True,True,True,True,False,Eligible,
gregcy/electricity-calculator.cy,https://github.com/gregcy/electricity-calculator.cy,6.0,2026-03-19T13:36:18Z,420613cfcb3370cc83b282a2cec04f19c70eff41,True,True,True,True,True,False,Eligible,
PickZ-org/PickZ,https://github.com/PickZ-org/PickZ,9.0,2026-02-19T15:42:32Z,f079cff75f42d2039a050c89b65fa050fc3faf3c,True,True,True,True,True,True,Not Eligible,Dockerfile present
clistion/IBGE-FoodAPI,https://github.com/clistion/IBGE-FoodAPI,5.0,2026-07-17T16:04:42Z,45a96c173c84c9c14423efc62890c78f13a0ddaa,True,True,True,True,True,False,Eligible,
siubie/kaido-kit,https://github.com/siubie/kaido-kit,384.0,2025-07-29T07:28:44Z,b1c411c0a57769d040f4fe70b1324c9b1d2f98b3,False,True,True,True,True,False,Not Eligible,Not recently active
svareX/linker,https://github.com/svareX/linker,4.0,2026-03-24T09:58:28Z,20cbdb5f01a8f027c4b1b05a885bb79c68b9cb91,True,True,True,True,True,False,Eligible,
tnandla/portfolio-os,https://github.com/tnandla/portfolio-os,66.0,2026-08-08T19:21:32Z,50022565320edc9e8ce579baf31addf054f42c35,True,True,True,True,True,False,Eligible,
alnahian2003/kleon,https://github.com/alnahian2003/kleon,10.0,2026-05-04T07:11:47Z,1fedc9ce5ba234e06ba437460f591d8fa25befcc,True,True,True,True,True,False,Eligible,
andrewthong/covid19tracker-api,https://github.com/andrewthong/covid19tracker-api,37.0,2026-04-16T05:56:38Z,d2c07f88df1a7816b8f7013a24d41d4cad0ac8b6,True,True,True,True,True,False,Eligible,
rxcod9/joy-voyager-datatable-laravel-demo,https://github.com/rxcod9/joy-voyager-datatable-laravel-demo,5.0,2026-09-09T16:27:00Z,1bf3c578c8c54a6c00a950494fdfefb9f07b5e4a,True,True,True,True,True,True,Not Eligible,Dockerfile present
AureliusIvan/wpm-demo,https://github.com/AureliusIvan/wpm-demo,5.0,2026-09-09T20:38:47Z,52245d6b5673eb75b834feba8f964517e007ca12,True,True,True,True,True,False,Eligible,
caiotomaza/clean_flow,https://github.com/caiotomaza/clean_flow,2.0,2025-06-18T00:19:20Z,1a5f5d3d02a2c28b147c89db3140dc7c63857df5,False,True,True,True,True,True,Not Eligible,Not recently active; Dockerfile present
librebill/librebill,https://github.com/librebill/librebill,2.0,2025-05-20T14:19:37Z,46bb59cef4f7e9fa7e5cf3464136e229dac94f0a,False,True,True,True,True,False,Not Eligible,Not recently active
pelican/panel,https://github.com/pelican/panel,2306.0,2026-09-09T02:55:37Z,dae5a0e13d0089bfd888ef0145be6082d48ad64a,True,True,True,True,True,True,Not Eligible,Dockerfile present
Philhil/DienstplanDLRG,https://github.com/Philhil/DienstplanDLRG,16.0,2026-09-03T11:04:55Z,b2144bcdf0796c2f4977a77a7cee2924b2b787ee,True,True,True,True,True,True,Not Eligible,Dockerfile present
Bender-0/career-compass,https://github.com/Bender-0/career-compass,5.0,2025-08-26T11:49:08Z,ebb0365105bbf51887519e962adecbff064a891c,False,True,True,False,False,False,Not Eligible,Not recently active; No tests directory; No PHPUnit configuration
souparnadey/eCommerce-website-in-Laravel-12,https://github.com/souparnadey/eCommerce-website-in-Laravel-12,2.0,2026-06-17T14:10:31Z,7055e907ea1e6495a8428a6b603ded3271c54c60,True,True,True,True,True,False,Eligible,
codenteq/laerx,https://github.com/codenteq/laerx,133.0,2026-02-24T14:37:43Z,ed833dabb712990894ab2361f01f7c996b67ab8e,True,True,True,True,True,True,Not Eligible,Dockerfile present
BaseMax/CruiseLaravelGraphQL,https://github.com/BaseMax/CruiseLaravelGraphQL,5.0,2026-09-01T22:00:27Z,69d4faec36c02fc4cd744bffeb0bad5d3b8708c2,True,True,True,True,True,False,Eligible,
dspangenberg/opsc,https://github.com/dspangenberg/opsc,2.0,2026-08-30T10:00:11Z,c0a1d13eddaefd65d51c2f0eaa2930e1eb60d0f4,True,True,True,True,True,False,Eligible,
inertiajs/pingcrm,https://github.com/inertiajs/pingcrm,2326.0,2025-02-06T12:50:38Z,59c77d038f47758417119c28d840025caa9aac6d,False,True,True,True,True,False,Not Eligible,Not recently active
josephgodwinkimani/laravel-multi-tenant-saas-boilerplate,https://github.com/josephgodwinkimani/laravel-multi-tenant-saas-boilerplate,11.0,2025-01-27T17:54:58Z,3bb13e3479eb8e70c70c624223d5292d5ca6c0fa,False,True,True,True,True,False,Not Eligible,Not recently active
everli/uppy,https://github.com/everli/uppy,10.0,2026-06-30T09:12:13Z,86b8716b8a097b3b81d5b1fe914d78fff6e1ab79,True,True,True,True,True,True,Not Eligible,Dockerfile present
Azuriom/Azuriom,https://github.com/Azuriom/Azuriom,729.0,2026-08-29T16:36:08Z,39388630efbe837371bb6b4c14a18457115ebfc9,True,True,True,True,True,True,Not Eligible,Dockerfile present
Moholand/expense-tracker,https://github.com/Moholand/expense-tracker,2.0,2026-08-31T05:45:49Z,0e6ee5029d6b0d33f13e840f05898b5b454a6489,True,True,True,True,True,True,Not Eligible,Dockerfile present
boolfalse/laravel-reverb-react-chat,https://github.com/boolfalse/laravel-reverb-react-chat,50.0,2025-05-28T22:21:37Z,eedec6f78ba38a668499c55a61ccc593814b6286,False,True,True,True,True,False,Not Eligible,Not recently active
aimanyusufw/laravel-article-website,https://github.com/aimanyusufw/laravel-article-website,3.0,2025-06-10T08:36:13Z,4a2210d1534441ed130e9ca92ac6037f82812b24,False,True,True,True,True,False,Not Eligible,Not recently active
Inikoo-Ltd/aiku,https://github.com/Inikoo-Ltd/aiku,47.0,2026-09-10T16:55:38Z,3451965ddd4e6c5ab73a22b2ca0f40c22414e98f,True,True,True,True,True,False,Eligible,
samber/invoice-as-a-service,https://github.com/samber/invoice-as-a-service,218.0,2026-08-04T10:47:32Z,1a05d4b237e27b24b9678de481f12d7ca2fed0c5,True,True,True,True,True,True,Not Eligible,Dockerfile present
riteshsingh1/laravel-starter,https://github.com/riteshsingh1/laravel-starter,5.0,2026-08-10T22:02:09Z,596165b7ce780e75860998211a6b648fde3f0f08,True,True,True,True,True,False,Eligible,
jrmajor/bajki-muza,https://github.com/jrmajor/bajki-muza,2.0,2026-07-15T19:37:47Z,69f86875a0562c60a54049b9600055faaf25e33f,True,True,True,True,True,False,Eligible,
MGeurts/camera,https://github.com/MGeurts/camera,2.0,2026-04-08T16:36:04Z,8c91bf2917cf9691dfa8709f4c7162c79b138d33,True,True,True,True,True,False,Eligible,
PappaMYST/the-emplorix,https://github.com/PappaMYST/the-emplorix,2.0,2025-04-17T16:02:48Z,820f7c779bf806477086600d2a00080c67818c5f,False,True,True,True,True,False,Not Eligible,Not recently active
XadrezSuico/XadrezSuico,https://github.com/XadrezSuico/XadrezSuico,2.0,2026-09-06T13:36:18Z,610b84149c435f0b941a137fe47ff722e0e9f45b,True,True,True,True,True,False,Eligible,
sanmaxdev/linkforge,https://github.com/sanmaxdev/linkforge,9.0,2026-08-21T12:05:35Z,a05390f41d8d1586f0f857f6787e43267d60fe56,True,True,True,True,True,False,Eligible,
taiyeoguns/laravel-saml-sp-demo,https://github.com/taiyeoguns/laravel-saml-sp-demo,36.0,2025-12-09T17:24:57Z,2e7be4ba05b8bc62682a068dafe9bbff27cb9816,True,True,True,True,True,False,Eligible,
piotr-jura-udemy/laravel-graphql-course-trello-clone,https://github.com/piotr-jura-udemy/laravel-graphql-course-trello-clone,23.0,2026-07-05T11:49:14Z,d5314bf07686af4f2e9586cbfe7dfd34a1c81ebd,True,True,True,True,True,False,Eligible,
nabilhassen/larasense,https://github.com/nabilhassen/larasense,64.0,2026-06-10T15:08:17Z,47fff7f7f465317ac49b208a552e111c34ba9015,True,True,True,True,True,False,Eligible,
ismaelfi/mvpable,https://github.com/ismaelfi/mvpable,159.0,2026-02-21T09:02:36Z,678c9b6cd5da5c914dc6560b1a9b1b9fc1c863c1,True,True,True,True,True,False,Eligible,
mrcat323/lara-practice,https://github.com/mrcat323/lara-practice,4.0,2026-08-18T14:15:08Z,42b915e3fa142978f6155ced957ae5dc119f07cf,True,True,True,True,True,False,Eligible,
he4rt/100DiasDeCodigo,https://github.com/he4rt/100DiasDeCodigo,25.0,2026-08-03T21:54:19Z,4bbb4a5e159dce4f58f63fafc7518d43296f2280,True,True,True,True,True,False,Eligible,
stick231/wb-laravel-test-app,https://github.com/stick231/wb-laravel-test-app,2.0,2025-06-06T18:29:45Z,51356f3b956e9dfa893c7d23da1a1ffd12a7762b,False,True,True,True,True,False,Not Eligible,Not recently active
aimanyusufw/laravel-dashboard-ecommerce,https://github.com/aimanyusufw/laravel-dashboard-ecommerce,2.0,2025-05-22T08:59:19Z,a90aa4ac0d84f6a6c7d72bd23e175b674a2cd9d0,False,True,True,True,True,False,Not Eligible,Not recently active
aagjalpankaj/larabase,https://github.com/aagjalpankaj/larabase,6.0,2025-04-01T18:21:30Z,3c3ac5c009f5d87f5e5208be1f213e9aa08e2c2d,False,True,True,True,True,True,Not Eligible,Not recently active; Dockerfile present
AaEzha/Laravel---AdminLTE-3---Fortify,https://github.com/AaEzha/Laravel---AdminLTE-3---Fortify,14.0,2025-08-11T13:48:19Z,cd8bdcb54eddd72881078098b96572cd202da660,False,True,True,True,True,True,Not Eligible,Not recently active; Dockerfile present
otaaaviio/disc-laravel,https://github.com/otaaaviio/disc-laravel,9.0,2025-07-03T18:51:43Z,fcb45a6e21c52062ba2a32b98831d758859561ca,False,True,True,True,True,False,Not Eligible,Not recently active
balajidharma/basic-laravel-admin-panel,https://github.com/balajidharma/basic-laravel-admin-panel,236.0,2026-05-14T23:57:28Z,a28578278adadbc844db0df847ae472dab7ad89f,True,True,False,True,True,False,Eligible,
Akanyaburunga/kazinduzi_backend,https://github.com/Akanyaburunga/kazinduzi_backend,2.0,2026-09-04T10:48:59Z,126c7c650848b02e358c6857af0d09592d0dd756,True,True,True,True,True,False,Eligible,
reviactyl/panel,https://github.com/reviactyl/panel,156.0,2026-09-10T15:35:04Z,dc015ad8e35e1e4251e157f75beb8e13edbbcafb,True,True,True,True,True,True,Not Eligible,Dockerfile present
Power-Components/powergrid-demo,https://github.com/Power-Components/powergrid-demo,61.0,2026-05-30T20:16:06Z,2707b3043ad8b4b310082a2fc1802b8a2c604750,True,True,False,True,True,False,Eligible,
dev-shelvin-batista/backend-laravel-manage-vehicles,https://github.com/dev-shelvin-batista/backend-laravel-manage-vehicles,2.0,2025-09-12T08:23:47Z,40f03352afcbb1b64880510f2455be0150ce643e,True,True,True,True,True,False,Eligible,
seph1709/contact-management-system,https://github.com/seph1709/contact-management-system,2.0,2026-09-07T03:26:35Z,1c8469fee1f82ae28c25bfbc2e4135dbbf7e629f,True,True,True,True,True,False,Eligible,
saloniamatteo/salonia.it,https://github.com/saloniamatteo/salonia.it,4.0,2026-04-12T18:02:32Z,1b5270a491feaeb7e243054e1112604a67013a7b,True,True,False,False,False,True,Not Eligible,No tests directory; No PHPUnit configuration; Dockerfile present
spatie/laravel-medialibrary-pro-app,https://github.com/spatie/laravel-medialibrary-pro-app,70.0,2025-09-15T09:25:21Z,b3466a048980784dfbbc03ee89cea3a351a3a493,True,True,True,True,True,False,Eligible,
YasserElgammal/blog-cms,https://github.com/YasserElgammal/blog-cms,91.0,2026-08-01T08:24:00Z,e37fcfd2122e5376dbd33e8538c80232661ae0be,True,True,True,True,True,False,Eligible,
Solutionmax/pharos,https://github.com/Solutionmax/pharos,2.0,2026-09-09T14:53:42Z,007c0c97170f3778b05f138424ed4bcd80af5ff8,True,True,True,True,True,True,Not Eligible,Dockerfile present
Astrotomic/astrotomic.info,https://github.com/Astrotomic/astrotomic.info,6.0,2026-08-25T16:02:02Z,167d001685bc491402fd32a5a481c6d372100309,True,True,False,True,True,False,Eligible,
jremes-foss/BeeCTF,https://github.com/jremes-foss/BeeCTF,17.0,2026-06-21T18:25:31Z,c82426bc82506a45be7bee2925865b8a465897b0,True,True,True,True,True,True,Not Eligible,Dockerfile present
eufelipemateus/laravel-iptv-cms,https://github.com/eufelipemateus/laravel-iptv-cms,35.0,2026-09-06T19:11:36Z,4448a5ebed4b98f24ae8c4d01e746cca788c787b,True,True,True,True,True,False,Eligible,
provision-org/provision-core,https://github.com/provision-org/provision-core,30.0,2026-08-31T23:56:47Z,c0b98273e6c5b5e5868c2833935b35d7a9278f0f,True,True,True,True,True,True,Not Eligible,Dockerfile present
gumbo-millennium/website,https://github.com/gumbo-millennium/website,2.0,2026-08-14T00:52:53Z,c209657b49072af33087af6f62c3b864b63c4a89,True,True,True,True,True,False,Eligible,
morpheusadam/ShopSmith,https://github.com/morpheusadam/ShopSmith,5.0,2026-08-03T11:36:58Z,993738f05a7aff45d40bf5a03f03c1b2d2a47563,True,True,True,True,True,False,Eligible,
awcodes/sparky,https://github.com/awcodes/sparky,13.0,2026-05-12T16:05:44Z,37b7f811897c9fca7d5f959d69a525f03376749d,True,True,True,True,True,False,Eligible,
a2insights/filament-saas-template,https://github.com/a2insights/filament-saas-template,119.0,2026-05-22T05:05:03Z,0f9ce11aa31f15b46bc941046ea5d6512a978382,True,True,True,True,True,False,Eligible,
repostea/repostea-server,https://github.com/repostea/repostea-server,2.0,2026-02-07T09:10:42Z,e505d32868c08f0240943b66e2f75cee902f1126,True,True,True,True,True,True,Not Eligible,Dockerfile present
pixelcave/tailkit-starter-kit-laravel,https://github.com/pixelcave/tailkit-starter-kit-laravel,18.0,2026-08-11T07:49:15Z,4e7e3273c3c4d5f964949d4e1fab9da0544a308f,True,True,True,True,True,False,Eligible,
superdevops233/laravel-nuxt,https://github.com/superdevops233/laravel-nuxt,7.0,2025-03-09T15:06:19Z,fa7ad5efd87188c5da6c5351c2b19a7c5a63e229,False,True,True,True,True,False,Not Eligible,Not recently active
imadehermanto/TaskPilot,https://github.com/imadehermanto/TaskPilot,6.0,2025-04-29T03:05:53Z,caa38b44eb5273cbc67f7f069d882f24727544c5,False,True,True,True,True,False,Not Eligible,Not recently active
bajelanmehran/solid-principles,https://github.com/bajelanmehran/solid-principles,2.0,2025-12-27T08:24:56Z,a771494b45757c5daad464c89b2159f96f445c49,True,True,True,True,True,False,Eligible,
bpocallaghan/laravel-admin-starter,https://github.com/bpocallaghan/laravel-admin-starter,349.0,2026-09-03T14:17:32Z,0e811c9e8f13fb8b138298780ee1e10472912849,True,True,True,True,True,False,Eligible,
FelienZ/Kuchi_Hotel,https://github.com/FelienZ/Kuchi_Hotel,2.0,2025-10-19T02:09:25Z,0cd28b910a2b8966d3222f92be36ec5f1ad960d8,True,True,True,True,True,False,Eligible,
ConvoyPanel/panel,https://github.com/ConvoyPanel/panel,512.0,2026-09-08T03:01:58Z,ce3ebd2d3a3956f058735c654135911d438b3609,True,True,True,True,True,True,Not Eligible,Dockerfile present
dionisvl/php.laravel.email-builder,https://github.com/dionisvl/php.laravel.email-builder,6.0,2025-01-31T16:24:38Z,9d7335ae457328aeb4d51e026dc02043a1c9eb56,False,True,True,True,True,False,Not Eligible,Not recently active
vedmant/running-time,https://github.com/vedmant/running-time,94.0,2025-04-25T08:42:44Z,70e872a54276d894e042eff956eac28d590dcb6e,False,True,True,True,True,True,Not Eligible,Not recently active; Dockerfile present
dsbilling/dsbilling.no,https://github.com/dsbilling/dsbilling.no,5.0,2026-09-05T22:20:37Z,5b323f6a72aee4fe54f7363930b630cba93dc726,True,True,True,True,True,False,Eligible,
LinkStackOrg/LinkStack,https://github.com/LinkStackOrg/LinkStack,3862.0,2026-07-21T12:40:17Z,7bd6cea5d942944e14ca0dbd0a9e6b78b1f4041a,True,True,True,False,True,False,Not Eligible,No tests directory
portabilis/i-educar,https://github.com/portabilis/i-educar,712.0,2026-08-06T17:20:37Z,8fdad7f842653e6e674273f1ed9f524cb3977484,True,True,True,True,True,True,Not Eligible,Dockerfile present
renoki-co/laravel-helm-demo,https://github.com/renoki-co/laravel-helm-demo,65.0,2026-02-15T15:40:08Z,95aabc6762d974ee678d589cd9c64d7ea76679c3,True,True,True,True,True,False,Eligible,
flyhub-mi/flyhub,https://github.com/flyhub-mi/flyhub,2.0,2025-08-19T03:20:32Z,1eeb3213478a37f4797b6cf0dea576b9388c8feb,False,True,True,True,True,True,Not Eligible,Not recently active; Dockerfile present
bulfaitelo/OSLab,https://github.com/bulfaitelo/OSLab,9.0,2026-08-28T12:33:56Z,a56e07a3c05e6141f11f592ac00a31898ec43dcc,True,True,True,True,True,False,Eligible,
php-kchat/kchat,https://github.com/php-kchat/kchat,155.0,2026-07-16T09:22:24Z,4fed45034539cef78b22c5515766f92fdc40595a,True,True,False,True,True,False,Eligible,
Lukas-Dev01/eCom-en-laravel,https://github.com/Lukas-Dev01/eCom-en-laravel,2.0,2026-05-21T15:03:23Z,b02ea28dd6a24d4134e8d2d50c3e608bc4e742a0,True,True,True,True,True,False,Eligible,
hiouttime/dujiaoka,https://github.com/hiouttime/dujiaoka,350.0,2025-09-04T08:45:55Z,7c076f000379159f7330bf9815263eaed1d5ceef,False,True,True,False,True,True,Not Eligible,Not recently active; No tests directory; Dockerfile present
spatie/dnsrecords.io,https://github.com/spatie/dnsrecords.io,319.0,2026-01-31T10:25:23Z,8aed1ce625de486a1da6c2427840256ac78e73d0,True,True,True,True,True,False,Eligible,
frikishaan/tiny-crm,https://github.com/frikishaan/tiny-crm,177.0,2026-05-15T06:13:34Z,4d78908065cead042427322e53449c56f4bbc0b3,True,True,True,True,True,False,Eligible,
specialtactics/laravel-api-boilerplate,https://github.com/specialtactics/laravel-api-boilerplate,548.0,2026-03-30T03:12:33Z,0d039937e5376695507ecb177496e532abb7c3de,True,True,False,True,True,True,Not Eligible,Dockerfile present
nexmo-community/laravel-messages,https://github.com/nexmo-community/laravel-messages,11.0,2026-06-21T12:09:59Z,c84aace76ec3ee3adbeb9350245a685969209ed1,True,True,True,True,True,False,Eligible,
hexlet-components/php-laravel-blog,https://github.com/hexlet-components/php-laravel-blog,18.0,2026-08-30T19:45:30Z,e436daf1528cfb3bc702c4b26ef36fd2b613b100,True,True,True,True,True,True,Not Eligible,Dockerfile present
costs-to-expect/api,https://github.com/costs-to-expect/api,9.0,2025-06-08T15:20:27Z,537f91f0034e8d75d3d94b59da25dd0b66603f3b,False,True,True,True,True,True,Not Eligible,Not recently active; Dockerfile present
superdevops233/laravel-vue-ecommerce,https://github.com/superdevops233/laravel-vue-ecommerce,8.0,2025-03-09T19:06:52Z,ca259d62e8c17e041f1e82206db5f4ed092979aa,False,True,True,True,True,False,Not Eligible,Not recently active
mattipunkt/opentipp-reborn,https://github.com/mattipunkt/opentipp-reborn,2.0,2026-06-30T13:31:47Z,54543e8b3d1f2ac4b744e085f0c208b34bc1249e,True,True,True,True,True,True,Not Eligible,Dockerfile present
UnAfraid/routeros-backup-manager,https://github.com/UnAfraid/routeros-backup-manager,2.0,2026-04-15T20:22:37Z,0d41d20c2928722aa7e52aa0d8065496c289fc0f,True,True,True,True,True,True,Not Eligible,Dockerfile present
ezdev21/laraoverflow,https://github.com/ezdev21/laraoverflow,6.0,2026-08-21T12:58:47Z,51478c3c4913ad0c986e765a5e2f2c662d20f116,True,True,True,True,True,False,Eligible,
fikrimastor/memory-library,https://github.com/fikrimastor/memory-library,6.0,2026-05-06T22:03:45Z,888ff9ce473e99d1d6b905feba42e3292afcb60d,True,True,True,True,True,False,Eligible,
AaEzha/Laravel---SB-Admin-2---Fortify,https://github.com/AaEzha/Laravel---SB-Admin-2---Fortify,36.0,2026-04-25T14:37:10Z,73b5df3e150f483c80eb41447e35dd8af0bc9f92,True,True,True,True,True,False,Eligible,
itsrafsanjani/laravel-instagram-clone,https://github.com/itsrafsanjani/laravel-instagram-clone,28.0,2025-07-17T04:53:15Z,2bb55e9f60c4b565b99fc4af32ffe7be67e8bc94,False,True,True,True,True,True,Not Eligible,Not recently active; Dockerfile present
theHocineSaad/linatabara3,https://github.com/theHocineSaad/linatabara3,82.0,2026-08-05T18:32:27Z,401e181fdb0a6ff916e6e930379dc0d3169b0b90,True,True,True,True,True,False,Eligible,
canyok-dev0818/production-ready-api,https://github.com/canyok-dev0818/production-ready-api,2.0,2026-03-08T16:49:56Z,8bf1c1ade5170fc08f5a4621dd00fa2d60bf466c,True,True,True,True,True,False,Eligible,
jaygaha/laravel-11-frankenphp-docker,https://github.com/jaygaha/laravel-11-frankenphp-docker,118.0,2026-02-05T09:18:00Z,cdebe0bc914a621f2afc020f2488b17a68f884fc,True,True,True,True,True,False,Eligible,
0xd011f4ce/OurSpace,https://github.com/0xd011f4ce/OurSpace,3.0,2025-01-13T02:38:07Z,c7b7ae5bacdde439bc8308ac1113dfcd566e4275,False,True,True,True,True,False,Not Eligible,Not recently active
Position-Platform/services,https://github.com/Position-Platform/services,2.0,2026-06-03T06:06:55Z,dd681b42accb2aae8846f2a3bc8f6ba0b5a684ee,True,True,False,True,True,True,Not Eligible,Dockerfile present
jorgehernandezch/laravel9-adminlte,https://github.com/jorgehernandezch/laravel9-adminlte,4.0,2026-08-08T05:52:02Z,9056e308731495c4754e0514a6d17d1594b34658,True,True,True,True,True,False,Eligible,
krayin/laravel-crm,https://github.com/krayin/laravel-crm,23852.0,2026-09-10T12:21:01Z,e597417bbc537cbd9716e7f1342d65dc21ac2145,True,True,True,True,True,False,Eligible,
Philip-Droubi/Firo_Laravel_Filament,https://github.com/Philip-Droubi/Firo_Laravel_Filament,2.0,2025-01-09T13:38:33Z,f05da2e25627b784123a25470b06e3ce4f76d575,False,True,True,True,True,False,Not Eligible,Not recently active
jantinnerezo/livewire-alert-demo,https://github.com/jantinnerezo/livewire-alert-demo,9.0,2026-09-02T09:35:43Z,406ed408d478738def738e54cffed8d6f44cab79,True,True,True,True,True,False,Eligible,
MG22Hadi/Warehouses-Mangement,https://github.com/MG22Hadi/Warehouses-Mangement,2.0,2026-08-27T11:24:38Z,79ef98197a9631eae961736e54620bf31b4cc1da,True,True,True,True,True,False,Eligible,
psalmistcom/laravel-react-ecommerce,https://github.com/psalmistcom/laravel-react-ecommerce,2.0,2025-01-20T13:10:56Z,4d383caace5d0c4c425e19953ad2b88d0e35a2b8,False,True,True,True,True,False,Not Eligible,Not recently active
hferrer08/Gametix-API,https://github.com/hferrer08/Gametix-API,2.0,2026-03-01T20:12:18Z,26c6de91672aa0b8c2df81421688abdcc3c15a5e,True,True,True,True,True,False,Eligible,
isystk/laravel-react-boilerplate,https://github.com/isystk/laravel-react-boilerplate,25.0,2026-09-09T13:16:45Z,9ee3bee29609d42ae320cb68de0af23ef08c8a50,True,True,True,True,True,True,Not Eligible,Dockerfile present
deniskorbakov/laravel-13-frankenphp-docker,https://github.com/deniskorbakov/laravel-13-frankenphp-docker,60.0,2026-06-14T22:30:45Z,c833715ef3591cd837f047b2be476444230005c4,True,True,True,True,True,True,Not Eligible,Dockerfile present
afedukov/searchtweak,https://github.com/afedukov/searchtweak,16.0,2026-05-01T17:50:24Z,1db8d6628ddae81df7f3c46b117b56bab67c2f82,True,True,True,True,True,True,Not Eligible,Dockerfile present
novabuilder-org/novabuilder-core,https://github.com/novabuilder-org/novabuilder-core,2.0,2026-03-07T10:35:01Z,8ec1fa768a87f10d3341bac63505110f78799c47,True,True,True,False,True,False,Not Eligible,No tests directory
hzeeshan/watch-later,https://github.com/hzeeshan/watch-later,2.0,2026-07-22T13:56:46Z,607565a0740a2aded6d4dc0e54b2e1ddf19ef853,True,True,True,True,True,False,Eligible,
ccuffs/event-manager-uffs,https://github.com/ccuffs/event-manager-uffs,10.0,2026-02-13T19:01:53Z,aec598217551b947942f18b3a69a6b623b9fcc42,True,True,True,True,True,False,Eligible,
mattstein/feed-canary,https://github.com/mattstein/feed-canary,8.0,2026-08-08T16:39:28Z,bd5274a12161dbcabbebb3db2deaa5dad1a1a5ba,True,True,True,True,True,True,Not Eligible,Dockerfile present
ColoredCow/portal,https://github.com/ColoredCow/portal,55.0,2026-09-04T15:37:45Z,f156130b25b0e39758b869f5979530397aa196b5,True,True,True,True,True,False,Eligible,
venturedrake/laravel-crm-starter,https://github.com/venturedrake/laravel-crm-starter,8.0,2025-06-14T10:38:27Z,705fb392def110a7e8795a72fed7f7ba399cdfa2,False,True,True,True,True,False,Not Eligible,Not recently active
systemsdk/docker-apache-php-laravel,https://github.com/systemsdk/docker-apache-php-laravel,128.0,2026-07-27T21:01:19Z,6398c705d6467512e6d21a83ebc0e66b5583a5ed,True,True,True,True,True,True,Not Eligible,Dockerfile present
yolanmees/Spikster,https://github.com/yolanmees/Spikster,157.0,2026-07-31T19:40:01Z,e1cdf8c4b780c87457b548c38a87982b549e2465,True,True,False,True,True,True,Not Eligible,Dockerfile present
yidaqiu/laravel-dingding,https://github.com/yidaqiu/laravel-dingding,6.0,2026-07-16T13:52:54Z,47bddb57bf541b46e307cc48c27163c3b3ebfd2f,True,True,True,True,True,False,Eligible,
LucasNOFCs/gym_api,https://github.com/LucasNOFCs/gym_api,2.0,2026-08-29T09:50:25Z,3fc31bbc594c8b6a2794555d51d6f5d0e552c6c3,True,True,True,True,True,False,Eligible,
Hkaar/7Books,https://github.com/Hkaar/7Books,2.0,2025-09-16T22:33:47Z,ca70932e02d6c48a2eae93bb9a2b59ee9bec4cbc,True,True,True,True,True,False,Eligible,
ajikamaludin-dev/pettycash,https://github.com/ajikamaludin-dev/pettycash,2.0,2026-03-19T02:22:52Z,266dea0f2af6c837ecbbd00999e019149783eea8,True,True,True,True,True,True,Not Eligible,Dockerfile present
HugoJF/payment-system,https://github.com/HugoJF/payment-system,5.0,2026-02-26T16:30:41Z,cf1554f768db56a28dc04d4109b95e34e324a553,True,True,True,True,True,False,Eligible,
filipprober/laravel-tenancy,https://github.com/filipprober/laravel-tenancy,8.0,2025-10-06T08:25:26Z,f60a2f567e245f894fbbbfd00e5e0b6c4463c89a,True,True,True,True,True,False,Eligible,
gnuboard/g7,https://github.com/gnuboard/g7,85.0,2026-09-09T05:39:05Z,f00b8d04a16879801eac2424f2ddf19ad4e50919,True,True,True,True,True,False,Eligible,
HugoJF/csgo-servers-admin-panel,https://github.com/HugoJF/csgo-servers-admin-panel,2.0,2026-02-26T16:31:47Z,ee32ca5a13cdcdd169c59ae8d17dc74a9577b137,True,True,True,True,True,True,Not Eligible,Dockerfile present
RobinBastiaan/scarfy,https://github.com/RobinBastiaan/scarfy,2.0,2025-01-12T21:07:57Z,07fecb32f87a3693105797d092be4dfbf07964fe,False,True,True,True,True,False,Not Eligible,Not recently active
scify/Talk-And-Play-Marketplace,https://github.com/scify/Talk-And-Play-Marketplace,2.0,2026-09-09T20:30:19Z,211e91cbc59b650386a1c934bec18469e694f640,True,True,True,True,True,False,Eligible,
typicms/typicms,https://github.com/typicms/typicms,1616.0,2026-09-01T11:16:17Z,0f85a741f0fdf909a91fb6f2e30b28569ed8b623,True,True,True,True,True,False,Eligible,
holiq/api-boilerplate,https://github.com/holiq/api-boilerplate,4.0,2025-09-23T14:10:23Z,c62631e825d5e12ff10ed5eefcf8c76e68700e32,True,True,True,True,True,False,Eligible,
flads/livewire-todo,https://github.com/flads/livewire-todo,9.0,2026-08-06T00:54:10Z,3e19981e1c1fe6b2b17bf773604564bbc4413867,True,True,True,True,True,False,Eligible,
devaslanphp/project-management,https://github.com/devaslanphp/project-management,1092.0,2026-03-29T18:40:08Z,54982160896d8371ba79c8dc20ed65936878d91b,True,True,True,True,True,True,Not Eligible,Dockerfile present
SubheSadek/laravel-starter,https://github.com/SubheSadek/laravel-starter,2.0,2026-01-01T05:08:18Z,85558f3c6a6faf0ce9bae5041da770f000c63f0e,True,True,True,True,True,False,Eligible,
spatie/wordstockt.com,https://github.com/spatie/wordstockt.com,12.0,2026-08-06T18:20:59Z,419fd9bfacb6fba9b0e10ac2ba465f63cf4943fa,True,True,True,True,True,False,Eligible,
sajya/sajya.github.io,https://github.com/sajya/sajya.github.io,2.0,2025-10-01T07:20:39Z,93e9b1b70ba10d2a9f0c6a6bc9278df003f364fc,True,True,True,True,True,False,Eligible,
stick231/tg-bot-iskra,https://github.com/stick231/tg-bot-iskra,5.0,2025-11-04T19:06:18Z,1fbbb0ba952b42f40ef89524371e76e58f6b9177,True,True,True,True,True,False,Eligible,
munafio/chatify-demo,https://github.com/munafio/chatify-demo,519.0,2026-09-04T08:01:08Z,9b883d7fc1d38c805f4db5e22133d5c79b0ef355,True,True,True,True,True,False,Eligible,
matinsoleymni/TodoAppApi,https://github.com/matinsoleymni/TodoAppApi,6.0,2025-02-12T19:47:52Z,3ab98c532185aa7afc094f12b7660124c309bdcb,False,True,True,True,True,False,Not Eligible,Not recently active
spatie/attended.io,https://github.com/spatie/attended.io,121.0,2026-01-31T10:24:47Z,ffe4d4629930bcbdc6c99c2d0a12626f6810e710,True,True,True,True,True,False,Eligible,
melasistema/arkhein,https://github.com/melasistema/arkhein,4.0,2026-04-07T23:01:20Z,a60b9374cdc45d7b0f83a8980671b53def27bc74,True,True,True,True,True,False,Eligible,
1nFrastr/likeadmin_laravel,https://github.com/1nFrastr/likeadmin_laravel,72.0,2025-09-14T18:25:51Z,5d71e27c3868b598648d7653657737b92f58988a,True,True,True,True,True,False,Eligible,
Ahmadjamil888/PREMIUM-LARAVEL-template,https://github.com/Ahmadjamil888/PREMIUM-LARAVEL-template,6.0,2025-07-09T14:21:27Z,6187a2a9f1aa5380b56df8d29fab4d570e8a2f34,False,True,True,True,True,False,Not Eligible,Not recently active
rajtik76/exile2exile,https://github.com/rajtik76/exile2exile,2.0,2026-09-05T08:18:06Z,4af6bfccc904dcb9e93f5bf405694fa8f89c6f27,True,True,True,True,True,False,Eligible,
dshoreman/servidor,https://github.com/dshoreman/servidor,11.0,2026-04-08T17:20:19Z,96f961762446fb37be97a941a7edee8c03401d2c,True,True,True,True,False,False,Not Eligible,No PHPUnit configuration
heloufir/filament-kanban-example,https://github.com/heloufir/filament-kanban-example,2.0,2025-03-07T15:57:42Z,3ed93313d7e5bd213b5c9f8bccb5d43b8e922ae3,False,True,True,True,True,False,Not Eligible,Not recently active
obstschale/wichteln,https://github.com/obstschale/wichteln,6.0,2026-04-18T11:38:25Z,dc8717c58443f54eecb38071ab8908c9381a4ae9,True,True,True,True,True,False,Eligible,
IslamTaleb11/klinik-laravel-api,https://github.com/IslamTaleb11/klinik-laravel-api,26.0,2025-09-29T22:17:37Z,205d7a570dab5a1bcfb56d3e42de227a656bf275,True,True,True,True,True,False,Eligible,
HendrikPrinsZA/laravel-kata,https://github.com/HendrikPrinsZA/laravel-kata,23.0,2026-07-17T08:47:49Z,a2bddf89aca9a3961c4a4a62601f0381575bdf05,True,True,True,True,True,True,Not Eligible,Dockerfile present
laravelio/laravel.io,https://github.com/laravelio/laravel.io,2498.0,2026-09-06T12:22:11Z,8d9a4bfa192dab7a7f2c81c6889ad6cd84d0f610,True,True,True,True,True,False,Eligible,
pboivin/filament-peek-demo,https://github.com/pboivin/filament-peek-demo,27.0,2026-03-26T15:28:26Z,35d5e72e475f14f9e781563e47e4d5006e96723a,True,True,True,True,True,False,Eligible,
sharkey97/laravel-vue-starter-site,https://github.com/sharkey97/laravel-vue-starter-site,2.0,2026-04-12T19:07:09Z,d48d426b6aa0f85cf2c2d47af9eabe8bfc0619ae,True,True,True,True,True,True,Not Eligible,Dockerfile present
KriawqZero/SISCO-IFMS,https://github.com/KriawqZero/SISCO-IFMS,2.0,2026-08-03T06:44:29Z,c971167a16dbb1aad6a47af24719ff468a529f68,True,True,True,True,True,True,Not Eligible,Dockerfile present
esac-ic/esac.nl,https://github.com/esac-ic/esac.nl,12.0,2026-09-07T22:36:39Z,b8fc975954af3c37d493cc566363acbe0de1c320,True,True,True,True,True,True,Not Eligible,Dockerfile present
buger/homelearnai,https://github.com/buger/homelearnai,25.0,2025-10-02T07:08:58Z,ac9bab2ab213c79fe9bb4ca7b9c419fd4b8f8eaf,True,True,True,True,True,False,Eligible,
eve-at/telegram-post,https://github.com/eve-at/telegram-post,5.0,2025-02-06T17:25:24Z,8b67f010f054780479e23ae3f7a33ab6b14f127e,False,True,True,True,True,False,Not Eligible,Not recently active
mubbi/laravel-blog-api,https://github.com/mubbi/laravel-blog-api,9.0,2026-01-20T08:45:08Z,17a787bc68bf63c5883f0a855657aa9ac71ee5cd,True,True,True,True,True,True,Not Eligible,Dockerfile present
spatie/dashboard.spatie.be,https://github.com/spatie/dashboard.spatie.be,1956.0,2026-08-13T09:06:35Z,e5b6581e232bd39e9bde7ebc05486d34936619f4,True,True,True,True,True,False,Eligible,
dajocordo/ueesfix,https://github.com/dajocordo/ueesfix,2.0,2026-06-15T21:59:43Z,5d2c68540b4db860ab3af83095ad4e79e95ce31e,True,True,True,True,True,False,Eligible,
mikaeljorhult/hydrofon,https://github.com/mikaeljorhult/hydrofon,29.0,2026-06-30T14:23:13Z,208164ba48dfbef8f392a0d9160af2fe11dce405,True,True,True,True,True,False,Eligible,
AlpetGexha/Laravel-Asset-Management,https://github.com/AlpetGexha/Laravel-Asset-Management,40.0,2025-03-01T19:26:39Z,5ebfc2b55254d97eeb8cca8a62109b0637d20009,False,True,True,True,True,False,Not Eligible,Not recently active
BaseMax/FirstLaravelAPI,https://github.com/BaseMax/FirstLaravelAPI,12.0,2026-08-04T17:07:29Z,13cb2b0cf0720114577ddc1839b931306156a084,True,True,True,True,True,True,Not Eligible,Dockerfile present
RyderAsKing/ServerManager,https://github.com/RyderAsKing/ServerManager,9.0,2026-07-19T07:17:06Z,a3180a49434abda944e039927a25e20dbfffafd2,True,True,True,True,True,False,Eligible,
nash87/parkhub-php,https://github.com/nash87/parkhub-php,2.0,2026-09-09T04:15:30Z,120cdc95f6b01f1f6d21e1dd4734813e1124e870,True,True,True,True,True,True,Not Eligible,Dockerfile present
ObedNyakundi/kasongomustgo,https://github.com/ObedNyakundi/kasongomustgo,2.0,2025-02-21T08:40:00Z,cff5c348db4f1bdcb4d01c99ae85d28ef3fa5ed6,False,True,True,True,True,False,Not Eligible,Not recently active
viniciusrvcruz/bibleasy-backend,https://github.com/viniciusrvcruz/bibleasy-backend,4.0,2026-09-09T01:42:59Z,1f696dec5810edde68db07c06de53a6b5ae0a7f4,True,True,True,True,True,True,Not Eligible,Dockerfile present
mezentsevs/typing-trainer,https://github.com/mezentsevs/typing-trainer,23.0,2026-09-09T12:48:13Z,c694ae9b66c1a7db96425ea3e80b1700bf52e94a,True,True,True,True,True,True,Not Eligible,Dockerfile present
amuadib/saku,https://github.com/amuadib/saku,8.0,2026-08-22T13:55:15Z,619d89d87d1f4a915629610690318db9a32d3566,True,True,False,True,True,False,Eligible,
obsidianlabs-io/obsidian-admin-laravel,https://github.com/obsidianlabs-io/obsidian-admin-laravel,8.0,2026-09-07T09:42:40Z,fe1965356121c33d38d8cf534ff6f8f929b87f6a,True,True,True,True,True,True,Not Eligible,Dockerfile present
Heroes-Profile/heroesprofile,https://github.com/Heroes-Profile/heroesprofile,22.0,2026-09-05T18:36:29Z,4e20d90479f026fcd2482a171da7ed5dc4c1b409,True,True,True,True,True,True,Not Eligible,Dockerfile present
jrmajor/arbor,https://github.com/jrmajor/arbor,2.0,2026-09-06T19:35:01Z,889b7f574c84bd1baa2797e1e3b8ebed294a503d,True,True,True,True,True,False,Eligible,
bookshelves-project/bookshelves,https://github.com/bookshelves-project/bookshelves,32.0,2026-01-27T07:03:08Z,b5df3323d601b7617b70a53fe0b840add297f2fc,True,True,True,True,True,True,Not Eligible,Dockerfile present
andyjoset/laravel-nuxt,https://github.com/andyjoset/laravel-nuxt,13.0,2026-04-25T03:12:06Z,c0a59ec0a761c0feb2eb7c38f20ad24ffc8635ed,True,True,True,True,True,False,Eligible,
ijklim/docker-laravel,https://github.com/ijklim/docker-laravel,2.0,2025-11-19T22:36:03Z,80ae82ababdff68c3cde035894bf071d9133edac,True,True,False,True,True,True,Not Eligible,Dockerfile present
ammannbe/RecipeManager,https://github.com/ammannbe/RecipeManager,38.0,2026-08-25T18:48:58Z,5386cc96b037d53ccadb9be970dc666d2e69dc2e,True,True,True,True,True,False,Eligible,
Coyote-OSS/coyote,https://github.com/Coyote-OSS/coyote,120.0,2026-09-10T14:00:31Z,3fd9502274c10c3cb13afd21271397c305350b6a,True,True,True,True,True,True,Not Eligible,Dockerfile present
sbine/bdgt,https://github.com/sbine/bdgt,198.0,2025-10-05T23:53:37Z,e35049240ca017b92bd41b6b36771ecfb9d77e58,True,True,True,True,True,False,Eligible,
heyderekj/revisemy,https://github.com/heyderekj/revisemy,2.0,2026-07-31T15:09:21Z,cb5b7f4f33100e94d124aff389436d78ab5f9294,True,True,True,True,True,False,Eligible,
ahmedibrahimyassindev/Payment-Orchestration-System,https://github.com/ahmedibrahimyassindev/Payment-Orchestration-System,3.0,2026-08-07T22:37:07Z,07f92ce68a9843e090508bb95191ca2e637916b9,True,True,True,True,True,True,Not Eligible,Dockerfile present
saidurbhuiyan/shova,https://github.com/saidurbhuiyan/shova,6.0,2026-03-09T01:01:50Z,a8e5a8f76753d8c47f2335f054c33cbcea428c34,True,True,True,True,True,False,Eligible,
zeative/pinbuku,https://github.com/zeative/pinbuku,5.0,2026-05-07T23:29:07Z,a0d2db826d255dff738ecbc2ce69e8f3bb635ec2,True,True,True,True,True,False,Eligible,
MoAnwer/SoftStore,https://github.com/MoAnwer/SoftStore,14.0,2026-07-21T05:43:59Z,b1473066d41923364d856063029c24b63a1e9283,True,True,True,True,True,True,Not Eligible,Dockerfile present
yungifez/skuul,https://github.com/yungifez/skuul,404.0,2026-09-07T05:09:37Z,8de86bac3f03637f48343c848ac6eea001951f99,True,True,True,True,True,False,Eligible,
surazdott/sidetheme-laravel,https://github.com/surazdott/sidetheme-laravel,6.0,2026-06-22T19:24:11Z,38d583fcdccd7020a803d46d50e03adc3c8e4713,True,True,True,True,True,True,Not Eligible,Dockerfile present
Blair2004/NexoPOS,https://github.com/Blair2004/NexoPOS,1257.0,2026-09-10T08:46:14Z,6061a93cf2d3fa0e0fb2896873315485fccc4ba1,True,True,True,True,True,False,Eligible,
DevrajJaiswal/laravel-crm,https://github.com/DevrajJaiswal/laravel-crm,2.0,2026-08-15T13:09:19Z,573f455ef20572c61740b8afbd502192b1e8282d,True,True,True,True,True,False,Eligible,
danwson/taskflow-api,https://github.com/danwson/taskflow-api,2.0,2026-06-25T19:08:07Z,b3d2d0e61d181b8e46bb176d9f3146ce3666fdfa,True,True,True,True,True,True,Not Eligible,Dockerfile present
jeffersongoncalves/servicedeskkitv5,https://github.com/jeffersongoncalves/servicedeskkitv5,11.0,2026-09-06T17:48:18Z,f4fb368be0e45fc7ea50659e69b117421ff2037c,True,True,True,True,True,False,Eligible,
dawidolko/RentalVOD-Project-Laravel,https://github.com/dawidolko/RentalVOD-Project-Laravel,4.0,2026-09-02T09:36:40Z,f644ee7de8d596a26014aeefae78062d2107a8a9,True,True,True,True,True,True,Not Eligible,Dockerfile present
MelonSmasher/Chocolatier,https://github.com/MelonSmasher/Chocolatier,5.0,2025-07-18T15:50:04Z,61c71f1fa2c98397cbe897637d48562175406cd7,False,True,True,True,True,False,Not Eligible,Not recently active
achyutkneupane/flirt-kit,https://github.com/achyutkneupane/flirt-kit,13.0,2025-09-30T15:34:16Z,d86a94b354e6250e49255d208f3130e30a3993f5,True,True,True,True,True,False,Eligible,
sercanpaspal/sozluk,https://github.com/sercanpaspal/sozluk,4.0,2026-04-23T21:29:10Z,59ed4a533e6c1f69043529e91408098458b93f9f,True,True,True,True,True,True,Not Eligible,Dockerfile present
efzyx/AHPFuzzy,https://github.com/efzyx/AHPFuzzy,14.0,2025-12-08T07:09:54Z,3e9ef11dc3dd30baaff3bd336a6b341e6cf33dec,True,True,True,True,True,False,Eligible,
Lincoln-Madaraka/staffile,https://github.com/Lincoln-Madaraka/staffile,8.0,2025-12-08T13:53:20Z,bd5d764ebcf399d46c2f75b5562832b832ee6feb,True,True,True,True,True,True,Not Eligible,Dockerfile present
nikunjkothiya/temp-email-service,https://github.com/nikunjkothiya/temp-email-service,10.0,2025-12-26T19:16:00Z,c628df3540ba112b5e92616ad0fa8e8859f2c3b5,True,True,False,True,True,False,Eligible,
rifqi011/event-management,https://github.com/rifqi011/event-management,2.0,2025-04-20T03:51:48Z,37f74554d302e6efbe934d017cda6b810a8e524e,False,True,True,True,True,False,Not Eligible,Not recently active
NullBrunk/CyberShop,https://github.com/NullBrunk/CyberShop,6.0,2025-07-21T10:34:36Z,36d443ce87e59ebd645df4f32aacbd9662c1f7f9,False,True,True,True,True,True,Not Eligible,Not recently active; Dockerfile present
Danielopes7/Cartola,https://github.com/Danielopes7/Cartola,2.0,2025-02-26T20:34:31Z,6d94c940d9f8f80699cbb29bf98b097f6411f043,False,True,True,True,True,False,Not Eligible,Not recently active
dcarrero/contratacion-publica-abierta,https://github.com/dcarrero/contratacion-publica-abierta,4.0,2026-09-07T16:16:56Z,c7dc870e3bdaae0dbfd04ad8f3af10ca99946061,True,True,False,True,True,True,Not Eligible,Dockerfile present
biznisbox/biznisbox,https://github.com/biznisbox/biznisbox,49.0,2026-08-01T06:26:17Z,e081ddf1dda102defe208aca2814bfeb1d13c7df,True,True,True,True,True,True,Not Eligible,Dockerfile present
ashraf-kabir/task-manager-app,https://github.com/ashraf-kabir/task-manager-app,4.0,2026-03-03T09:07:54Z,0b15425bd1f6491669c4770cce76b1721aa6e9a4,True,True,False,True,True,False,Eligible,
santwer/BearSchedule,https://github.com/santwer/BearSchedule,15.0,2026-05-30T09:16:15Z,e60c5abd387f4af19e7e898a65b544d07c84f9e8,True,True,True,True,True,True,Not Eligible,Dockerfile present
mrepol742/laravel-react-ts-template,https://github.com/mrepol742/laravel-react-ts-template,2.0,2026-07-21T00:37:56Z,8a5df3f6f1986ae2f48ca7a596ec6c32bf0ae906,True,True,True,True,True,False,Eligible,
sarfarazstark/chatbot,https://github.com/sarfarazstark/chatbot,5.0,2025-07-22T13:07:32Z,29161a7d3483d11408e3153d9b8623a434fcf32e,False,True,True,True,True,False,Not Eligible,Not recently active
r6mez/Flash-Sale-API,https://github.com/r6mez/Flash-Sale-API,4.0,2026-01-07T19:22:40Z,3fd73525874f717b895073abbcb45bb7d7d217d1,True,True,True,True,True,False,Eligible,
boruiwang-ll/A-slickdeals-like-forum-site,https://github.com/boruiwang-ll/A-slickdeals-like-forum-site,2.0,2025-10-18T23:35:52Z,fa4648b731a41a848b2effb74d45e7ffdf0931b4,True,True,True,True,True,False,Eligible,
susananzth/CRUD-user-role-permission,https://github.com/susananzth/CRUD-user-role-permission,6.0,2026-05-05T00:44:48Z,253cdd8778b9a800bf978289490d3be40227c6db,True,True,True,True,True,False,Eligible,
manuelcastro95/control_asistencias,https://github.com/manuelcastro95/control_asistencias,8.0,2025-12-14T00:14:38Z,22169f4305112b370255e34c25ef9feb6a492f5e,True,True,True,True,True,False,Eligible,
TransitTracker/backend,https://github.com/TransitTracker/backend,18.0,2026-09-05T17:04:30Z,815ab1551b623547b0528e7aa08dbfc58df2a0a0,True,True,True,True,True,False,Eligible,
easyadmin8/EasyAdmin8-Laravel,https://github.com/easyadmin8/EasyAdmin8-Laravel,44.0,2026-07-21T05:04:03Z,7144c67a596fae1347617ee95b438e00c298d0f3,True,True,False,True,True,False,Eligible,
waynestate/base-site,https://github.com/waynestate/base-site,10.0,2026-09-09T15:24:20Z,310e4914fd9482da00cef40886c4e33ccb75ae54,True,True,True,True,True,False,Eligible,
theokafadaris/chatwire,https://github.com/theokafadaris/chatwire,160.0,2025-01-22T10:19:44Z,f7b2bd526d9600abbb25179eb221f9439d98ba69,False,True,True,True,True,False,Not Eligible,Not recently active
TarekHesham/simple-order-managment-system,https://github.com/TarekHesham/simple-order-managment-system,2.0,2025-10-14T20:52:07Z,a800379bd994d7c669ed32862c2462fd73ff4b39,True,True,True,True,True,False,Eligible,
agoalofalife-screencasts/temporal-course,https://github.com/agoalofalife-screencasts/temporal-course,8.0,2026-07-02T07:52:35Z,9218c4002d79f9f9ee4675784c4ce63d7ad0c1ab,True,True,True,True,True,True,Not Eligible,Dockerfile present
olssonm/nibe-app,https://github.com/olssonm/nibe-app,5.0,2026-01-05T15:29:39Z,403867ca51a19ba3a37d9f0d145738bb399f6050,True,True,True,True,True,False,Eligible,
rodrigosmig/new_meudinherim,https://github.com/rodrigosmig/new_meudinherim,5.0,2025-08-15T13:33:19Z,94aedd8e7541dc9d6d94f6102593cf0aefaf0734,False,True,True,True,True,True,Not Eligible,Not recently active; Dockerfile present
zayennn/crud-laravel-react,https://github.com/zayennn/crud-laravel-react,9.0,2025-08-29T11:20:28Z,56e4fe590d60ee8cdf3d13be5997c8ce39692b96,False,True,True,True,True,False,Not Eligible,Not recently active
angkosal/laravel-pos,https://github.com/angkosal/laravel-pos,506.0,2025-11-13T10:01:13Z,9634a10b30fd57e1862da319ef2112eb742829a5,True,True,True,True,True,False,Eligible,
AmirPeyravan/auth-system,https://github.com/AmirPeyravan/auth-system,4.0,2025-07-09T21:31:29Z,e04b06ccf0abeaea5aa7dc5417938d8d55aa4aca,False,True,True,True,True,False,Not Eligible,Not recently active
aboustayyef/InfraRead,https://github.com/aboustayyef/InfraRead,52.0,2026-07-04T13:47:01Z,d5095e85929b2296cf4aeae4407c93f611dff64f,True,True,True,True,True,False,Eligible,
Xavimc04/company-simulator,https://github.com/Xavimc04/company-simulator,2.0,2025-02-25T20:10:29Z,ee64d681fe7b5703d8bf0216f426afccc7d1bb40,False,True,True,True,True,False,Not Eligible,Not recently active
emtiazzahid/laravel-quiz-system,https://github.com/emtiazzahid/laravel-quiz-system,27.0,2026-07-27T16:26:50Z,7ba5ae16674b12e799dcd0c636bef5129aea20c9,True,True,True,True,True,False,Eligible,
Ctrlpanel-gg/panel,https://github.com/Ctrlpanel-gg/panel,510.0,2026-09-10T10:43:19Z,b3bd1ed50b9f50b76797d09609980fdb4ae70252,True,True,True,True,True,True,Not Eligible,Dockerfile present
spatie/first-or-create-racing-condition-demo,https://github.com/spatie/first-or-create-racing-condition-demo,9.0,2026-01-31T10:25:34Z,175a7ebc8e94bdec1d7d924eeedfd6bd0d02748b,True,True,True,True,True,False,Eligible,
404NotFoundIndonesia/tuhfah-webapp,https://github.com/404NotFoundIndonesia/tuhfah-webapp,3.0,2026-05-14T05:25:50Z,d2b80912572399aad203e05decd55975fda98767,True,True,True,True,True,True,Not Eligible,Dockerfile present
sokeio/sokeio,https://github.com/sokeio/sokeio,71.0,2025-02-10T17:17:11Z,3a5da8d14b44e181c64535ce6bf7152d799d000e,False,True,False,True,True,False,Not Eligible,Not recently active
bakaphp/kanvas-ecosystem-api,https://github.com/bakaphp/kanvas-ecosystem-api,15.0,2026-09-10T14:46:52Z,71b6ffb0c7034e0ac20179e21a0c7cae2742aae1,True,True,True,True,True,True,Not Eligible,Dockerfile present
devmount/sales,https://github.com/devmount/sales,38.0,2026-09-07T21:44:36Z,15842496a0826059fa5b94e139db5567794a58ff,True,True,True,True,True,True,Not Eligible,Dockerfile present
jeffersongoncalves/teamkit,https://github.com/jeffersongoncalves/teamkit,4.0,2026-09-07T03:30:41Z,b76bf69446b89170fbaeb72fa04b97ef298a8930,True,True,True,True,True,False,Eligible,
andyshrx/pdfpost,https://github.com/andyshrx/pdfpost,12.0,2026-07-13T12:04:03Z,ef0d381ba37b5d7287a3d45495ed9a312e0870bb,True,True,True,True,True,True,Not Eligible,Dockerfile present
tastyigniter/TastyIgniter,https://github.com/tastyigniter/TastyIgniter,3755.0,2026-08-22T11:28:11Z,0230a8132b73231d9121b64cdddfc2eac7cac268,True,True,False,True,True,False,Eligible,
laravel/sail-server,https://github.com/laravel/sail-server,30.0,2026-09-01T23:27:19Z,b6f7cc3793cfe9beaee01481da64a026d771fe94,True,True,True,True,True,False,Eligible,
Wign/Wign,https://github.com/Wign/Wign,5.0,2026-07-14T13:21:18Z,26fcbf5fbedd9743417a7307885e0687d14b4444,True,True,True,True,True,True,Not Eligible,Dockerfile present
Thavarshan/wisp,https://github.com/Thavarshan/wisp,11.0,2026-08-30T16:33:53Z,8cf9e4c98bac2516ffcc6bf4160ddf501cf23a9d,True,True,True,True,True,False,Eligible,
nsmle/igramavel,https://github.com/nsmle/igramavel,36.0,2025-01-16T05:47:13Z,6915bdcd4ada411fc631d2d0cf39c950b30f3780,False,True,True,True,True,False,Not Eligible,Not recently active
RetroAchievements/RAWeb,https://github.com/RetroAchievements/RAWeb,424.0,2026-09-10T14:14:33Z,bc324f6d7e03da010bad7ef9ec7fb3777e4ea2db,True,True,True,True,True,True,Not Eligible,Dockerfile present
AnowarCST/laravel-vue-crud-starter,https://github.com/AnowarCST/laravel-vue-crud-starter,431.0,2026-02-17T16:52:30Z,319e1b771f977c2032115b3eecd13aef8e407755,True,True,True,True,True,True,Not Eligible,Dockerfile present
diorwave/AgentLoom-,https://github.com/diorwave/AgentLoom-,2.0,2026-03-18T18:07:57Z,a00a6338f170a1e1efea2d1376ce20b0293800b4,True,True,True,True,True,True,Not Eligible,Dockerfile present
AKAME007/dashboard,https://github.com/AKAME007/dashboard,8.0,2025-06-05T00:45:09Z,4752d9c57818e96bc75b83ca3b8cd90b2701f388,False,True,True,True,True,True,Not Eligible,Not recently active; Dockerfile present
leo54200/AI-Powered-Study-Group-Website,https://github.com/leo54200/AI-Powered-Study-Group-Website,2.0,2025-11-17T14:45:09Z,d641059f2b805af796e585d7b2ce9a4da49c7a5d,True,True,True,True,True,False,Eligible,
accessibility-exchange/platform,https://github.com/accessibility-exchange/platform,4.0,2026-09-07T15:52:51Z,ef05cc104c159ebc7b55be2d03197c7da45d5367,True,True,True,True,True,True,Not Eligible,Dockerfile present
shadow81627/pocketpasta-api,https://github.com/shadow81627/pocketpasta-api,3.0,2026-09-09T21:52:43Z,b15ed70f911c8691ee398b4652766dffdb2d4194,True,True,True,True,True,False,Eligible,
bagisto/bagisto,https://github.com/bagisto/bagisto,28104.0,2026-09-10T07:55:19Z,7b5df45abf39f05999ad951e651008a05144b06c,True,True,True,True,True,True,Not Eligible,Dockerfile present
ans-group/fnm-webui,https://github.com/ans-group/fnm-webui,44.0,2026-09-07T09:51:43Z,6ec50258ef8986031df11971ed7a077b0fc0d1b2,True,True,True,True,True,False,Eligible,
WaiHtikeLin/laravel-social-network,https://github.com/WaiHtikeLin/laravel-social-network,9.0,2026-05-29T08:28:44Z,9a7ebb272f33ade2a2fffb2f3110089e7d7a6ec5,True,True,True,True,True,False,Eligible,
eclectic-bytech/webcourses-ngx-v4,https://github.com/eclectic-bytech/webcourses-ngx-v4,6.0,2025-11-20T13:47:44Z,5f62fb73f369b5bbcd12d12c8e08884c477dfca0,True,True,True,True,True,False,Eligible,
erdemoflaz/ftpreader,https://github.com/erdemoflaz/ftpreader,2.0,2025-01-11T12:13:54Z,69f341427dab2f6cfa8e968259eba776428065f3,False,True,True,True,True,True,Not Eligible,Not recently active; Dockerfile present
rxcod9/joy-voyager-laravel-demo,https://github.com/rxcod9/joy-voyager-laravel-demo,5.0,2026-09-06T18:07:05Z,491cdb104c1d818e5020bb8d21dc3789533d391c,True,True,True,True,True,True,Not Eligible,Dockerfile present
NoelDeMartin/noeldemartin.com,https://github.com/NoelDeMartin/noeldemartin.com,2.0,2026-09-10T17:59:58Z,3b4ce552e6e731e3fcc1cff0e718623f76941197,True,True,True,True,True,True,Not Eligible,Dockerfile present
AhmadSubadri/laravel-codegen,https://github.com/AhmadSubadri/laravel-codegen,3.0,2026-04-13T10:45:22Z,cad71cc5d190e87f4f4de662e9db502436471685,True,True,True,True,True,False,Eligible,
delafjr/suara-qita,https://github.com/delafjr/suara-qita,2.0,2025-03-16T10:39:09Z,3409c83e07797375f36223d3e4b29b8a3e56b1de,False,True,True,True,True,False,Not Eligible,Not recently active
maycolmunoz/orion,https://github.com/maycolmunoz/orion,17.0,2026-09-06T23:31:47Z,91474eb41751dee8e55450eff718c05a091c88b3,True,True,True,True,True,False,Eligible,
renatolaranjo/php-python-face-recognition,https://github.com/renatolaranjo/php-python-face-recognition,5.0,2025-03-12T21:29:39Z,67e1152203e0984b4bf47819d9dc647c0e43f2d5,False,True,True,True,True,True,Not Eligible,Not recently active; Dockerfile present
vickypandey14/E-commerce-using-Laravel-11-Livewire-3-Filament-3-and-Tailwind-CSS,https://github.com/vickypandey14/E-commerce-using-Laravel-11-Livewire-3-Filament-3-and-Tailwind-CSS,38.0,2026-05-31T12:08:02Z,56f6825aa4f8d1ffe2ae71e105a8f92fc17e92db,True,True,True,True,True,False,Eligible,
lauroguedes/wallai,https://github.com/lauroguedes/wallai,2.0,2026-09-08T04:44:05Z,ead509eff3945b5b525d265945a5767f96391c5b,True,True,True,True,True,True,Not Eligible,Dockerfile present
lightszentip/laravel-starter-base-app,https://github.com/lightszentip/laravel-starter-base-app,10.0,2026-09-09T22:08:49Z,6227a107dbc395c14854018197c28335a2169b82,True,True,True,True,True,False,Eligible,
rachmatsumo/hris-attendance,https://github.com/rachmatsumo/hris-attendance,24.0,2025-12-02T01:33:02Z,dffcff735a0441a807ee3bdb70556b107b4ddc69,True,True,True,True,True,False,Eligible,
flexstoreapp/flexstore,https://github.com/flexstoreapp/flexstore,6.0,2026-09-08T18:49:07Z,74ff5f036f8ccd2337347671a0c8dad4c54d42fc,True,True,True,True,True,False,Eligible,
umaarov/goat-dev,https://github.com/umaarov/goat-dev,77.0,2026-07-06T05:10:23Z,dc6742fe3ad9ae9abf84823d9e090590e8de457b,True,True,True,True,True,True,Not Eligible,Dockerfile present
webceyhan/fixflow-app,https://github.com/webceyhan/fixflow-app,4.0,2025-08-03T10:50:45Z,65dfb2d4f3ee3c41713b8b82739b765975fc51ea,False,True,True,True,True,False,Not Eligible,Not recently active
fr0tt/benotes,https://github.com/fr0tt/benotes,859.0,2025-04-10T18:35:21Z,cb803b32340eb7720131a9d0b93261d01800c896,False,True,True,True,True,True,Not Eligible,Not recently active; Dockerfile present
albertoarena/filament-event-sourcing-demo,https://github.com/albertoarena/filament-event-sourcing-demo,2.0,2026-09-10T07:53:54Z,423fd0595dfe3c53ffa7b36ca0304f81555d6bcc,True,True,True,True,True,False,Eligible,
haykalaul/web-arsip-desa,https://github.com/haykalaul/web-arsip-desa,4.0,2026-02-14T12:01:59Z,a3a41551ee6e84da1c0a781f96232778cbe68e24,True,True,True,True,True,True,Not Eligible,Dockerfile present
durable-workflow/sample-app,https://github.com/durable-workflow/sample-app,39.0,2026-09-10T07:29:54Z,5aa3572bbf6928f5fae22037c9dfd0072d6a33c9,True,True,True,True,True,True,Not Eligible,Dockerfile present
mycookbook/api,https://github.com/mycookbook/api,2.0,2025-03-03T06:56:51Z,605c68ab0fbf9aad8a56bf067ac1b763bf4b5b3f,False,True,True,True,True,True,Not Eligible,Not recently active; Dockerfile present
Gego-K12/gegok12,https://github.com/Gego-K12/gegok12,51.0,2026-08-25T15:28:52Z,99da145f55a17d26ac2d67ae258a4f9beb385874,True,True,False,True,True,True,Not Eligible,Dockerfile present
ObedNyakundi/schoolfeesmodule,https://github.com/ObedNyakundi/schoolfeesmodule,3.0,2025-02-01T19:14:53Z,edf3c306768822cdba5e368558d27918b7001016,False,True,True,True,True,False,Not Eligible,Not recently active
brickgale/laravue-starter,https://github.com/brickgale/laravue-starter,4.0,2025-07-05T17:48:56Z,49fd35d568bbdcde5663fb7ac31388154bf51d03,False,True,True,True,True,False,Not Eligible,Not recently active
saproto/saproto,https://github.com/saproto/saproto,18.0,2026-09-10T15:18:27Z,5379ce9552b9ff2defc9450f4c63537940e44f74,True,True,True,True,True,False,Eligible,
JaguarJack/catch-admin,https://github.com/JaguarJack/catch-admin,930.0,2026-08-30T15:02:43Z,4bc95b8337fa0c8fc2007ee07375161d09771b22,True,True,False,True,True,False,Eligible,
liberusoftware/ecommerce-laravel,https://github.com/liberusoftware/ecommerce-laravel,188.0,2026-09-10T15:22:58Z,e4b0f99f4f6db18f6199d527ad4c7ab7cf186b87,True,True,True,True,True,True,Not Eligible,Dockerfile present
stuartmcgill/kimarite,https://github.com/stuartmcgill/kimarite,2.0,2026-04-19T19:08:07Z,2a040bd0f2e44b5643ccf5ad44d54acd8cfde629,True,True,True,True,True,False,Eligible,
MrGri00/supermarket-app,https://github.com/MrGri00/supermarket-app,2.0,2025-05-25T11:06:20Z,3268de3e2d1e231c311a1c39db4a50823b48e2be,False,True,True,True,True,False,Not Eligible,Not recently active
yajra/yajrabox.com,https://github.com/yajra/yajrabox.com,12.0,2026-09-07T10:14:00Z,df3900a09ed0754070c83d73e77beb05ee342d66,True,True,True,True,True,False,Eligible,
tobischulz/vue-laravel-spa,https://github.com/tobischulz/vue-laravel-spa,62.0,2025-12-02T14:39:36Z,a9dbc0fd42eb9a850680ba8c6e1e6f738954bcac,True,True,True,True,True,False,Eligible,
AmirPeyravan/nasirabad,https://github.com/AmirPeyravan/nasirabad,7.0,2025-07-07T06:40:03Z,a2231fead3eaad1a95053ef3451e89611c5f9cbb,False,True,True,True,True,False,Not Eligible,Not recently active
vehikl/vehikl-growth-sessions,https://github.com/vehikl/vehikl-growth-sessions,6.0,2026-09-04T19:58:36Z,93010f5e27bb075ce0350733696f9b99b342a5ae,True,True,True,True,True,False,Eligible,
George-Rafhael-Dev/colecifebens-api,https://github.com/George-Rafhael-Dev/colecifebens-api,2.0,2026-06-17T04:50:47Z,dbed5b067d6626dc810c20a02aad1215df5c6e0b,True,True,True,True,True,True,Not Eligible,Dockerfile present
XRPLWin/XWA,https://github.com/XRPLWin/XWA,8.0,2026-08-29T10:25:14Z,e267adc3867ca1d5b2a93c2177e2ee78855834aa,True,True,False,True,True,False,Eligible,
ilramdhan/aplikasi-peminjaman-buku-laravel,https://github.com/ilramdhan/aplikasi-peminjaman-buku-laravel,5.0,2026-04-26T16:11:57Z,5f685d373416775d079eb97504800667c90544a9,True,True,True,True,True,False,Eligible,
ildrm/laravel-crm,https://github.com/ildrm/laravel-crm,2.0,2026-08-11T12:53:08Z,911b6add8531774ffb94e7411c39d0f4b7ece5b7,True,True,True,True,True,False,Eligible,
Igor-ad/laravel-live-chat,https://github.com/Igor-ad/laravel-live-chat,2.0,2025-04-12T10:54:13Z,5a9de326d054251371726ebf807feb1d4c85c564,False,True,True,True,True,False,Not Eligible,Not recently active
mandrasch/ddev-laravel-vite,https://github.com/mandrasch/ddev-laravel-vite,26.0,2025-02-13T09:34:22Z,8c96e8ec9c130eaab330b3807d223e9e9bb9afa4,False,True,True,True,True,False,Not Eligible,Not recently active
bismillahKrenova2026/SmartSabinV2,https://github.com/bismillahKrenova2026/SmartSabinV2,5.0,2026-05-01T00:55:45Z,53b0fdd6af3299e49ba7a8d37e19665d313d630d,True,True,True,True,True,False,Eligible,
yassine20011/chess-app,https://github.com/yassine20011/chess-app,2.0,2025-01-12T13:30:26Z,6bb37b137c18d74f7d0e4fcf599bc44db89401f7,False,True,True,True,True,False,Not Eligible,Not recently active
alansanchez96/PostsApp-Laravel,https://github.com/alansanchez96/PostsApp-Laravel,3.0,2026-02-09T02:56:56Z,8c319e694be0e5c74e1c2268137b68c66acac4e3,True,True,True,True,True,False,Eligible,
andreapollastri/indiestats,https://github.com/andreapollastri/indiestats,9.0,2026-08-27T16:22:13Z,6bf846a46a40c93bcad4e3e65c065d32c21757f0,True,True,True,True,True,False,Eligible,
wpwwhimself/muzyka-szyta-na-miare,https://github.com/wpwwhimself/muzyka-szyta-na-miare,2.0,2026-09-08T18:27:55Z,f58d2857427c5c246be9e91dc73da3f617f623db,True,True,True,True,True,False,Eligible,
mbpcoder/startpoint,https://github.com/mbpcoder/startpoint,17.0,2026-09-02T15:07:45Z,e25794340bcaf889686a07e054d9750693fd14a9,True,True,True,True,True,False,Eligible,
AlpetGexha/Laravel-Employee-Management,https://github.com/AlpetGexha/Laravel-Employee-Management,28.0,2025-05-27T17:57:14Z,b98647601788a31a454ff7830877b077d1a1569e,False,True,True,True,True,False,Not Eligible,Not recently active
musonza/chat-demo,https://github.com/musonza/chat-demo,110.0,2026-04-15T18:57:39Z,5bfa091276c94a5e40c4d0aac53d49e062df10bc,True,True,False,True,True,False,Eligible,
ArchiveHeritageGroup/heratio,https://github.com/ArchiveHeritageGroup/heratio,4.0,2026-09-08T17:43:51Z,9a7a982e6f82cbeb64a5c7e00ee91f6f22caaecc,True,True,True,True,True,True,Not Eligible,Dockerfile present
axeloz/filesharing,https://github.com/axeloz/filesharing,287.0,2026-09-07T13:29:14Z,b99e11c19cb52eaa064f597abffc3bd70369a19b,True,True,True,True,True,True,Not Eligible,Dockerfile present
rxcod9/joy-voyager-api-laravel-demo,https://github.com/rxcod9/joy-voyager-api-laravel-demo,5.0,2026-09-10T17:26:45Z,585d91a0a1c54f4dec38bf91f1fcf1e3c67eae1d,True,True,True,True,True,True,Not Eligible,Dockerfile present
jpcaparas/demo-laravel-scout-pgvector,https://github.com/jpcaparas/demo-laravel-scout-pgvector,8.0,2025-01-15T07:33:46Z,d22928aa7f8a8e1baf008a557494477047352934,False,True,True,True,True,True,Not Eligible,Not recently active; Dockerfile present
raupulus/www.jaja.raupulus.dev,https://github.com/raupulus/www.jaja.raupulus.dev,2.0,2026-06-30T07:20:53Z,dbb46c6256a492bd18af57b090ff33c837f4f421,True,True,True,True,True,False,Eligible,
NativePHP/kitchen-sink,https://github.com/NativePHP/kitchen-sink,89.0,2026-05-16T15:16:11Z,63b45db56582f4975e46cc701add13b6a76f98c4,True,True,True,True,True,False,Eligible,
scify/Crowdsourcing-Platform,https://github.com/scify/Crowdsourcing-Platform,24.0,2026-09-07T07:29:52Z,a448f5414016467afe0579fca7a5f8bff264fbf5,True,True,True,True,True,True,Not Eligible,Dockerfile present
michitheonlyone/refbook-laravel,https://github.com/michitheonlyone/refbook-laravel,10.0,2026-04-16T21:58:25Z,bbfbb0af7bc8e58aa254505dbefd52f802b12d7e,True,True,True,True,True,False,Eligible,
olerapx/webm-tv,https://github.com/olerapx/webm-tv,2.0,2025-01-05T12:36:26Z,7450ca37ac4ada111c367101ffb534ac33822fd8,False,True,True,True,True,True,Not Eligible,Not recently active; Dockerfile present
phi-rakib/inventory-management-system-api,https://github.com/phi-rakib/inventory-management-system-api,8.0,2025-02-03T03:56:36Z,abbfaeda7bfea6f0a14ba5724ba81e5de3fa0682,False,True,True,True,True,False,Not Eligible,Not recently active
gaalgergely/laravel-payment-processing,https://github.com/gaalgergely/laravel-payment-processing,2.0,2025-12-16T13:17:16Z,ebf634cf3eec903a483ecbadd185c71948be07ae,True,True,True,True,True,False,Eligible,
nafiesl/dompet,https://github.com/nafiesl/dompet,153.0,2026-02-16T10:19:59Z,1d17bb603842d429a3388bc298d2b980d0b35ce0,True,True,True,True,True,False,Eligible,
lunarphp/livewire-starter-kit,https://github.com/lunarphp/livewire-starter-kit,206.0,2025-11-10T08:05:27Z,db4ad00a68c61f57290b5b3a2060c8bd801f867f,True,True,False,True,True,True,Not Eligible,Dockerfile present
ganhuaking/seagon,https://github.com/ganhuaking/seagon,12.0,2026-03-28T07:28:13Z,673c2b75697277b94b8f4810cdf032206e4cc793,True,True,True,True,True,True,Not Eligible,Dockerfile present
SebKay/laravel-inertia-vue-starter-kit,https://github.com/SebKay/laravel-inertia-vue-starter-kit,11.0,2026-06-15T19:35:27Z,c2d8ab6d4b76770d501b41cd2594b160e8168dc2,True,True,True,True,True,False,Eligible,
SquadMS/Squad-MS,https://github.com/SquadMS/Squad-MS,27.0,2026-02-19T14:55:31Z,661c74c84aeb0bdf8f2f936b4fde4cc75c938ad3,True,True,False,True,True,True,Not Eligible,Dockerfile present
geoff-maddock/events-tracker,https://github.com/geoff-maddock/events-tracker,24.0,2026-09-10T18:15:22Z,89024ccf0c34c75e445df6ed98fe98044515f2c4,True,True,True,True,True,False,Eligible,
asciito/site,https://github.com/asciito/site,2.0,2026-01-05T15:20:48Z,982259203ad429656f34227e2208df4c95583483,True,True,True,True,True,False,Eligible,
tuub/bibroomz,https://github.com/tuub/bibroomz,5.0,2026-09-10T15:11:49Z,daa76180317ca5e27e6e02410b8c8785dddcf2dc,True,True,True,True,True,True,Not Eligible,Dockerfile present
MercyCloudTeam/TunnelBroker,https://github.com/MercyCloudTeam/TunnelBroker,33.0,2025-01-19T11:27:56Z,86e7e0f1f4c04191e1184ca13d840a0aa43f4afd,False,True,True,True,True,True,Not Eligible,Not recently active; Dockerfile present
LambdaTest/php-laravel-dusk-todo,https://github.com/LambdaTest/php-laravel-dusk-todo,18.0,2026-07-22T16:14:35Z,7f491d9656961c1df1ba69fe34e32849be0bb723,True,True,False,True,True,False,Eligible,
2KAbhishek/lacrud,https://github.com/2KAbhishek/lacrud,2.0,2026-02-27T07:45:00Z,906dba0d2edfd1119c218867877a4dad20b4ff76,True,True,True,True,True,False,Eligible,
zianscode/final-ukk-cashier-app,https://github.com/zianscode/final-ukk-cashier-app,2.0,2025-04-16T02:16:45Z,77fdc952f66904c2ec1007a07f6d9dfca921a92a,False,True,True,True,True,False,Not Eligible,Not recently active
Abdallah01win/StarterApi,https://github.com/Abdallah01win/StarterApi,4.0,2026-09-08T18:11:32Z,4a62ed3e1b2d2ba2daf027c0a95306366e4b699d,True,True,True,True,True,False,Eligible,
Xammie/mailbook-demo,https://github.com/Xammie/mailbook-demo,2.0,2026-08-12T21:37:47Z,6ed6f005dbf3af60d02dd6013cee185e5302b710,True,True,True,True,True,False,Eligible,
mchev/blinest,https://github.com/mchev/blinest,42.0,2026-09-06T08:00:01Z,f6d4611553bab427f48fc3da82fc7938096790c7,True,True,True,True,True,False,Eligible,
SMMPanelRU/SMM-backend-server-CRM-site-management,https://github.com/SMMPanelRU/SMM-backend-server-CRM-site-management,5.0,2026-01-30T23:05:06Z,4f8ce70af8fefa0fbf14b66e66599e0918b6102d,True,True,True,True,True,True,Not Eligible,Dockerfile present
eliseekn/laravel-sanctum-starter-kit,https://github.com/eliseekn/laravel-sanctum-starter-kit,24.0,2026-08-15T18:24:07Z,d6ff27075edb631f98920ad791b54033d88a1dfb,True,True,True,True,True,True,Not Eligible,Dockerfile present
spatie/scheduled-tweets-app,https://github.com/spatie/scheduled-tweets-app,24.0,2026-01-31T10:29:47Z,e17166019e10ab68809525b58dd4051adbb2206e,True,True,True,True,True,False,Eligible,
prayangshuuu/laravel-user-management,https://github.com/prayangshuuu/laravel-user-management,4.0,2026-05-08T04:30:40Z,2d39d164dc06c9e518e4993cc9ce51046874d300,True,True,True,True,True,False,Eligible,
spatie/freek.dev,https://github.com/spatie/freek.dev,652.0,2026-09-02T13:34:35Z,91a2c48ac397284f9b4785b72c12bdf20b4b72b0,True,True,True,True,True,True,Not Eligible,Dockerfile present
spatie/Mailcoach,https://github.com/spatie/Mailcoach,409.0,2026-03-09T09:27:14Z,de6800652c513696d6e62db27778a5fc306e2956,True,True,False,True,True,False,Eligible,
engsahaly/laravel_socialite_course,https://github.com/engsahaly/laravel_socialite_course,6.0,2025-01-29T07:29:16Z,5c87a7eb54298f7307ce6079247f209b04bc6cf6,False,True,True,True,True,False,Not Eligible,Not recently active
rochi88/tall_boilerplate,https://github.com/rochi88/tall_boilerplate,5.0,2026-08-09T12:36:36Z,6e0e9a7244fab6391cd1be75e4c9139a3fe0c743,True,True,True,True,True,False,Eligible,
riskialfi/e-kasir,https://github.com/riskialfi/e-kasir,4.0,2025-03-12T06:54:14Z,bf87e825d788709db429eeef64ef0b000fb690b6,False,True,True,True,True,False,Not Eligible,Not recently active
ecano08/deployops-ai,https://github.com/ecano08/deployops-ai,2.0,2026-08-24T19:01:57Z,f0531c92f92f20889203ffa2ca7d23339e530976,True,True,True,True,True,False,Eligible,
pktharindu/laravel-api-boilerplate,https://github.com/pktharindu/laravel-api-boilerplate,4.0,2025-10-18T03:03:35Z,168dbd8d6d3a952694cccd268e0e9f66b9a3c409,True,True,True,True,True,False,Eligible,
LibreHealthIO/lh-ehr-laravel,https://github.com/LibreHealthIO/lh-ehr-laravel,40.0,2026-08-23T15:59:45Z,536b2e08cb1aad74d6191a5a7fe8216426490f16,True,True,True,True,True,False,Eligible,
robmellett/saas-starter-livewire,https://github.com/robmellett/saas-starter-livewire,2.0,2026-05-21T20:15:16Z,68f3401667c2707dc6e442239c4bf1d54a9f1c02,True,True,True,True,True,False,Eligible,
bbmcodedotcom/laravel10-ai-avatar,https://github.com/bbmcodedotcom/laravel10-ai-avatar,2.0,2025-05-03T16:00:36Z,7495a0f83980355c37defe9714cc9fc9116a8498,False,True,True,True,True,False,Not Eligible,Not recently active
Billmora/billmora,https://github.com/Billmora/billmora,14.0,2026-08-30T05:10:17Z,ddbad9acc88e647e91d2baa1afbf68ee933ca1f5,True,True,True,True,True,True,Not Eligible,Dockerfile present
NikolaiProgramist/php-project-57,https://github.com/NikolaiProgramist/php-project-57,2.0,2026-05-19T14:21:48Z,2e78c4e036803f6c92d4316e4d2775f42f141579,True,True,True,True,True,True,Not Eligible,Dockerfile present
davigledson/app_super_gestao,https://github.com/davigledson/app_super_gestao,2.0,2025-03-10T22:39:37Z,4097faa134499b4b191b3cd71879e895e6fb3f00,False,True,True,True,True,False,Not Eligible,Not recently active
bagussatoto/Aplikasi-Data-Penjualan-Laravel-8,https://github.com/bagussatoto/Aplikasi-Data-Penjualan-Laravel-8,74.0,2026-09-09T22:36:06Z,cad78315679ac1caf624db3cdf2223406f852e12,True,True,True,True,True,False,Eligible,
icehouse-ventures/laravel-chartjs-demo,https://github.com/icehouse-ventures/laravel-chartjs-demo,6.0,2026-07-29T00:45:29Z,cc15f5e68f5c74d1cd2ee6499ef492e1deb29825,True,True,True,True,True,True,Not Eligible,Dockerfile present
XetaIO/Xetaravel,https://github.com/XetaIO/Xetaravel,6.0,2025-10-09T07:44:32Z,bb1b5480e2ab6bf5bc62a247962f73fc3a0093d6,True,True,False,True,True,False,Eligible,
safytech/ulearn,https://github.com/safytech/ulearn,698.0,2026-03-10T15:58:06Z,fcc4460b75b167edee8e8cb863e9178ed357745f,True,True,True,True,True,False,Eligible,
para1992/laravel-rick-demo,https://github.com/para1992/laravel-rick-demo,2.0,2026-08-13T18:13:10Z,4b3c0eed720cc7a5ed18517dc9b0bb240a3decdd,True,True,True,True,True,False,Eligible,
Grazulex/laravel-cli-kit,https://github.com/Grazulex/laravel-cli-kit,5.0,2026-02-02T09:07:16Z,c8b2df7dc93daccb5299ed241fb8589b6a0997e8,True,True,True,True,True,True,Not Eligible,Dockerfile present
saifali-dev/worktrack,https://github.com/saifali-dev/worktrack,2.0,2026-09-06T19:13:42Z,bb442ecdcc174c9dab3411252e8b1170cb822134,True,True,True,True,True,False,Eligible,
mabdusshakur/simp-estore-api,https://github.com/mabdusshakur/simp-estore-api,2.0,2025-12-09T13:03:17Z,467fbc676b893e48c346d916e5bd07de7b92a4c5,True,True,True,True,True,False,Eligible,
ellaisys/demo_cognito_app,https://github.com/ellaisys/demo_cognito_app,4.0,2026-06-26T14:33:06Z,5027157b944a44a393841b62107183dd75d94089,True,True,True,True,True,False,Eligible,
academico-sis/academico,https://github.com/academico-sis/academico,396.0,2026-09-09T03:53:05Z,a6518355c3a30818044c46a9fc7fd53da34ab7f7,True,True,True,True,True,True,Not Eligible,Dockerfile present
render-examples/php-laravel-docker,https://github.com/render-examples/php-laravel-docker,100.0,2026-02-18T08:10:45Z,843ae3131f3aedb24c5c15073d2632ebcf235a2a,True,True,True,True,True,True,Not Eligible,Dockerfile present
FitzwilliamMuseum/fitz-collection-online,https://github.com/FitzwilliamMuseum/fitz-collection-online,2.0,2026-09-04T10:29:48Z,8d5aaba2f2a62525708f0ece9cb2d095042e3ef7,True,True,True,True,True,False,Eligible,
ProxyPanel/ProxyPanel,https://github.com/ProxyPanel/ProxyPanel,539.0,2026-03-16T15:59:06Z,cb92bc90f2577ad7497fa2033c913730c4133ff0,True,True,False,True,True,False,Eligible,
josuapsianturi/velflix,https://github.com/josuapsianturi/velflix,139.0,2026-06-29T11:02:38Z,d903efca63b9e75e37c6b1d5b14c719e28b64000,True,True,True,True,True,False,Eligible,
tighten/ozzie,https://github.com/tighten/ozzie,62.0,2026-09-10T02:55:51Z,b377c429ef418bb6b9a6acc5c16557d2e326843e,True,True,True,True,True,False,Eligible,
tinymce/devrel-tinymce-laravel-demo,https://github.com/tinymce/devrel-tinymce-laravel-demo,4.0,2025-07-25T19:07:51Z,1f4e98884b1b361af273123c3ed28cbf14510a15,False,True,False,True,True,False,Not Eligible,Not recently active
YoKYa/SIPS-Desa,https://github.com/YoKYa/SIPS-Desa,2.0,2025-11-09T06:20:46Z,1f69def3984462b42d1bd3ad04ad9bdc931ac538,True,True,True,True,True,False,Eligible,
jeffersongoncalves/helpdeskkitv5,https://github.com/jeffersongoncalves/helpdeskkitv5,4.0,2026-09-06T00:30:07Z,9e07f89f38df663436bd3d325caa5f152703df76,True,True,True,True,True,False,Eligible,
srph/yeet,https://github.com/srph/yeet,2.0,2026-09-03T01:10:36Z,b513f421a2becce57d3280dd8316a45872968bcd,True,True,True,True,True,False,Eligible,
Lucassamuel97/tcc-preventive-maintenance-utfpr,https://github.com/Lucassamuel97/tcc-preventive-maintenance-utfpr,4.0,2025-02-19T22:54:42Z,1a5f17386f3d5e765caf1619a6c25b19b5b7d0ac,False,True,True,True,True,True,Not Eligible,Not recently active; Dockerfile present
Aureo-Bueno/crud-laravel-study,https://github.com/Aureo-Bueno/crud-laravel-study,2.0,2025-11-14T19:43:44Z,6b49e1ad6a084739c2afc44a6e44db3e251d35e5,True,True,True,True,True,True,Not Eligible,Dockerfile present
ilsyaa/lazyui-docs,https://github.com/ilsyaa/lazyui-docs,2.0,2025-07-30T09:26:51Z,7e5ff5b807b6b5b65381ec02117180eb993c8571,False,True,True,True,True,False,Not Eligible,Not recently active
meetmansoorali/users_management,https://github.com/meetmansoorali/users_management,8.0,2026-05-18T19:11:26Z,8a38ba476bbc2a7ade53391f58c417c6d5d8252d,True,True,True,True,True,False,Eligible,
svareX/lara-zillow,https://github.com/svareX/lara-zillow,3.0,2026-03-24T10:27:06Z,23c8bc40c9e54a09ce4119ecc722f74d28f907fa,True,True,True,True,True,False,Eligible,
beikeshop/beikeshop,https://github.com/beikeshop/beikeshop,1960.0,2026-09-09T02:42:45Z,f41f3909c3dfbb4a8a0cfe39491dd805c7cf1f7a,True,True,True,False,True,True,Not Eligible,No tests directory; Dockerfile present
siamaknaghel/clinic-management-system,https://github.com/siamaknaghel/clinic-management-system,5.0,2026-07-13T18:00:08Z,56b5db3b69d88aac0867c8b14fe6857abc647749,True,True,True,True,True,False,Eligible,
CallMeFG/project-website-semester2,https://github.com/CallMeFG/project-website-semester2,4.0,2025-06-19T21:54:54Z,621d3d7304a76115801c9f5d36d28cbf5a82a708,False,True,True,True,True,False,Not Eligible,Not recently active
ozdemirburak/simple-cms,https://github.com/ozdemirburak/simple-cms,715.0,2026-08-02T01:25:27Z,5ed7b16185ff6893d191a58e1a3d2e82187cefeb,True,True,True,True,True,False,Eligible,
AthenaNetworks/mymate,https://github.com/AthenaNetworks/mymate,28.0,2026-09-10T12:15:36Z,74087c2a71e4e5f16767c78f119c9dc1994bcfc0,True,True,True,True,True,True,Not Eligible,Dockerfile present
roelofjan-elsinga/link-that,https://github.com/roelofjan-elsinga/link-that,15.0,2025-02-09T15:35:35Z,22810f1390f06472df2f056e3b00bcc86e5ad5b8,False,True,True,True,True,True,Not Eligible,Not recently active; Dockerfile present
tadhgboyle/tab,https://github.com/tadhgboyle/tab,9.0,2025-08-11T01:50:14Z,fa91b1068f344d5762fcc7961d71783bf1bee651,False,True,True,True,True,True,Not Eligible,Not recently active; Dockerfile present
bervProject/azure-resource-exploration-php-laravel,https://github.com/bervProject/azure-resource-exploration-php-laravel,2.0,2026-09-10T07:44:29Z,92509b23736fe8fdb02245f6bfa03c44686bb4cf,True,True,True,True,True,False,Eligible,
HeshamAdel0007/BookStore,https://github.com/HeshamAdel0007/BookStore,15.0,2025-02-14T00:03:12Z,5fb92b8ce442a15793531e359cc657b60f1e2849,False,True,True,False,True,False,Not Eligible,Not recently active; No tests directory
behindSolution/LQG-example,https://github.com/behindSolution/LQG-example,2.0,2026-01-19T18:26:04Z,6dd908fc743e66243e1523273b96a14ee91e829a,True,True,True,True,True,False,Eligible,
silassdev/crispy-sniffle,https://github.com/silassdev/crispy-sniffle,5.0,2026-04-30T11:48:10Z,69c76737cf26410cfc3349c78a7634c8789b6adb,True,True,True,True,True,False,Eligible,
Pupler/Crypto-Exchange-Website,https://github.com/Pupler/Crypto-Exchange-Website,2.0,2025-11-10T10:19:53Z,bdcd8b3bfeb5c6d6385f053e33df60883c4eb84c,True,True,True,True,True,False,Eligible,
kunal254/laravel-8-ecommerce,https://github.com/kunal254/laravel-8-ecommerce,8.0,2026-01-22T16:05:33Z,944b85ea9f0f0ab022a115959dae037415ffba08,True,True,True,True,True,True,Not Eligible,Dockerfile present
liberusoftware/cms-laravel,https://github.com/liberusoftware/cms-laravel,124.0,2026-09-06T23:57:00Z,5d91aa9c0a3d4ae6b1cf238b324e9d0a05ba68e7,True,True,True,True,True,True,Not Eligible,Dockerfile present
kbdxbt/kbframe,https://github.com/kbdxbt/kbframe,55.0,2025-05-06T01:05:11Z,6844451f9e108503116dc6ca8bcc678f707a6265,False,True,True,True,True,True,Not Eligible,Not recently active; Dockerfile present
Linda-Carlstad/admin.lindacarlstad.se,https://github.com/Linda-Carlstad/admin.lindacarlstad.se,5.0,2026-03-07T02:29:08Z,38cc08b9aaae8f086b2e5c8532659c6c7805fbd9,True,True,True,True,True,True,Not Eligible,Dockerfile present
statamic/docs,https://github.com/statamic/docs,131.0,2026-09-10T17:02:18Z,899b57fb3520563b264a9e668656e4048576bf01,True,True,True,True,True,False,Eligible,
morpheusadam/RtlForge,https://github.com/morpheusadam/RtlForge,10.0,2026-08-03T11:38:06Z,65d28ab4bf1776eaaa558c73288988ab3c74097a,True,True,True,True,True,False,Eligible,
fusioncms/fusioncms,https://github.com/fusioncms/fusioncms,165.0,2026-06-20T06:12:09Z,3f634c7daf2f6654c104d28ff21f834f4cf574e6,True,True,True,True,True,False,Eligible,
ShishirAdhikari12/MediumClone,https://github.com/ShishirAdhikari12/MediumClone,2.0,2026-08-23T08:33:19Z,c39eb03f6d7162d4abc2507883f86afc54aa484e,True,True,True,True,True,True,Not Eligible,Dockerfile present
laravelio/paste.laravel.io,https://github.com/laravelio/paste.laravel.io,194.0,2026-09-04T02:16:45Z,331cd4a8f451525cd120bdbe82170d1b6aaae325,True,True,True,True,True,False,Eligible,
MaxKorlaar/hypixel-signatures,https://github.com/MaxKorlaar/hypixel-signatures,11.0,2026-05-26T13:53:03Z,2685267fe74b73c54cd929f6885e74901b6a7353,True,True,True,True,True,True,Not Eligible,Dockerfile present
muchaisam/Tours-Travel,https://github.com/muchaisam/Tours-Travel,34.0,2026-05-08T01:08:46Z,198ca8e35785b87e89d87cdad7d655db2b877324,True,True,False,True,True,True,Not Eligible,Dockerfile present
ikhbalfuady/lavux,https://github.com/ikhbalfuady/lavux,22.0,2025-02-25T08:08:32Z,cd482a20f02cc2214d55de0b4e0b11bca56a8496,False,True,True,True,True,False,Not Eligible,Not recently active
panelis-php/skeleton,https://github.com/panelis-php/skeleton,6.0,2026-09-01T03:29:47Z,68db5ea5e6daba7fc0faea609110ec630d567885,True,True,True,True,True,False,Eligible,
coollabsio/coolify,https://github.com/coollabsio/coolify,61658.0,2026-09-10T15:50:14Z,33f453912ad5298620b513269119e404c68f41dc,True,True,True,True,True,True,Not Eligible,Dockerfile present
imshahab/llama-sense,https://github.com/imshahab/llama-sense,5.0,2025-12-01T05:13:22Z,904908345132061ea140ed4d1f421237fe19696a,True,True,True,True,True,True,Not Eligible,Dockerfile present
Ygryan360/LOSLC-Registration,https://github.com/Ygryan360/LOSLC-Registration,2.0,2025-04-07T16:23:26Z,403ec74a075aa08c4d9652cbbed56be8d7748a36,False,True,True,True,True,False,Not Eligible,Not recently active
pinkary-project/pinkary.com,https://github.com/pinkary-project/pinkary.com,1532.0,2026-09-10T18:13:23Z,b4f850175a46937ca8f42fae788f6a92b7736f60,True,True,True,True,True,False,Eligible,
DHTMLX/gantt-howto-php-laravel,https://github.com/DHTMLX/gantt-howto-php-laravel,16.0,2025-12-23T13:05:08Z,095c0b59c1e2e98c196e68a21b1809f5738b5514,True,True,True,True,True,False,Eligible,
pemula11/sistem-pakar,https://github.com/pemula11/sistem-pakar,10.0,2026-06-24T04:57:04Z,c1078d477a5799412df6d44e030f24f5f01bfd28,True,True,True,True,True,True,Not Eligible,Dockerfile present
sunchayn/unorthodox-monoliths-in-laravel,https://github.com/sunchayn/unorthodox-monoliths-in-laravel,3.0,2025-02-05T12:26:47Z,34154f75989e12f1235434b5a0332c8045cf068c,False,True,True,True,True,False,Not Eligible,Not recently active
piotr-jura-udemy/laravel-course,https://github.com/piotr-jura-udemy/laravel-course,133.0,2026-07-05T11:48:56Z,ec19eea202c4a5f8635286c6f2a3c844dcb94ddd,True,True,True,True,True,False,Eligible,
mohamedyahya125/center-system,https://github.com/mohamedyahya125/center-system,2.0,2026-08-27T16:37:27Z,14a368f6c80a9bf90be70ee257d5d7e6132fc545,True,True,True,True,True,False,Eligible,
yukicountry/realworld-laravel-layered-architecture,https://github.com/yukicountry/realworld-laravel-layered-architecture,8.0,2025-11-12T22:50:45Z,49fb3b2c902475373dc4251a664af1962efe9c90,True,True,True,True,True,True,Not Eligible,Dockerfile present
irabbi360/laravel-vue3-spa-starter,https://github.com/irabbi360/laravel-vue3-spa-starter,179.0,2026-06-30T18:06:28Z,1f7b270b194939cf7ff9bce52db90e57f8f454ea,True,True,False,True,True,False,Eligible,
devuni-cz/vilt-starter-kit,https://github.com/devuni-cz/vilt-starter-kit,12.0,2026-09-07T20:18:03Z,3fd0d6b87ebe0754456c83b4e32f5c31bc19d2c5,True,True,True,True,True,False,Eligible,
KalimeroMK/LaravelEcomm,https://github.com/KalimeroMK/LaravelEcomm,140.0,2026-08-07T19:17:02Z,510b2fbe34804dba712989eb77caec6ed321a421,True,True,True,True,True,True,Not Eligible,Dockerfile present
Rendirmdhnii/greenbanking-backend,https://github.com/Rendirmdhnii/greenbanking-backend,2.0,2026-06-02T09:57:35Z,6eb05280477166792f6275512078d0aadc030a61,True,True,True,True,True,False,Eligible,
engsahaly/laravel_telescope_course,https://github.com/engsahaly/laravel_telescope_course,6.0,2025-01-29T07:29:06Z,0936e7f645b1f6191300e059b4dfc3bb89db079c,False,True,True,True,True,False,Not Eligible,Not recently active
khalifaalhasan/sisteminformasi-desa-laravel-blade,https://github.com/khalifaalhasan/sisteminformasi-desa-laravel-blade,6.0,2025-10-16T02:32:48Z,34a2cfa8cdab53935ff3172183333fe93c6a4a35,True,True,True,True,True,False,Eligible,
emmadesilva/laravel-blogkit,https://github.com/emmadesilva/laravel-blogkit,33.0,2026-02-17T17:57:39Z,38bda167cc29cc9f57f3ec983f839a44567df798,True,True,True,True,True,False,Eligible,
cartinophp/docs,https://github.com/cartinophp/docs,4.0,2025-12-03T11:06:41Z,690ed83f281a33567ce0313c2891bc2885c18e65,True,True,True,True,True,False,Eligible,
HijenHEK/laravel-backend-template,https://github.com/HijenHEK/laravel-backend-template,14.0,2025-08-18T07:03:59Z,719baac22910dd6a179e7bb0aac67aff5049a2a3,False,True,True,True,True,True,Not Eligible,Not recently active; Dockerfile present
WentTheFox/SledgeHammerTime,https://github.com/WentTheFox/SledgeHammerTime,24.0,2026-09-09T19:08:27Z,e0dad4b3c7edcb74fd180a1ac887be3c5a425bc7,True,True,True,True,True,False,Eligible,
syauqi/zaqat,https://github.com/syauqi/zaqat,55.0,2025-11-13T07:00:06Z,6affb3e09dbfb4da7e2da22996279951974320b5,True,True,True,True,True,False,Eligible,
fajarghifar/inventory-management-system,https://github.com/fajarghifar/inventory-management-system,515.0,2026-09-07T16:22:43Z,13c261799e887084122fe54925fbbaa3d781921a,True,True,True,True,True,True,Not Eligible,Dockerfile present
sadegh19b/Filar,https://github.com/sadegh19b/Filar,4.0,2025-07-19T07:27:33Z,67428de16c910bc017d731a8fce168caa42e2473,False,True,False,True,True,True,Not Eligible,Not recently active; Dockerfile present
StadGent/laravel_site_opening-hours,https://github.com/StadGent/laravel_site_opening-hours,5.0,2026-05-21T09:27:29Z,1a9b88c4b87dadeab4c416bf83ba80979db78a9b,True,True,True,True,True,False,Eligible,
mailmug/laravel-easy-pos,https://github.com/mailmug/laravel-easy-pos,206.0,2026-08-28T14:42:30Z,40299656b9936cd1e8f08de7bd390df669a348b9,True,True,True,True,True,False,Eligible,
romiardanaputra/jumpstart-furniture,https://github.com/romiardanaputra/jumpstart-furniture,2.0,2026-02-15T15:26:09Z,851f910dd0a68147eab217ae78d27e43eea9d7c1,True,True,True,True,True,False,Eligible,
viniciusxv27/vaiaonde-api,https://github.com/viniciusxv27/vaiaonde-api,2.0,2025-11-10T01:32:24Z,081507ee04d259c5c23e077861d32c3b33fc3727,True,True,True,True,True,False,Eligible,
riasvdv/rias.be,https://github.com/riasvdv/rias.be,13.0,2026-08-25T20:30:35Z,dc3d68595e92c55461d009eaee582bdfcc2b7bbf,True,True,True,True,True,False,Eligible,
lakasir/lakasir,https://github.com/lakasir/lakasir,901.0,2026-09-01T22:51:05Z,70ec6b139593e4783a9dc2192fb571789a48f74d,True,True,True,True,True,True,Not Eligible,Dockerfile present
gaalgergely/laravel-facebook-clone,https://github.com/gaalgergely/laravel-facebook-clone,12.0,2025-12-16T12:47:05Z,822afcbb0f540c5f46ad3b0862b02ce384470623,True,True,True,True,True,False,Eligible,
stefanzweifel/screeenly,https://github.com/stefanzweifel/screeenly,532.0,2026-05-21T11:51:44Z,6b5c6dae5d61410e86fc47c28b8d5c1eb4584f53,True,True,True,True,True,False,Eligible,
masa0221/laravel-quiz-app,https://github.com/masa0221/laravel-quiz-app,12.0,2025-05-25T09:10:07Z,e9958685c3b704881641e3ba06fd913e59cf4be9,False,True,True,True,True,False,Not Eligible,Not recently active
eooo-io/orkestr,https://github.com/eooo-io/orkestr,2.0,2026-05-03T14:42:24Z,5de02fec769655ddec535f9c3270c2e83ec9670c,True,True,True,True,True,True,Not Eligible,Dockerfile present
ashraf-kabir/laravel-realtime-forum-app,https://github.com/ashraf-kabir/laravel-realtime-forum-app,5.0,2025-07-05T06:05:12Z,26ade2338ecc909e8d4760f979cd4a55f6657257,False,True,True,True,True,False,Not Eligible,Not recently active
Panelica/pnlcs,https://github.com/Panelica/pnlcs,54.0,2026-09-09T20:54:39Z,afd06ffc14920a1ecc16a8a62549d3bf34b5ba29,True,True,True,True,True,True,Not Eligible,Dockerfile present
Next-Panel/Pterodactyl-BR,https://github.com/Next-Panel/Pterodactyl-BR,12.0,2026-02-10T01:46:37Z,8cca8d2727f207abc645cf280c6eda59d1ea9588,True,True,True,True,True,True,Not Eligible,Dockerfile present
tamerayman/Center-Management-API,https://github.com/tamerayman/Center-Management-API,2.0,2026-08-16T15:13:14Z,151741eb5c8c3d2bae5f88b3aa22077bf00bd4dc,True,True,True,True,True,False,Eligible,
ramhaidar/CarRentEase,https://github.com/ramhaidar/CarRentEase,2.0,2026-02-12T03:27:49Z,60850b6b85d902a8a9be7166bad9eb13aa5b1895,True,True,True,True,True,False,Eligible,
liberusoftware/crm-laravel,https://github.com/liberusoftware/crm-laravel,124.0,2026-09-10T17:43:48Z,e3cb592a4bc39c0488672009a891bb4fba9b94ef,True,True,True,True,True,True,Not Eligible,Dockerfile present
SeinopSys/PersonalSite,https://github.com/SeinopSys/PersonalSite,5.0,2026-09-03T03:11:25Z,98e7b7bb211e2953a9752557fa07766266ce8c47,True,True,True,True,True,False,Eligible,
devrock07/Rockdactyl,https://github.com/devrock07/Rockdactyl,3.0,2026-09-07T04:43:02Z,65f2ad0095de57a2668f6e9fca28b8bc7d365d72,True,True,True,True,True,True,Not Eligible,Dockerfile present
Lakshan-Madushanka/evaluator-full-stack,https://github.com/Lakshan-Madushanka/evaluator-full-stack,10.0,2026-04-15T21:07:15Z,79c7f42150e3f842e3880bcad50ba1de9a24543e,True,True,True,True,True,True,Not Eligible,Dockerfile present
DelinWorks/TwoDrive,https://github.com/DelinWorks/TwoDrive,2.0,2025-08-07T14:01:37Z,f6b7d78b7ee8e277dedf94004c0606ba3af9c7c3,False,True,True,True,True,False,Not Eligible,Not recently active
mahinxander/laravel_website_cake_shop_project,https://github.com/mahinxander/laravel_website_cake_shop_project,18.0,2026-09-10T04:20:30Z,57ea056c97b6d26be01695cdffbda36a0279d7ef,True,True,True,True,True,False,Eligible,
deskhq/the-desk,https://github.com/deskhq/the-desk,21.0,2026-09-01T10:15:09Z,0a07188a05e8ad9233cb1218edfaad701e23a67e,True,True,True,True,True,True,Not Eligible,Dockerfile present
strictlybetter/strictlybetter,https://github.com/strictlybetter/strictlybetter,4.0,2026-09-01T22:24:57Z,c559f5b485a637907f7e248d6f5b551f4a1e3657,True,True,True,True,True,False,Eligible,
modernben/iptracker,https://github.com/modernben/iptracker,64.0,2026-07-31T15:32:02Z,8a613e417fd497b28e87e61d1c1e0d1b89c8e1c3,True,True,True,True,True,False,Eligible,
GrafiteInc/Scaffold,https://github.com/GrafiteInc/Scaffold,40.0,2026-08-18T03:08:36Z,c052e9e964de7a8e237c68d7bbeb942d88b5ec30,True,True,True,True,True,True,Not Eligible,Dockerfile present
scify/Dianoia-Marketplace,https://github.com/scify/Dianoia-Marketplace,2.0,2026-09-10T13:25:00Z,d433fa9f38acee0b1ddfa33dbcad930b939053da,True,True,True,True,True,False,Eligible,
mashb1t/terms,https://github.com/mashb1t/terms,2.0,2026-05-15T22:31:48Z,120062fda913525b2f5d2f05f1ff106d962f58dc,True,True,True,True,True,False,Eligible,
itsamanverma/FundooNotes,https://github.com/itsamanverma/FundooNotes,2.0,2026-02-22T17:23:46Z,a89ae634629dfa7d873d7f3b28648a5b99902d78,True,True,True,True,True,False,Eligible,
relaticle/relaticle,https://github.com/relaticle/relaticle,1639.0,2026-09-10T19:26:16Z,0c618d24145af4248bfa58fcf89ad229872e4315,True,True,True,True,True,True,Not Eligible,Dockerfile present
nusagates/laragates,https://github.com/nusagates/laragates,8.0,2026-01-26T02:31:57Z,db2f922c8b3702703c3d13d0194106e4a4e06406,True,True,True,True,True,False,Eligible,
yogameleniawan/laravel-cicd-deployer,https://github.com/yogameleniawan/laravel-cicd-deployer,23.0,2025-08-02T09:08:29Z,eb7fa0f437536b8290d5aa40796cf536bdb9d762,False,True,True,True,True,False,Not Eligible,Not recently active
ibishek/personal-finanace-system,https://github.com/ibishek/personal-finanace-system,22.0,2026-02-17T17:37:23Z,a9abebb44c941d08fe2c231c0c79caf04587b7f7,True,True,True,True,True,False,Eligible,
liberusoftware/billing-laravel,https://github.com/liberusoftware/billing-laravel,67.0,2026-09-07T18:58:27Z,cd5fcc21c312dc9cf5d3d944a54a9884bfa5b817,True,True,True,True,True,True,Not Eligible,Dockerfile present
P3D-Legacy/pokemon3d.net,https://github.com/P3D-Legacy/pokemon3d.net,15.0,2026-09-10T00:59:44Z,f71c4ed62670f0891ece28008aaf0040d895d37e,True,True,True,True,True,False,Eligible,
Jexactyl/Jexactyl,https://github.com/Jexactyl/Jexactyl,548.0,2026-08-18T21:45:54Z,5927ca45f62a2ce288f001f8c07cf6c06bcbbf3d,True,True,True,True,True,True,Not Eligible,Dockerfile present
alkrauss48/simple-slides,https://github.com/alkrauss48/simple-slides,98.0,2026-02-24T16:16:51Z,5d44bb47ebd70883c7af03cf3b6bfdcbe3213e26,True,True,True,True,True,True,Not Eligible,Dockerfile present
sneycampos/laravel-frankenphp,https://github.com/sneycampos/laravel-frankenphp,4.0,2025-10-03T11:02:29Z,979bfd7d5fa4d5f2815a5d254b60e040c2db161a,True,True,True,True,True,True,Not Eligible,Dockerfile present
ubul86/pizza_webapp,https://github.com/ubul86/pizza_webapp,2.0,2025-02-19T08:30:00Z,da6582284e0707dfe8cbc3d250f6da08389d2efd,False,True,True,True,True,False,Not Eligible,Not recently active
MDylan/JW-public-ministry-organizer-app,https://github.com/MDylan/JW-public-ministry-organizer-app,10.0,2026-09-10T13:20:33Z,cee60d4125a1a506aacbf4248b135aeac8bddf70,True,True,True,True,True,True,Not Eligible,Dockerfile present
rendy278/TugasWP1_2-2,https://github.com/rendy278/TugasWP1_2-2,11.0,2025-05-15T21:06:45Z,9bcbcbe9ecffb0b5f9d2bf792e2e0546e3d94995,False,True,True,True,True,False,Not Eligible,Not recently active
mbparvezme/laravel-auth-api,https://github.com/mbparvezme/laravel-auth-api,2.0,2026-06-08T23:46:10Z,66dd07f90cad19c7689be62df31b0aab23724036,True,True,True,True,True,True,Not Eligible,Dockerfile present
mviniciusca/codhous,https://github.com/mviniciusca/codhous,2.0,2026-07-14T13:38:59Z,68442f2188850add3ef0cb685737bd007ac155fc,True,True,True,True,True,False,Eligible,
changeweb/Unifiedtransform,https://github.com/changeweb/Unifiedtransform,3001.0,2026-06-22T20:14:36Z,23c5a27087d3adae6237e4e15c84a168a59997eb,True,True,True,True,True,True,Not Eligible,Dockerfile present
fikri-ardi/fiblo,https://github.com/fikri-ardi/fiblo,5.0,2025-06-18T15:19:54Z,4d1d9d9629a475f53304e194e0f45720648e46b6,False,True,True,True,True,False,Not Eligible,Not recently active
ojgabrielleal/akiba,https://github.com/ojgabrielleal/akiba,2.0,2026-09-06T20:06:17Z,0dbfe52a6068925d30a33da2cb5557c4d649afc3,True,True,True,True,True,True,Not Eligible,Dockerfile present
henintsoaheriniaina/magisphere,https://github.com/henintsoaheriniaina/magisphere,2.0,2025-05-30T06:06:05Z,287d7b2038b65a307858048e391bb41b0da492dc,False,True,True,True,True,False,Not Eligible,Not recently active
grueneschweiz/mailchimpservice,https://github.com/grueneschweiz/mailchimpservice,2.0,2026-09-01T22:34:50Z,80fc808fc1c8e4e07c95ca3718325212cbf319a2,True,True,True,True,True,True,Not Eligible,Dockerfile present
404NotFoundIndonesia/laravel-surat-menyurat-v1,https://github.com/404NotFoundIndonesia/laravel-surat-menyurat-v1,121.0,2025-03-28T09:41:44Z,57b2c51833fcfc807207465a61da3572e5224443,False,True,True,True,True,False,Not Eligible,Not recently active
ChristineZedday/Virtual_Genetics_Laravel,https://github.com/ChristineZedday/Virtual_Genetics_Laravel,4.0,2026-09-02T15:03:21Z,2ed68a7bc9d88d5757afe3181970dff758dee26d,True,True,True,True,True,False,Eligible,
ploi/ploi-core,https://github.com/ploi/ploi-core,90.0,2026-07-26T04:42:18Z,5ef199ae858e841e6a6bbc2a4d17e26baefd65c8,True,True,True,True,True,False,Eligible,
eriellebancolita017/laravel-vue-GitHub-repository-search,https://github.com/eriellebancolita017/laravel-vue-GitHub-repository-search,2.0,2026-03-25T11:10:45Z,27ccc87f97c4d2cd09a058864f0d383ae185853f,True,True,True,True,True,False,Eligible,
Cosnavel/routinglaravel,https://github.com/Cosnavel/routinglaravel,2.0,2025-02-02T18:40:52Z,caaa3002f8de2b17067b3b9c4245f8b65507bbc0,False,True,True,True,True,False,Not Eligible,Not recently active
dev-shelvin-batista/backend-laravel-store,https://github.com/dev-shelvin-batista/backend-laravel-store,2.0,2025-09-11T18:21:38Z,1da3e61c62119452ff2080373f275898be177be4,True,True,True,True,True,False,Eligible,
valdeirpsr/psr-rifas,https://github.com/valdeirpsr/psr-rifas,21.0,2025-08-11T15:05:50Z,24772bcc101e35efc443ece842396b5f16c54af4,False,True,True,True,True,False,Not Eligible,Not recently active
owenvoke/cachent,https://github.com/owenvoke/cachent,9.0,2026-09-08T11:22:38Z,3bddb3629e6e363e6788c6240d78cb63d54d53c2,True,True,True,True,True,True,Not Eligible,Dockerfile present
moo-gh/My-Website,https://github.com/moo-gh/My-Website,2.0,2026-08-05T15:32:07Z,e4a552299747625bc0ab6d79b9e9f74f2ecab641,True,True,True,True,True,True,Not Eligible,Dockerfile present
aadhar41/laravel-qa-old,https://github.com/aadhar41/laravel-qa-old,2.0,2025-12-12T03:27:07Z,4aae05370293ec86cf169aa692ad2e3c9e9e8e47,True,True,True,True,True,False,Eligible,
Faks/laravel-starter-with-laravel-vite-vue-2-vue-property-decorator-inertia-ziggy-typescript,https://github.com/Faks/laravel-starter-with-laravel-vite-vue-2-vue-property-decorator-inertia-ziggy-typescript,2.0,2026-09-07T00:45:39Z,2a4e2abe8b6bbe84c7f1158d918b1357e028dc5b,True,True,True,True,True,False,Eligible,
deaneeth/aqi-monitoring-system,https://github.com/deaneeth/aqi-monitoring-system,2.0,2025-06-10T11:57:08Z,694590ef32d19b2d68a991dafe614c836a5cf695,False,True,True,True,True,False,Not Eligible,Not recently active
ahawazi/event-management,https://github.com/ahawazi/event-management,2.0,2025-02-27T16:38:10Z,72a9dc2c379f3a38c4be6227465345cca79a9845,False,True,True,True,True,False,Not Eligible,Not recently active
spatie/radiorarefish.be,https://github.com/spatie/radiorarefish.be,15.0,2026-01-31T10:27:10Z,f3b40477b3e8fc8a6535898e99f2d665a89b8fea,True,True,True,True,True,False,Eligible,
ajaythakkar/multi-tenant-laravel-saas-boilerplate,https://github.com/ajaythakkar/multi-tenant-laravel-saas-boilerplate,18.0,2026-01-07T07:06:54Z,2af070a4deece6e4f9d71848bfb383aa2465afc1,True,True,True,True,True,False,Eligible,
IamImam7/project_management,https://github.com/IamImam7/project_management,4.0,2025-06-27T13:52:03Z,9c65c64274f5139548d32c9bd647ce503129bee1,False,True,True,True,True,False,Not Eligible,Not recently active
Renaudfradin/API-AtthStudio,https://github.com/Renaudfradin/API-AtthStudio,2.0,2025-09-24T23:05:08Z,c01cf8d505c58fdd9813fe7cacc199e87cb8cd2e,True,True,True,True,True,False,Eligible,
clingen-data-model/website-clinicalgenome-search,https://github.com/clingen-data-model/website-clinicalgenome-search,4.0,2026-08-25T12:37:43Z,ff01c4e2256870c39830ae73747e19d1178f9cb7,True,True,True,True,True,False,Eligible,
DarlanSchmeller/tasklee-laravel,https://github.com/DarlanSchmeller/tasklee-laravel,2.0,2025-09-19T16:50:44Z,17bdea9c4c10bf2d4aad1edb74ddee3af1d55a65,True,True,True,True,True,False,Eligible,
ModularThink/modular-demo-vue,https://github.com/ModularThink/modular-demo-vue,38.0,2026-02-03T23:00:37Z,e9b6c92b1c0576e87798c6b7ff97b7a42ce78ddc,True,True,True,True,True,False,Eligible,
ashraf-kabir/blog-app,https://github.com/ashraf-kabir/blog-app,2.0,2025-07-05T05:51:20Z,e2003dbcc0fe88c6406225107ab8b57ddb35b31f,False,True,True,True,True,False,Not Eligible,Not recently active
iritmaulana/laravel-xendit,https://github.com/iritmaulana/laravel-xendit,2.0,2025-01-21T18:27:06Z,87276f1cddd54ceae11bfd12d79aec9e6caee666,False,True,True,True,True,True,Not Eligible,Not recently active; Dockerfile present
ppy/osu-web,https://github.com/ppy/osu-web,1150.0,2026-09-10T13:19:11Z,f221ef74b8cbce2f0cdc97216936c14ae3c05b07,True,True,True,True,True,False,Eligible,
Zlimon/runemanager,https://github.com/Zlimon/runemanager,7.0,2026-09-08T05:37:56Z,9cbd8c458322c54996704ea35db122666f2e5647,True,True,True,True,True,True,Not Eligible,Dockerfile present
idoko-emmanuel/zoho-mcp,https://github.com/idoko-emmanuel/zoho-mcp,4.0,2026-08-21T10:06:10Z,5beaacdfece9d9d01c549137cbb3d0fb27045bc4,True,True,True,True,True,False,Eligible,
mohamadreza-rezaei/adhub-laravel,https://github.com/mohamadreza-rezaei/adhub-laravel,2.0,2026-02-11T17:10:18Z,411e89c391e9dcadb91bccb6b4f4bf6734beec9a,True,True,True,True,True,False,Eligible,
RzlAm/incomex,https://github.com/RzlAm/incomex,17.0,2025-12-09T05:53:06Z,5b23106f5160fa2e9cd2e84d415dc569df7787f4,True,True,True,True,True,False,Eligible,
gaalgergely/laravel-booking-system,https://github.com/gaalgergely/laravel-booking-system,2.0,2025-12-16T13:01:26Z,aaae2553093332b8e6b455a9bbe4e0427664d5d4,True,True,True,True,True,False,Eligible,
GuiDev115/dev-blog,https://github.com/GuiDev115/dev-blog,2.0,2026-01-26T19:37:44Z,25efc5964e8cb45ea5ca2e0fc9f6b70e9ca2a650,True,True,True,True,True,False,Eligible,
jeffersongoncalves/filafluxkitv5,https://github.com/jeffersongoncalves/filafluxkitv5,10.0,2026-09-05T22:57:27Z,309efd710691ff96469982c21b8717f8b12dca2c,True,True,True,True,True,False,Eligible,
aadhar41/laravel10-Blog,https://github.com/aadhar41/laravel10-Blog,2.0,2026-02-01T07:37:15Z,4a743949a0687c1b5deff8542fc8082944a3ee8d,True,True,True,True,True,False,Eligible,
filakitphp/basev3,https://github.com/filakitphp/basev3,2.0,2026-09-08T16:34:03Z,0ba63432f1f99a3b912519bc979c20764f281e84,True,True,True,True,True,False,Eligible,
anggagewor/personal,https://github.com/anggagewor/personal,9.0,2026-08-02T16:37:00Z,519bd145dc7dd7f79eb3204d01b847992c3ab475,True,True,True,True,True,False,Eligible,
ggkooo/hospital-environment-control-api,https://github.com/ggkooo/hospital-environment-control-api,2.0,2025-11-24T12:31:40Z,51862c4b71fc5237d75a469f1d23dd718dee8d9a,True,True,True,True,True,False,Eligible,
XGProyect/XGProyect,https://github.com/XGProyect/XGProyect,12.0,2026-08-01T18:24:09Z,b3971d873f7512c62b4c981f285deb4d109349f4,True,True,True,True,True,False,Eligible,
osteel/laravel-sail-extended,https://github.com/osteel/laravel-sail-extended,5.0,2026-05-26T16:42:44Z,5b91491cbdaae53d47a346465f788eb632a93a83,True,True,True,True,True,True,Not Eligible,Dockerfile present
libaro-io/sendwich,https://github.com/libaro-io/sendwich,6.0,2026-08-12T13:21:18Z,454f8ac0b900ea903d9e99f8b31fe1d5d10837e6,True,True,True,True,True,True,Not Eligible,Dockerfile present
mikebronner/laravel-codespaces-app-template,https://github.com/mikebronner/laravel-codespaces-app-template,4.0,2026-05-05T23:51:21Z,3cc2dd357aea9f7e1d4fe97c570e951a7ed96088,True,True,True,True,True,True,Not Eligible,Dockerfile present
perriee/hello-kids,https://github.com/perriee/hello-kids,5.0,2025-02-10T04:54:20Z,8fec1fff7fe0992d59e6f846fc04396300e22fd8,False,True,True,True,True,False,Not Eligible,Not recently active
opariltay/simple-desk-booking,https://github.com/opariltay/simple-desk-booking,10.0,2026-01-08T09:11:03Z,c4674f4ae583be15eefc08c4abca3a1eeb1879af,True,True,True,True,True,False,Eligible,
Atamyrat2005/Cars,https://github.com/Atamyrat2005/Cars,9.0,2025-06-24T09:11:22Z,cceec1f97b379e5c989b708bf3e78553b62327fb,False,True,True,True,True,False,Not Eligible,Not recently active
huseyn0w/agentic-cms-laravel,https://github.com/huseyn0w/agentic-cms-laravel,15.0,2026-08-09T15:03:35Z,35d31737c3003efc87012263d3f8723145646beb,True,True,True,True,True,True,Not Eligible,Dockerfile present
amezmo/demo.amezmo.com,https://github.com/amezmo/demo.amezmo.com,5.0,2026-09-09T02:44:40Z,7bd4c5c3e64403454f9801f618c72bcec0960880,True,True,True,True,True,False,Eligible,
moonshine-software/moon-vibe,https://github.com/moonshine-software/moon-vibe,79.0,2025-11-26T16:05:55Z,8cf852eccfcd9098b7db059b442b739bb58cf1a2,True,True,True,True,True,True,Not Eligible,Dockerfile present
kvyaceslav/simple-laravel-api,https://github.com/kvyaceslav/simple-laravel-api,39.0,2025-01-09T01:22:23Z,ea7356e589dca66834c96f2074f20397c7beafc8,False,True,True,True,True,False,Not Eligible,Not recently active
RoboJackets/loop,https://github.com/RoboJackets/loop,2.0,2026-09-08T16:34:32Z,bf93717e40d799d9cf7bbd539e2dd0c5d7f1ef8d,True,True,True,False,False,True,Not Eligible,No tests directory; No PHPUnit configuration; Dockerfile present
lubusIN/gymie,https://github.com/lubusIN/gymie,491.0,2026-09-09T07:30:53Z,d7d30bd02a8ff80faa47d9c2ac41ad0600570d84,True,True,True,True,True,False,Eligible,
titustum/customizable-college-website,https://github.com/titustum/customizable-college-website,6.0,2026-09-02T08:28:17Z,b954184928a3b97c639ffa8e6c04d2c6bc9d880f,True,True,True,True,True,False,Eligible,
binarykore/blueflute,https://github.com/binarykore/blueflute,2.0,2026-05-17T19:12:29Z,1942234b76365e75c446c3723bfc95c518ee7f8b,True,True,True,True,True,False,Eligible,
tabacitu/ball-starter-kit,https://github.com/tabacitu/ball-starter-kit,8.0,2026-01-31T00:03:13Z,c4d263e10edd29f54d4ac17ee43e6810e26ef2f5,True,True,True,True,True,False,Eligible,
MohamedElaassal/Teacher-Portfolio,https://github.com/MohamedElaassal/Teacher-Portfolio,2.0,2025-08-22T08:29:36Z,132d42063e34ec38f4f03ebfcb64f0a84e759363,False,True,True,True,True,True,Not Eligible,Not recently active; Dockerfile present
miesaf/Laravel-Passport-Boilerplate,https://github.com/miesaf/Laravel-Passport-Boilerplate,2.0,2026-01-14T09:56:33Z,2b6769b3cd1c8757b42fa4fd6e221b406d180971,True,True,True,True,True,False,Eligible,
tegos/laravel-hierarchical-data,https://github.com/tegos/laravel-hierarchical-data,4.0,2026-06-06T10:46:59Z,12bb89b3ae19add660f1d76c1e7e28c033dbf82a,True,True,True,True,True,True,Not Eligible,Dockerfile present
freescout-help-desk/freescout,https://github.com/freescout-help-desk/freescout,4530.0,2026-09-09T02:21:46Z,3b471b17cfc9aa3f7047241cb34ab91eb1a790c9,True,True,True,True,True,False,Eligible,
abel291/ticket-booking-laravel-react,https://github.com/abel291/ticket-booking-laravel-react,6.0,2026-06-12T09:29:31Z,e95edcd75a84cf0e9d3f185f45679e2d2ef4c559,True,True,True,True,True,False,Eligible,
Thomas-DEV7/finwallet,https://github.com/Thomas-DEV7/finwallet,3.0,2025-03-20T11:53:46Z,99df23166c697132c25ad2ff7fd27342fd494179,False,True,True,True,True,True,Not Eligible,Not recently active; Dockerfile present
laravel-ready/laravel-starter,https://github.com/laravel-ready/laravel-starter,32.0,2025-11-13T01:18:54Z,a52e4d109de6ac97f9cae0398fb785b1b0e95511,True,True,True,True,True,True,Not Eligible,Dockerfile present
realodix/urlhub,https://github.com/realodix/urlhub,541.0,2026-07-12T08:26:28Z,044bc148ab4763b8a9e6597f8fad7f1eed76ff76,True,True,False,True,True,False,Eligible,
trypostit/trypost,https://github.com/trypostit/trypost,600.0,2026-09-10T03:03:29Z,9d80529637e9ca675df4c31aaf7a22190818e3b8,True,True,True,True,True,True,Not Eligible,Dockerfile present
jeffersongoncalves/nativekitv4,https://github.com/jeffersongoncalves/nativekitv4,4.0,2026-09-09T10:46:28Z,2392a0c3e922d8dfb210a6653e18597fba70a179,True,True,True,True,True,False,Eligible,
stats4sd/frn-data-collection-toolkit,https://github.com/stats4sd/frn-data-collection-toolkit,2.0,2025-03-19T12:17:09Z,2009a1803c5413fb36c8544f00a929d4b7e79504,False,True,True,True,True,False,Not Eligible,Not recently active
MostafaHamedAbdelmasoud/Instashop-multi-vendors-ecommerce,https://github.com/MostafaHamedAbdelmasoud/Instashop-multi-vendors-ecommerce,74.0,2026-06-15T21:23:17Z,3a755666574258afdb0b82770881137f303fb02b,True,True,True,True,True,False,Eligible,
r567tw/east,https://github.com/r567tw/east,2.0,2026-09-09T17:23:18Z,723eb091c0ec795b8a42df983d4c6dd6249353cf,True,True,True,True,True,False,Eligible,
spatie/laravel-livewire-wizard-demo-app,https://github.com/spatie/laravel-livewire-wizard-demo-app,83.0,2025-10-08T07:54:55Z,82c119b704188055353f3f668fca0865ddc86ff0,True,True,True,True,True,False,Eligible,
herobot-id/herobot,https://github.com/herobot-id/herobot,82.0,2025-10-18T22:50:43Z,626cea484d373ea9af5ed32d3b78aadcbd7355d9,True,True,True,True,True,True,Not Eligible,Dockerfile present
albixhafa/pickup-soccer,https://github.com/albixhafa/pickup-soccer,2.0,2025-11-06T03:24:36Z,258575a8078ffc38d2cfcec24cbc0aa05c5f12ba,True,True,True,True,True,False,Eligible,
youyingxiang/Discover,https://github.com/youyingxiang/Discover,629.0,2025-01-22T11:11:27Z,c8e129b28594e04dfe3b22efad129539c278d87a,False,True,True,True,True,True,Not Eligible,Not recently active; Dockerfile present
jeffersongoncalves/evolutionkitv5,https://github.com/jeffersongoncalves/evolutionkitv5,4.0,2026-09-06T18:34:16Z,e95a7c31e3a6eea93a2b40a05de7caa70e150f73,True,True,True,True,True,False,Eligible,
hisabi-app/hisabi,https://github.com/hisabi-app/hisabi,456.0,2026-02-15T19:38:57Z,45c7eee4c46592c73099605fa1515680411c9133,True,True,True,True,True,True,Not Eligible,Dockerfile present
1970Mr/todo-app-laravel,https://github.com/1970Mr/todo-app-laravel,3.0,2025-01-06T04:00:45Z,46b5738ac409578e7f65da01315cd8adb0396ffd,False,True,True,True,True,False,Not Eligible,Not recently active
liberusoftware/accounting-erp-laravel,https://github.com/liberusoftware/accounting-erp-laravel,167.0,2026-09-07T18:58:39Z,388755bc7267aded543b0818165338f359ed7ddb,True,True,True,True,True,True,Not Eligible,Dockerfile present
arinawzad/KurdGetway,https://github.com/arinawzad/KurdGetway,5.0,2026-04-28T11:34:28Z,b1d20f2a3ceece583f73122dafe6407c59b12a6d,True,True,True,True,True,False,Eligible,
cp6/my-idlers,https://github.com/cp6/my-idlers,400.0,2026-02-10T05:43:02Z,07bc328fb4bd6004f82ad968f02ebd727c03a799,True,True,True,True,True,True,Not Eligible,Dockerfile present
statamic/statamic,https://github.com/statamic/statamic,833.0,2026-09-08T08:15:50Z,341050105099ead5f0c0db39f5f7d2e7f3239012,True,True,False,True,True,False,Eligible,
spatie/larabank-traditional,https://github.com/spatie/larabank-traditional,31.0,2026-01-31T10:17:35Z,9556637b0e0ac3b62d4788882cac9788a92c5593,True,True,True,True,True,False,Eligible,
laravel/locket,https://github.com/laravel/locket,85.0,2026-09-07T07:45:20Z,2f62623bde7712c51e763f6f7a86477794c69bc0,True,True,True,True,True,False,Eligible,
RoyHridoy/haven-hopper,https://github.com/RoyHridoy/haven-hopper,2.0,2025-08-10T20:02:36Z,9ff4478b70ac912741de16d61c0ef1d916e8c993,False,True,True,True,True,False,Not Eligible,Not recently active
bervProject/LaravelBoilerplate,https://github.com/bervProject/LaravelBoilerplate,2.0,2026-09-02T23:19:07Z,04994b2d373d8c3743dc1b30e76d56ef074c0e14,True,True,True,True,True,False,Eligible,
Genaker/laragento,https://github.com/Genaker/laragento,103.0,2026-08-27T22:20:09Z,543b144471a7614bfdea884606605677a9eaa2b5,True,True,True,True,True,False,Eligible,
pixelfed/pixelfed,https://github.com/pixelfed/pixelfed,7097.0,2026-09-10T14:48:12Z,13255be1399c8ef780d24dcad15662e5921cedc8,True,True,True,True,True,True,Not Eligible,Dockerfile present
manchenkoff/breeze-api,https://github.com/manchenkoff/breeze-api,25.0,2026-03-20T23:56:35Z,6cfe7e26f9268f4e2aaf505e42ebc224e3b46a0f,True,True,True,True,True,False,Eligible,
