project_id,repo_full_name,url,default_branch,latest_sha,stars,license,created_at,updated_at,pushed_at,size_kb,archived,fork,disabled,laravel_classification,artisan,app_dir,bootstrap_dir,config_dir,routes_dir,tests_dir_initial,recent_activity,parsed_pushed_at,tests_directory_present,phpunit_config_present,phpunit_config_file,composer_json_present,composer_lock_present,composer_test_script_present,composer_test_scripts,php_version_constraint,laravel_version_constraint,dockerfile_present,compose_present,compose_files,docker_present,eligible,exclusion_reason,screening_timestamp,github_api_status,language,stars_github,forks_count,open_issues,watchers
P004,innocommerce/innoshop,https://github.com/innocommerce/innoshop,main,52eca74d34639288ad57bf4692e2c6990b6d4a3a,,NOASSERTION,2024-06-22T02:32:33Z,2026-09-15T13:39:51Z,2026-09-14T11:54:52Z,43300,False,False,False,Confirmed Laravel Application,True,True,True,True,True,True,True,2026-09-07T11:53:43+00:00,True,True,phpunit.xml,True,True,False,,^8.3,^13.0,False,False,,False,True,Eligible,2026-09-11T14:06:08.042901+00:00,SUCCESS,PHP,661,193,4,661
P006,HendraGunadie/Buku-Tamu-Laravel,https://github.com/HendraGunadie/Buku-Tamu-Laravel,main,187f1008617dedccb69a4ce81ed986740d49c6d2,,MIT,2025-09-20T03:52:22Z,2026-09-04T19:51:57Z,2025-09-30T04:12:15Z,1184,False,False,False,Confirmed Laravel Application,True,True,True,True,True,True,True,2025-09-30T04:12:15+00:00,True,True,phpunit.xml,True,True,True,"test: ['@php artisan config:clear --ansi', '@php artisan test']",^8.2,^12.0,False,False,,False,True,Eligible,2026-09-11T14:06:11.709413+00:00,SUCCESS,PHP,25,3,0,25
P008,AbdallhElzayat2020/Auth_Authorize_Native,https://github.com/AbdallhElzayat2020/Auth_Authorize_Native,main,9ea55407a0d43ec6e5d749c1977150db21e7237c,,,2025-07-30T11:49:41Z,2025-08-08T15:39:22Z,2025-08-05T04:35:58Z,257,False,False,False,Confirmed Laravel Application,True,True,True,True,True,True,True,2025-08-05T04:35:58+00:00,True,True,phpunit.xml,True,True,True,"test: ['@php artisan config:clear --ansi', '@php artisan test']",^8.2,^12.0,False,False,,False,True,Eligible,2026-09-11T14:06:15.529143+00:00,SUCCESS,PHP,4,0,0,4
P014,ElieRu/quick-cartel,https://github.com/ElieRu/quick-cartel,main,8a61d136d35dea61cfc9106867144f72321af44d,,,2023-08-28T03:36:34Z,2025-12-09T13:51:32Z,2025-12-09T13:51:27Z,4949,False,False,False,Confirmed Laravel Application,True,True,True,True,True,True,True,2025-12-09T13:51:27+00:00,True,True,phpunit.xml,True,True,False,,^8.1,^10.10,False,False,,False,True,Eligible,2026-09-11T14:06:20.457384+00:00,SUCCESS,PHP,2,0,0,2
P022,michaelnjuguna/open-source-hrm,https://github.com/michaelnjuguna/open-source-hrm,main,8f99131e017b25651328ea4c8bb8d3131cc87332,,MIT,2025-05-28T08:36:12Z,2026-07-18T18:17:03Z,2026-01-11T21:11:27Z,2761,False,False,False,Confirmed Laravel Application,True,True,True,True,True,True,True,2026-01-11T21:11:27+00:00,True,True,phpunit.xml,True,True,True,"test: ['@php artisan config:clear --ansi', '@php artisan test']",^8.2,^12.0,False,False,,False,True,Eligible,2026-09-11T14:06:24.463972+00:00,SUCCESS,PHP,32,13,0,32
P024,RyderAsKing/Plicense,https://github.com/RyderAsKing/Plicense,main,73ec633497967a8f78ff1ab762fdaec7e8294127,,MIT,2021-11-13T13:07:35Z,2026-09-06T07:58:22Z,2026-07-18T09:07:54Z,4823,False,False,False,Confirmed Laravel Application,True,True,True,True,True,True,True,2026-07-18T09:07:54+00:00,True,True,phpunit.xml,True,True,True,"test: ['@php artisan config:clear --ansi @no_additional_args', '@php artisan test']",^8.3,^13.0,False,False,,False,True,Eligible,2026-09-11T14:06:28.348652+00:00,SUCCESS,PHP,5,0,0,5
P028,WajdMHeshme/E-Store-Backend,https://github.com/WajdMHeshme/E-Store-Backend,main,53382a9846523db112611d37c9334f1f98f17fa9,,,2026-03-19T13:18:41Z,2026-08-11T17:40:44Z,2026-03-26T18:56:03Z,796,False,False,False,Confirmed Laravel Application,True,True,True,True,True,True,True,2026-03-26T18:56:03+00:00,True,True,phpunit.xml,True,True,True,"test: ['@php artisan config:clear --ansi', '@php artisan test']",^8.2,^12.0,False,False,,False,True,Eligible,2026-09-11T14:06:32.105338+00:00,SUCCESS,PHP,2,0,0,2
P032,electrikmilk/astral-desktop,https://github.com/electrikmilk/astral-desktop,main,f7f74d4007c9a2aa325651929f6a402f93096d71,,MIT,2025-11-24T19:23:42Z,2026-08-04T10:40:57Z,2026-08-03T23:31:06Z,5322,False,False,False,Confirmed Laravel Application,True,True,True,True,True,True,True,2026-08-03T23:31:06+00:00,True,True,phpunit.xml,True,True,False,,^8.1,^10.10,False,False,,False,True,Eligible,2026-09-11T14:06:43.575766+00:00,SUCCESS,PHP,5,0,0,5
P035,WINBIGFOX/TimeScribe,https://github.com/WINBIGFOX/TimeScribe,main,919689f7f147ab30b6b167439bd00612ea52cff8,,GPL-3.0,2025-01-20T19:25:11Z,2026-09-14T23:22:59Z,2026-09-14T20:07:03Z,38036,False,False,False,Confirmed Laravel Application,True,True,True,True,True,True,True,2026-06-02T13:28:40+00:00,True,True,phpunit.xml,True,True,False,,^8.4,^13.12,False,False,,False,True,Eligible,2026-09-11T14:06:47.397886+00:00,SUCCESS,PHP,898,85,28,898
P036,Kareem-Bizreh/E-Commerce_Platform,https://github.com/Kareem-Bizreh/E-Commerce_Platform,main,7fffee8dd991c6499a256afb52c20f5398cb4d48,,,2024-11-24T16:17:14Z,2026-08-01T11:10:24Z,2025-01-24T19:02:43Z,577,False,False,False,Confirmed Laravel Application,True,True,True,True,True,True,True,2025-01-24T19:02:43+00:00,True,True,phpunit.xml,True,True,False,,^8.2,^11.31,False,False,,False,True,Eligible,2026-09-11T14:06:51.274049+00:00,SUCCESS,PHP,6,0,0,6
P038,Omar-Mega-Byte/eCommerce-Laravel,https://github.com/Omar-Mega-Byte/eCommerce-Laravel,main,4627c8e1a3c1dbb4e19eee4a7aa0850102f59574,,,2024-07-02T15:23:37Z,2025-06-07T14:11:27Z,2025-02-24T20:30:40Z,19303,False,False,False,Confirmed Laravel Application,True,True,True,True,True,True,True,2025-02-24T20:30:40+00:00,True,True,phpunit.xml,True,True,False,,^8.2,^11.9,False,False,,False,True,Eligible,2026-09-11T14:06:55.061761+00:00,SUCCESS,PHP,5,0,0,5
P066,maurocasas/fastindex,https://github.com/maurocasas/fastindex,main,8e05f52a045a2a6e0eebd17458eeb725a6c1f04c,,Apache-2.0,2024-09-23T22:05:13Z,2026-08-06T12:38:59Z,2025-02-06T18:21:34Z,1429,False,False,False,Confirmed Laravel Application,True,True,True,True,True,True,True,2025-02-06T18:21:34+00:00,True,True,phpunit.xml,True,True,False,,^8.2,^11.9,False,False,,False,True,Eligible,2026-09-11T14:07:09.315943+00:00,SUCCESS,PHP,110,14,1,110
P074,SjorsO/watchtower,https://github.com/SjorsO/watchtower,main,f867524ec3ada17ae797e0cb594694ae2c5926ae,,,2025-07-29T18:05:53Z,2026-08-15T14:49:42Z,2025-12-20T15:39:34Z,97,False,False,False,Confirmed Laravel Application,True,True,True,True,True,True,True,2025-12-20T15:39:34+00:00,True,True,phpunit.xml,True,True,False,,^8.4,^12.0,False,False,,False,True,Eligible,2026-09-11T14:07:13.136506+00:00,SUCCESS,PHP,20,1,0,20
P085,ProMoath/Gheras-Manager-Back-End,https://github.com/ProMoath/Gheras-Manager-Back-End,main,df66474d5c8e2329b1c890b810041cfa6c6bcbd6,,,2025-12-19T04:57:57Z,2026-09-15T21:46:19Z,2026-09-15T21:46:18Z,1353,False,False,False,Confirmed Laravel Application,True,True,True,True,True,True,True,2026-09-10T04:33:52+00:00,True,True,phpunit.xml,True,True,False,,^8.1,^10.10,False,False,,False,True,Eligible,2026-09-11T14:07:16.372605+00:00,SUCCESS,PHP,2,0,3,2
P086,raflizocky/field-service-management,https://github.com/raflizocky/field-service-management,main,07c17ed8054eb61f3d088ac8f14a7945a174bfa0,,MIT,2025-06-18T12:49:59Z,2026-09-12T12:11:48Z,2025-06-27T11:57:42Z,991,False,False,False,Confirmed Laravel Application,True,True,True,True,True,True,True,2025-06-27T11:57:42+00:00,True,True,phpunit.xml,True,True,True,"test: ['@php artisan config:clear --ansi', '@php artisan test']",^8.2,^12.0,False,False,,False,True,Eligible,2026-09-11T14:07:20.166172+00:00,SUCCESS,PHP,5,1,0,5
P092,jjdejong/phpip,https://github.com/jjdejong/phpip,master,f544ef03b8a9cc143572b52463a07d60a0febf4d,,GPL-3.0,2017-01-12T19:31:15Z,2026-09-11T10:14:59Z,2026-09-11T10:14:54Z,8840,False,False,False,Confirmed Laravel Application,True,True,True,True,True,True,True,2026-07-16T15:35:51+00:00,True,True,phpunit.xml,True,True,False,,^8.3,^13.0,False,False,,False,True,Eligible,2026-09-11T14:07:32.375035+00:00,SUCCESS,PHP,56,29,6,56
P101,mortenebak/tallstarter,https://github.com/mortenebak/tallstarter,main,68ac0331f48905f196f111c0fb4ae83a85c88a9e,,,2025-03-02T09:05:42Z,2026-09-14T01:10:04Z,2026-09-06T10:35:53Z,1609,False,False,False,Confirmed Laravel Application,True,True,True,True,True,True,True,2026-09-06T10:35:53+00:00,True,True,phpunit.xml,True,True,True,test:pest: ./vendor/bin/pest -p | test:pint: ./vendor/bin/pint | test:rector: ./vendor/bin/rector --dry-run | test:static: ./vendor/bin/phpstan analyse --memory-limit=2G,^8.2|^8.3|^8.4|^8.5,^12.2,False,False,,False,True,Eligible,2026-09-11T14:07:42.941144+00:00,SUCCESS,PHP,135,28,24,135
P104,spone12/forum,https://github.com/spone12/forum,master,1e15017184ee8d68bb58fc0662741adef38a4c2f,,,2020-05-05T10:13:50Z,2025-10-04T07:50:49Z,2025-10-04T07:50:45Z,17641,False,False,False,Confirmed Laravel Application,True,True,True,True,True,True,True,2025-10-04T07:50:45+00:00,True,True,phpunit.xml,True,True,False,,^8.1,^10.0,False,False,,False,True,Eligible,2026-09-11T14:07:46.890418+00:00,SUCCESS,PHP,2,0,10,2
P111,engsahaly/laravel_course_level_2,https://github.com/engsahaly/laravel_course_level_2,master,a4d6c75e604ddb43546ed0aa7637939791d1db03,,,2024-03-04T19:58:35Z,2026-06-21T15:10:44Z,2025-01-29T07:46:03Z,454,False,False,False,Confirmed Laravel Application,True,True,True,True,True,True,True,2025-01-29T07:46:03+00:00,True,True,phpunit.xml,True,True,False,,^8.1,^10.10,False,False,,False,True,Eligible,2026-09-11T14:07:50.502384+00:00,SUCCESS,PHP,2,0,0,2
P112,MarcosKlender/Larapark,https://github.com/MarcosKlender/Larapark,main,f890b071754482b18ec573a087c27b1d2c5aa986,,MIT,2023-04-07T03:11:05Z,2025-11-03T15:53:00Z,2025-11-03T15:52:57Z,501,False,False,False,Confirmed Laravel Application,True,True,True,True,True,True,True,2025-11-03T15:52:57+00:00,True,True,phpunit.xml,True,True,False,,^8.1,^10.0,False,False,,False,True,Eligible,2026-09-11T14:07:53.937386+00:00,SUCCESS,PHP,5,2,0,5
P116,cib-Both/Inventory_Management,https://github.com/cib-Both/Inventory_Management,main,8e553298cfc40253915c352e4e1a4454b1bfd4a2,,,2025-02-04T05:32:18Z,2026-01-27T16:42:31Z,2026-06-12T10:39:17Z,1067,False,False,False,Confirmed Laravel Application,True,True,True,True,True,True,True,2026-06-12T10:39:17+00:00,True,True,phpunit.xml,True,True,False,,^8.2,^11.31,False,False,,False,True,Eligible,2026-09-11T14:07:57.318620+00:00,SUCCESS,PHP,2,0,0,2
P138,jamesdordoy/Portfolio,https://github.com/jamesdordoy/Portfolio,master,abaea2a6228d8b6a7721cc9760770bf3de8ab26b,,,2019-01-30T12:37:54Z,2026-09-14T10:31:31Z,2026-09-14T10:31:27Z,38850,False,False,False,Confirmed Laravel Application,True,True,True,True,True,True,True,2026-06-29T13:53:56+00:00,True,True,phpunit.xml,True,True,False,,^8.3|^8.4,^13.15.0,False,False,,False,True,Eligible,2026-09-11T14:08:09.489109+00:00,SUCCESS,PHP,8,1,0,8
P143,SantanuDatta/BookHive,https://github.com/SantanuDatta/BookHive,main,8f8b85b1fd25f0ba89db0bb65f283bc179f933fb,,AGPL-3.0,2024-02-01T06:59:18Z,2026-09-02T04:45:24Z,2026-09-02T04:45:13Z,4387,False,False,False,Confirmed Laravel Application,True,True,True,True,True,True,True,2026-09-02T04:45:13+00:00,True,True,phpunit.xml,True,True,False,,^8.3,^13.30.1,False,False,,False,True,Eligible,2026-09-11T14:08:13.952800+00:00,SUCCESS,PHP,4,4,0,4
P145,Cut0x/forum-php,https://github.com/Cut0x/forum-php,main,cd4df2352fe9537d3a898ba89d76d0387b263161,,NOASSERTION,2026-02-05T17:11:49Z,2026-08-28T18:26:24Z,2026-08-28T19:31:27Z,1091,False,False,False,Confirmed Laravel Application,True,True,True,True,True,True,True,2026-08-28T19:31:27+00:00,True,True,phpunit.xml,True,True,True,"test: ['@php artisan config:clear --ansi @no_additional_args', '@php artisan test']",^8.3,^13.8,False,False,,False,True,Eligible,2026-09-11T14:08:17.710962+00:00,SUCCESS,PHP,2,0,0,2
P147,bubblevy/bubbleclinic,https://github.com/bubblevy/bubbleclinic,main,f78aea6c9f2a72237c3e4f7a141468c46cafa72f,,MIT,2023-11-30T17:12:05Z,2026-06-01T14:01:38Z,2025-12-18T11:15:01Z,4136,False,False,False,Confirmed Laravel Application,True,True,True,True,True,True,True,2025-12-18T11:15:01+00:00,True,True,phpunit.xml,True,True,False,,^8.1,^10.10,False,False,,False,True,Eligible,2026-09-11T14:08:25.564492+00:00,SUCCESS,PHP,50,26,0,50
P161,sprblm/CTFG,https://github.com/sprblm/CTFG,main,dc20e91085a8dfca5e8e88a2c48874957190e49f,,MIT,2021-07-15T18:26:48Z,2026-07-26T12:34:59Z,2025-02-11T23:32:13Z,6172,False,False,False,Confirmed Laravel Application,True,True,True,True,True,True,True,2025-02-11T23:32:13+00:00,True,True,phpunit.xml,True,True,False,,^7.3|^8.0,^9.0,False,False,,False,True,Eligible,2026-09-11T14:08:37.442818+00:00,SUCCESS,PHP,27,8,216,27
P162,NativePHP/nativephp.com,https://github.com/NativePHP/nativephp.com,main,0c1da20fc3cc98accef49dab372a57cbf60ad872,,,2023-06-28T21:10:23Z,2026-09-13T20:10:31Z,2026-09-15T19:09:07Z,23961,False,False,False,Confirmed Laravel Application,True,True,True,True,True,True,True,2026-09-10T15:11:02+00:00,True,True,phpunit.xml,True,True,False,,^8.2,^12.0,False,False,,False,True,Eligible,2026-09-11T14:08:41.287886+00:00,SUCCESS,PHP,341,119,22,341
P164,ploi/roadmap,https://github.com/ploi/roadmap,main,dceeb89707fe5edba301ecb003e0e5c652e3c6b8,,MIT,2022-05-03T07:32:43Z,2026-09-12T05:01:44Z,2026-09-12T05:01:37Z,6171,False,False,False,Confirmed Laravel Application,True,True,True,True,True,True,True,2026-08-06T12:38:49+00:00,True,True,phpunit.xml,True,True,True,test: ['vendor/bin/pest tests/'],^8.2,^12.0,False,False,,False,True,Eligible,2026-09-11T14:08:45.674965+00:00,SUCCESS,PHP,569,119,9,569
P176,javdome/unstyled-blade-starter-kit,https://github.com/javdome/unstyled-blade-starter-kit,master,7ca28a4a2c9373d1e514d0283d573a010ede2e20,,,2025-03-12T15:10:25Z,2026-04-30T04:47:26Z,2025-04-23T06:17:47Z,134,False,False,False,Confirmed Laravel Application,True,True,True,True,True,True,True,2025-04-23T06:17:47+00:00,True,True,phpunit.xml,True,False,False,,^8.2,^12.0,False,False,,False,True,Eligible,2026-09-11T14:09:01.059468+00:00,SUCCESS,PHP,24,1,0,24
P214,agorakit/agorakit,https://github.com/agorakit/agorakit,main,6015f6b07301b418a490da06bb33d7039b797ae2,,AGPL-3.0,2015-07-07T18:12:36Z,2026-09-06T21:00:23Z,2026-02-05T08:07:43Z,15863,False,False,False,Confirmed Laravel Application,True,True,True,True,True,True,True,2026-02-05T08:07:43+00:00,True,True,phpunit.xml,True,True,True,test: vendor/bin/phpunit | test-unit: vendor/bin/phpunit --testsuite Unit | test-int: vendor/bin/phpunit --testsuite Integration | test-e2e: vendor/bin/phpunit --testsuite E2E,^8.2,^11.30,False,False,,False,True,Eligible,2026-09-11T14:09:23.556460+00:00,SUCCESS,PHP,453,101,36,453
P216,theharshkhatri/vendorflow,https://github.com/theharshkhatri/vendorflow,main,a94aacf5afd46c99537502b5990375177e61890c,,,2026-01-15T10:09:01Z,2026-07-21T13:32:26Z,2026-05-13T11:53:55Z,2539,False,False,False,Confirmed Laravel Application,True,True,True,True,True,True,True,2026-05-13T11:53:55+00:00,True,True,phpunit.xml,True,True,True,"test: ['@php artisan config:clear --ansi', '@php artisan test']",^8.2,^12.0,False,False,,False,True,Eligible,2026-09-11T14:09:27.998941+00:00,SUCCESS,PHP,2,2,0,2
P235,cachethq/cachet,https://github.com/cachethq/cachet,3.x,159acd7f73fa52ff6966e5a4175750b26f3f0843,,NOASSERTION,2014-11-16T22:23:11Z,2026-09-15T11:15:06Z,2026-09-07T07:02:35Z,37981,False,False,False,Confirmed Laravel Application,True,True,True,True,True,True,True,2026-09-07T07:02:35+00:00,True,True,phpunit.xml,True,True,True,test: ['@php artisan test'],^8.3,^13.0,False,False,,False,True,Eligible,2026-09-11T14:09:35.665976+00:00,SUCCESS,PHP,15238,1631,7,15238
P251,HolgerHatGarKeineNode/twenty-one-companion,https://github.com/HolgerHatGarKeineNode/twenty-one-companion,master,f1364f0f05742aae18215c9f5813991c7b93f4c6,,MIT,2026-06-11T10:52:31Z,2026-09-11T17:39:53Z,2026-09-11T17:39:48Z,4714,False,False,False,Confirmed Laravel Application,True,True,True,True,True,True,True,2026-09-05T22:04:50+00:00,True,True,phpunit.xml,True,True,True,"test: ['@php artisan config:clear --ansi', '@lint:check', '@types:check', '@php artisan test --parallel'] | test:integration: ['Composer\\Config::disableProcessTimeout', 'php artisan config:clear --ansi && php vendor/bin/pest -c phpunit.integration.xml'] | test:browser: ['Composer\\Config::disableProcessTimeout', 'bash scripts/run-browser.sh'] | test:push-kotlin: ['Composer\\Config::disableProcessTimeout', 'bash scripts/run-push-kotlin.sh'] | test:coverage: ['Composer\\Config::disableProcessTimeout', '@php artisan config:clear --ansi', '@php -d pcov.enabled=1 vendor/bin/pest --coverage --compact'] | test:tia: ['Composer\\Config::disableProcessTimeout', '@php artisan config:clear --ansi', 'php -d pcov.enabled=1 -d pcov.directory=""$(pwd)"" vendor/bin/pest --tia --compact']",^8.4,^13.7,False,False,,False,True,Eligible,2026-09-11T14:09:44.424807+00:00,SUCCESS,PHP,4,0,0,4
P258,adielsh/laravel-vue-vuex-vuerouter-login,https://github.com/adielsh/laravel-vue-vuex-vuerouter-login,master,337f19fee3cbf592804d0fed59d0f2576523871e,,,2017-03-05T08:55:10Z,2026-08-09T14:52:24Z,2026-08-09T14:52:01Z,149,False,False,False,Confirmed Laravel Application,True,True,True,True,True,True,True,2026-08-09T14:52:01+00:00,True,True,phpunit.xml,True,True,False,,>=5.6.4,5.3.*,False,False,,False,True,Eligible,2026-09-11T14:09:48.604896+00:00,SUCCESS,PHP,4,0,0,4
P270,spatie/laravel-passkeys-app,https://github.com/spatie/laravel-passkeys-app,main,0eaf595ae3fe9bf9bd499d343db47017e70bc58f,,,2024-08-26T12:12:08Z,2026-05-26T16:27:47Z,2025-05-12T08:38:05Z,153,False,False,False,Confirmed Laravel Application,True,True,True,True,True,True,True,2025-05-12T08:38:05+00:00,True,True,phpunit.xml,True,True,False,,^8.2,^12.0,False,False,,False,True,Eligible,2026-09-11T14:10:01.179045+00:00,SUCCESS,PHP,30,4,0,30
P287,kyledoesdev/songrank.dev,https://github.com/kyledoesdev/songrank.dev,master,91960f2c20b9cb75c9b1557728f5ea3e5d13916c,,MIT,2023-08-29T05:14:46Z,2026-09-06T15:14:36Z,2026-09-12T16:06:29Z,44460,False,False,False,Confirmed Laravel Application,True,True,True,True,True,True,True,2026-09-10T02:28:46+00:00,True,True,phpunit.xml,True,True,False,,^8.4||^8.5,^13.0,False,False,,False,True,Eligible,2026-09-11T14:10:17.289722+00:00,SUCCESS,PHP,9,3,1,9
P288,anjaraeu/Raki,https://github.com/anjaraeu/Raki,master,a15d025609237053921b35d3d0236c44868c03a0,,AGPL-3.0,2019-05-23T07:39:01Z,2025-05-01T16:31:41Z,2025-05-01T16:31:36Z,7542,False,False,False,Confirmed Laravel Application,True,True,True,True,True,True,True,2025-05-01T16:31:36+00:00,True,True,phpunit.xml,True,True,False,,^8.0.2,^8.0,False,False,,False,True,Eligible,2026-09-11T14:10:23.371602+00:00,SUCCESS,PHP,10,1,26,10
P290,Bijay-Shre-stha/ForumFusion,https://github.com/Bijay-Shre-stha/ForumFusion,main,724b8e1e409ffd7b35a83595b6c84a9baaba2b82,,MIT,2023-12-22T01:37:38Z,2025-10-17T16:16:53Z,2025-09-20T12:10:20Z,3096,False,False,False,Confirmed Laravel Application,True,True,True,True,True,True,True,2025-09-20T12:10:20+00:00,True,True,phpunit.xml,True,True,False,,^8.1,^10.10,False,False,,False,True,Eligible,2026-09-11T14:10:26.748386+00:00,SUCCESS,PHP,2,0,0,2
P295,Nejcc/laravelplus,https://github.com/Nejcc/laravelplus,master,dfdb73c503c38afb3a8045d47d0c67265bfec778,,,2023-02-03T14:02:30Z,2026-09-13T21:47:54Z,2026-09-13T21:47:49Z,47911,False,False,False,Confirmed Laravel Application,True,True,True,True,True,True,True,2025-04-15T21:00:03+00:00,True,True,phpunit.xml,True,False,True,pint:test: ['vendor/bin/pint --test'],^8.2,^12.0,False,False,,False,True,Eligible,2026-09-11T14:10:30.051588+00:00,SUCCESS,PHP,12,4,2,12
P296,abel291/ecommerce-hardware-laravel-inertia-react,https://github.com/abel291/ecommerce-hardware-laravel-inertia-react,main,abada8809edef7095e55bb600c7551156e74574e,,,2024-03-02T19:13:18Z,2026-06-12T08:53:26Z,2026-06-12T08:53:21Z,1229267,False,False,False,Confirmed Laravel Application,True,True,True,True,True,True,True,2026-06-12T08:53:21+00:00,True,True,phpunit.xml,True,True,False,,^8.1,^10.0,False,False,,False,True,Eligible,2026-09-11T14:10:34.298732+00:00,SUCCESS,PHP,9,5,0,9
P297,SallaApp/laravel-starter-kit,https://github.com/SallaApp/laravel-starter-kit,master,1bd62d5aa968f5c6ed741f1fa8cdfecfe8c2e79a,,,2021-11-19T07:54:18Z,2026-08-17T08:13:27Z,2026-09-01T22:31:03Z,1301,False,False,False,Confirmed Laravel Application,True,True,True,True,True,True,True,2026-09-01T22:31:03+00:00,True,True,phpunit.xml,True,True,True,"test: ['@php artisan config:clear --ansi @no_additional_args', '@php artisan test']",^8.3,^13.8,False,False,,False,True,Eligible,2026-09-11T14:10:38.431650+00:00,SUCCESS,PHP,54,29,14,54
P319,ModernPUG/modernpug.org,https://github.com/ModernPUG/modernpug.org,v2,76a41f99755cd11920c32062d0176b9205270793,,MIT,2016-03-18T13:27:13Z,2026-08-21T15:34:04Z,2026-06-23T13:13:56Z,18630,False,False,False,Confirmed Laravel Application,True,True,True,True,True,True,True,2026-06-23T13:13:56+00:00,True,True,phpunit.xml,True,True,True,"test: ['@php artisan optimize --env=testing', '@php artisan db:wipe --env=testing', '@php artisan migrate --seed --env=testing', '@php artisan test --env=testing', '@php artisan config:clear --env=testing']",^8.5,^13.0,False,False,,False,True,Eligible,2026-09-11T14:10:55.477695+00:00,SUCCESS,PHP,25,11,26,25
P326,aungkhant2002/laravel-modular-api-boilerplate,https://github.com/aungkhant2002/laravel-modular-api-boilerplate,main,8a7244b14f9e93b7fc108f80c06961bd4d6c8122,,,2025-12-30T06:42:23Z,2026-07-21T08:26:10Z,2026-01-11T15:25:51Z,195,False,False,False,Confirmed Laravel Application,True,True,True,True,True,True,True,2026-01-11T15:25:51+00:00,True,True,phpunit.xml,True,True,True,"test: ['@php artisan config:clear --ansi', '@php artisan test']",^8.2,^12.0,False,False,,False,True,Eligible,2026-09-11T14:11:04.477157+00:00,SUCCESS,PHP,2,0,0,2
P331,SalahEddine-Ghannouch/Filament-School-Management,https://github.com/SalahEddine-Ghannouch/Filament-School-Management,main,3ccaaf56419136ca41f2bfd13a5bf7fc98023fa3,,,2025-04-27T09:57:54Z,2025-09-28T22:46:20Z,2025-04-27T10:24:24Z,720,False,False,False,Confirmed Laravel Application,True,True,True,True,True,True,True,2025-04-27T10:24:24+00:00,True,True,phpunit.xml,True,True,True,"test: ['@php artisan config:clear --ansi', '@php artisan test']",^8.2,^12.0,False,False,,False,True,Eligible,2026-09-11T14:11:12.806467+00:00,SUCCESS,PHP,5,1,1,5
P332,Roxayl/mondegc,https://github.com/Roxayl/mondegc,main,0e8a3dc029ecde7a99b71a1da5aca39a8cbd5b70,,NOASSERTION,2021-03-18T17:45:46Z,2026-08-09T17:25:40Z,2026-08-09T17:25:34Z,8978,False,False,False,Confirmed Laravel Application,True,True,True,True,True,True,True,2026-08-09T17:25:34+00:00,True,True,phpunit.xml.dist,True,True,False,,^8.1,^10.0,False,False,,False,True,Eligible,2026-09-11T14:11:16.878180+00:00,SUCCESS,PHP,5,2,1,5
P339,orebarranco/filament-ddd-starter,https://github.com/orebarranco/filament-ddd-starter,main,64f20feec67d734bd6632fb44340849860cb3f86,,MIT,2025-02-06T10:24:10Z,2026-09-14T13:09:04Z,2026-09-14T13:09:01Z,2425,False,False,False,Confirmed Laravel Application,True,True,True,True,True,True,True,2026-09-01T10:34:51+00:00,True,True,phpunit.xml,True,True,True,"test:lint: ['rector --dry-run --no-progress-bar', 'pint --parallel --test'] | test:unit: pest --parallel --compact | test: ['@php artisan config:clear --ansi', '@test:unit', '@test:lint']",^8.4,^13.0,False,False,,False,True,Eligible,2026-09-11T14:11:20.984361+00:00,SUCCESS,PHP,2,0,0,2
P346,GuilhermeStracini/POC-GHActions-CI-PHPLaravel,https://github.com/GuilhermeStracini/POC-GHActions-CI-PHPLaravel,main,92b90ab11d7a18dc5cfc277d78b1dc0b438dc508,,MIT,2024-04-13T00:24:29Z,2026-09-10T07:19:55Z,2026-09-11T12:41:21Z,1009,False,False,False,Confirmed Laravel Application,True,True,True,True,True,True,True,2026-09-10T07:20:08+00:00,True,True,phpunit.xml,True,True,False,,^8.2,^12.0,False,False,,False,True,Eligible,2026-09-11T14:11:24.845092+00:00,SUCCESS,PHP,2,0,0,2
P353,jeffersongoncalves/mobilekitv4,https://github.com/jeffersongoncalves/mobilekitv4,main,1c735d3fef5e6c71e9a45ac5f35c8a6dc4859d41,,,2025-07-11T19:59:58Z,2026-09-14T23:36:57Z,2026-09-11T22:24:32Z,19227,False,False,False,Confirmed Laravel Application,True,True,True,True,True,True,True,2026-09-05T23:53:05+00:00,True,True,phpunit.xml,True,True,False,,^8.3,^13.0,False,False,,False,True,Eligible,2026-09-11T14:11:36.024155+00:00,SUCCESS,PHP,15,0,0,15
P356,arifnd/register-dokumen,https://github.com/arifnd/register-dokumen,main,77cbb1a2ecbaa2a6d5b5ae7738c80414dfe803e6,,,2024-01-24T09:16:14Z,2026-07-02T16:06:43Z,2026-01-07T02:16:20Z,2746,False,False,False,Confirmed Laravel Application,True,True,True,True,True,True,True,2026-01-07T02:16:20+00:00,True,True,phpunit.xml,True,True,True,"test: ['@php artisan config:clear --ansi', '@php artisan test']",^8.2,^12.0,False,False,,False,True,Eligible,2026-09-11T14:11:39.856345+00:00,SUCCESS,PHP,7,2,0,7
P357,OgbuaguEmmanuel/laravel_jumpstart,https://github.com/OgbuaguEmmanuel/laravel_jumpstart,main,b6e14caa2b44170d9869526d0f732ad7b8fc5a7e,,,2025-07-22T13:13:12Z,2025-09-08T15:05:04Z,2025-09-08T15:05:00Z,606,False,False,False,Confirmed Laravel Application,True,True,True,True,True,True,True,2025-09-08T15:05:00+00:00,True,True,phpunit.xml,True,True,True,"test: ['@php artisan config:clear --ansi', '@php artisan test']",^8.2,^12.0,False,False,,False,True,Eligible,2026-09-11T14:11:43.459929+00:00,SUCCESS,PHP,2,2,0,2
P362,souravtah/Laravel9-Inertia-ssr-bootstrap5-starter-kit,https://github.com/souravtah/Laravel9-Inertia-ssr-bootstrap5-starter-kit,master,dedc85f9bfbf323e33ce9985463de115302582b6,,,2022-04-03T18:28:25Z,2026-04-16T09:17:55Z,2026-04-16T09:17:54Z,2036,False,False,False,Confirmed Laravel Application,True,True,True,True,True,True,True,2026-04-16T09:17:54+00:00,True,True,phpunit.xml,True,True,False,,^8.0.2,^9.2,False,False,,False,True,Eligible,2026-09-11T14:11:47.557814+00:00,SUCCESS,PHP,18,9,0,18
P366,akhwan90/cat_laravel,https://github.com/akhwan90/cat_laravel,master,68db44d5619e0a29cfb86b49d7ad3c2d8046cb76,,,2023-04-01T15:07:28Z,2025-12-16T16:03:59Z,2025-09-06T09:20:38Z,5840,False,False,False,Confirmed Laravel Application,True,True,True,True,True,True,True,2025-09-06T09:20:38+00:00,True,True,phpunit.xml,True,True,False,,^7.3|^8.0,^8.75,False,False,,False,True,Eligible,2026-09-11T14:11:50.863407+00:00,SUCCESS,PHP,6,2,0,6
P368,montedev0516/WhatsApp-ChatApp,https://github.com/montedev0516/WhatsApp-ChatApp,main,b624b220fe48287209a852bd7d7d9db8f3d3b05b,,,2015-11-28T17:18:44Z,2025-10-01T05:37:52Z,2025-07-24T07:10:19Z,3956,False,False,False,Confirmed Laravel Application,True,True,True,True,True,True,True,2025-07-24T07:10:19+00:00,True,True,phpunit.xml,True,True,False,,^8.1,^10.10,False,False,,False,True,Eligible,2026-09-11T14:11:54.602380+00:00,SUCCESS,PHP,4,1,0,4
P373,mongodb-developer/laravel-movies-retrieval-tutorial,https://github.com/mongodb-developer/laravel-movies-retrieval-tutorial,main,0af57e9aaf0371be1998f674317596b7cfa676ec,,,2025-10-30T00:17:24Z,2026-08-20T12:35:42Z,2026-04-13T17:54:47Z,165,False,False,False,Confirmed Laravel Application,True,True,True,True,True,True,True,2026-04-13T17:54:47+00:00,True,False,,True,True,True,"test: ['@php artisan config:clear --ansi', '@php artisan test']",^8.2,^12.0,False,False,,False,True,Eligible,2026-09-11T14:11:58.652705+00:00,SUCCESS,PHP,2,1,0,2
P389,MahdiAmrollahi/Todo_app_laravel,https://github.com/MahdiAmrollahi/Todo_app_laravel,main,b9582436f3c621e022ed71bdbaed72e0c9f26996,,,2026-05-21T23:20:43Z,2026-09-15T13:26:57Z,2026-05-21T23:21:26Z,74,False,False,False,Confirmed Laravel Application,True,True,True,True,True,True,True,2026-05-21T23:21:26+00:00,True,True,phpunit.xml,True,True,True,"test: ['@php artisan config:clear --ansi @no_additional_args', '@php artisan test']",^8.3,^13.8,False,False,,False,True,Eligible,2026-09-11T14:12:11.123924+00:00,SUCCESS,PHP,3,0,0,3
P394,gitscrum-core/laravel-gitscrum,https://github.com/gitscrum-core/laravel-gitscrum,master,a8bd5d759dbe976596aaf4a982e3afb982e3044c,,MIT,2016-11-18T17:34:36Z,2026-08-31T15:27:43Z,2025-05-14T14:10:03Z,14481,False,False,False,Confirmed Laravel Application,True,True,True,True,True,True,True,2025-05-14T14:10:03+00:00,True,True,phpunit.xml; phpunit.xml.dist,True,True,True,test: phpunit,>=7.1,5.5.*,False,False,,False,True,Eligible,2026-09-11T14:12:15.157250+00:00,SUCCESS,PHP,2909,713,63,2909
P399,piotr-jura-udemy/laravel-vue-spa-course,https://github.com/piotr-jura-udemy/laravel-vue-spa-course,master,afad1ef670ec709178068322c7378892182e70b3,,,2019-10-23T16:14:08Z,2026-08-11T05:25:42Z,2026-07-05T11:48:57Z,1340,False,False,False,Confirmed Laravel Application,True,True,True,True,True,True,True,2026-07-05T11:48:57+00:00,True,True,phpunit.xml,True,True,False,,^7.2,^6.9,False,False,,False,True,Eligible,2026-09-11T14:12:19.385484+00:00,SUCCESS,PHP,111,64,32,111
P405,laradashboard/laradashboard,https://github.com/laradashboard/laradashboard,main,3b615567fa7ad1b3ea8bc481d66a709e6430c00a,,MIT,2020-07-24T17:48:11Z,2026-09-13T20:03:22Z,2026-09-14T06:53:47Z,65715,False,False,False,Confirmed Laravel Application,True,True,True,True,True,True,True,2026-09-06T18:49:05+00:00,True,True,phpunit.xml,True,True,True,"pest: ['./vendor/bin/pest --parallel --testsuite=Unit,Feature,Smoke,Browser && ./vendor/bin/pest --testsuite=Sequential'] | test: ['@pint', '@phpstan', '@type-check', '@pest'] | test:modules: ['@pint:all', '@phpstan', '@pest:modules', '@type-check'] | test-all: ['@pint:all', '@phpstan', '@pest:all', '@type-check']",^8.3|^8.4,^13.0,False,False,,False,True,Eligible,2026-09-11T14:12:23.448372+00:00,SUCCESS,PHP,412,167,0,412
P406,HolgerHatGarKeineNode/einundzwanzig-portal,https://github.com/HolgerHatGarKeineNode/einundzwanzig-portal,master,31702cfc14169ea26ecd1e2432ba32208215a39f,,MIT,2025-11-21T03:26:21Z,2026-09-16T00:27:01Z,2026-09-16T00:26:25Z,10818,False,False,False,Confirmed Laravel Application,True,True,True,True,True,True,True,2026-09-09T17:11:27+00:00,True,True,phpunit.xml,True,True,True,"test:lint: ['pint --parallel --test'] | test: ['Composer\\Config::disableProcessTimeout', '@php artisan config:clear --ansi', '@test:lint', '@putenv PHP_INI_SCAN_DIR=:tests/php.d-runtime', '@php artisan test --fresh']",^8.4,^13.0,False,False,,False,True,Eligible,2026-09-11T14:12:27.777611+00:00,SUCCESS,PHP,6,0,4,6
P414,youssefchlendi/employeesManagmentSystem,https://github.com/youssefchlendi/employeesManagmentSystem,main,3c0f9fe767a953d605e1180510e494d0c2a5baae,,MIT,2022-02-02T16:50:55Z,2026-06-07T23:12:07Z,2025-11-16T20:10:44Z,5797,False,False,False,Confirmed Laravel Application,True,True,True,True,True,True,True,2025-11-16T20:10:44+00:00,True,True,phpunit.xml,True,True,False,,^7.3|^8.0,^8.75,False,False,,False,True,Eligible,2026-09-11T14:12:31.311745+00:00,SUCCESS,PHP,21,0,0,21
P426,aimanyusufw/laravel-warehouse-management-system,https://github.com/aimanyusufw/laravel-warehouse-management-system,main,771dded6754d26825d2bd38ebbed6c07e74292a6,,,2025-06-03T10:23:06Z,2026-07-22T16:33:48Z,2025-12-14T02:01:35Z,1332,False,False,False,Confirmed Laravel Application,True,True,True,True,True,True,True,2025-12-14T02:01:35+00:00,True,True,phpunit.xml,True,True,True,"test: ['@php artisan config:clear --ansi', '@php artisan test']",^8.2,^12.0,False,False,,False,True,Eligible,2026-09-11T14:12:50.000350+00:00,SUCCESS,PHP,5,0,0,5
P435,danihidayatx/tenancy-starterkit,https://github.com/danihidayatx/tenancy-starterkit,main,2e60959c0338d974f05776f6670d00c095596823,,MIT,2026-02-13T10:01:45Z,2026-09-06T11:03:18Z,2026-02-13T11:12:02Z,1495,False,False,False,Confirmed Laravel Application,True,True,True,True,True,True,True,2026-02-13T11:12:02+00:00,True,True,phpunit.xml,True,True,True,"test: ['@php artisan config:clear --ansi', '@php artisan test']",^8.2,^12.0,False,False,,False,True,Eligible,2026-09-11T14:13:01.628362+00:00,SUCCESS,PHP,7,2,0,7
P445,Snevver/SteamGuessr,https://github.com/Snevver/SteamGuessr,development,4caa8cf49173fe35766813e87f8b9c21f55c4670,,MIT,2025-10-02T14:18:43Z,2026-09-07T09:11:03Z,2026-09-07T09:10:54Z,668,False,False,False,Confirmed Laravel Application,True,True,True,True,True,True,True,2026-09-07T09:10:54+00:00,True,True,phpunit.xml,True,True,True,"test: ['@php artisan config:clear --ansi', '@php artisan test']",^8.2,^12.0,False,False,,False,True,Eligible,2026-09-11T14:13:05.074073+00:00,SUCCESS,PHP,2,0,0,2
P446,Aboubakary833/menu-manager,https://github.com/Aboubakary833/menu-manager,main,dd9390a211a51992a3a111c3937859b02b65ba38,,,2023-12-09T13:22:27Z,2026-04-19T00:41:22Z,2025-09-13T07:21:38Z,2327,False,False,False,Confirmed Laravel Application,True,True,True,True,True,True,True,2025-09-13T07:21:38+00:00,True,True,phpunit.xml,True,True,False,,^8.1,^10.38,False,False,,False,True,Eligible,2026-09-11T14:13:08.737578+00:00,SUCCESS,PHP,2,0,2,2
P448,kauffinger/livewire-chat,https://github.com/kauffinger/livewire-chat,main,835a11297be30d39cf7d6c914b9e6a61b3ac9e45,,MIT,2025-05-22T18:39:01Z,2026-08-26T19:37:19Z,2026-02-05T20:44:26Z,943,False,False,False,Confirmed Laravel Application,True,True,True,True,True,True,True,2026-02-05T20:44:26+00:00,True,True,phpunit.xml,True,True,True,"test: ['@php artisan config:clear --ansi', '@php artisan test']",^8.2,^12.0,False,False,,False,True,Eligible,2026-09-11T14:13:13.613338+00:00,SUCCESS,PHP,54,7,1,54
P453,genta-bahana-nagari/sija-kerja,https://github.com/genta-bahana-nagari/sija-kerja,main,859813a628087f9120b0e4b70a64cf59176e2002,,MIT,2025-05-11T07:08:20Z,2026-03-17T14:35:59Z,2026-03-17T14:35:56Z,1050,False,False,False,Confirmed Laravel Application,True,True,True,True,True,True,True,2026-03-17T14:35:56+00:00,True,True,phpunit.xml,True,True,True,"test: ['@php artisan config:clear --ansi', '@php artisan test']",^8.2,^12.0,False,False,,False,True,Eligible,2026-09-11T14:13:17.543034+00:00,SUCCESS,PHP,3,0,0,3
P471,Site-Store-Pro/laravel-ecommerce,https://github.com/Site-Store-Pro/laravel-ecommerce,main,63a39a34c59a7acfb43fef8197c2f6bcffa5f487,,MIT,2026-07-20T23:48:40Z,2026-09-14T03:41:25Z,2026-09-14T03:47:55Z,3630,False,False,False,Confirmed Laravel Application,True,True,True,True,True,True,True,2026-09-08T22:37:53+00:00,True,True,phpunit.xml,True,True,True,"test: ['@php artisan config:clear --ansi', '@php artisan test']",^8.3,^13.0,False,False,,False,True,Eligible,2026-09-11T14:13:22.507997+00:00,SUCCESS,PHP,2,0,0,2
P480,vitoo/jvscript.fr,https://github.com/vitoo/jvscript.fr,production,38b1a166a9dfefb8ab178b87f28e76b3a05dc8b9,,MIT,2017-01-10T09:30:44Z,2026-08-19T13:43:12Z,2026-08-19T13:38:08Z,11655,False,False,False,Confirmed Laravel Application,True,True,True,True,True,True,True,2026-08-19T13:38:08+00:00,True,True,phpunit.xml,True,True,False,,^8.2,^12.0,False,False,,False,True,Eligible,2026-09-11T14:13:33.702904+00:00,SUCCESS,PHP,8,2,0,8
P519,DanielSouza2005/Projeto-Laravel,https://github.com/DanielSouza2005/Projeto-Laravel,main,cec6c60bf031aacde64c04a6ea8291f62df4820e,,GPL-3.0,2022-07-02T01:08:15Z,2025-10-24T09:17:54Z,2025-04-20T15:42:22Z,123,False,False,False,Confirmed Laravel Application,True,True,True,True,True,True,True,2025-04-20T15:42:22+00:00,True,True,phpunit.xml,True,True,False,,^8.0.2,^9.19,False,False,,False,True,Eligible,2026-09-11T14:13:49.318302+00:00,SUCCESS,PHP,4,0,0,4
P527,alihamzahq/laravel-multi-tenant-saas-starter,https://github.com/alihamzahq/laravel-multi-tenant-saas-starter,main,7040645e2a737fafad6aa6dfc820c3d104677b99,,,2025-12-03T19:16:33Z,2026-06-12T09:32:09Z,2026-05-15T12:52:34Z,1318,False,False,False,Confirmed Laravel Application,True,True,True,True,True,True,True,2026-05-15T12:52:34+00:00,True,True,phpunit.xml,True,True,True,"test: ['@php artisan config:clear --ansi', '@php artisan test']",^8.4,^12.0,False,False,,False,True,Eligible,2026-09-11T14:13:57.140703+00:00,SUCCESS,PHP,6,3,0,6
P541,phamhieuit04/vibra-api,https://github.com/phamhieuit04/vibra-api,main,abd3191d726f9d79bc9c422aa16961150bd59e7d,,,2025-05-10T13:59:06Z,2026-05-14T20:03:48Z,2026-05-14T20:03:44Z,186676,False,False,False,Confirmed Laravel Application,True,True,True,True,True,True,True,2026-05-14T20:03:44+00:00,True,True,phpunit.xml,True,True,False,,^8.1,^10.10,False,False,,False,True,Eligible,2026-09-11T14:14:01.502295+00:00,SUCCESS,PHP,4,1,0,4
P547,filakitphp/basev4,https://github.com/filakitphp/basev4,main,300f9a8c197f25cd84bcbe755fb24b3c15e9067f,,MIT,2025-06-04T10:42:06Z,2026-09-09T12:26:37Z,2026-09-09T12:22:19Z,5482,False,False,False,Confirmed Laravel Application,True,True,True,True,True,True,True,2026-09-09T12:22:19+00:00,True,True,phpunit.xml,True,True,False,,^8.3,^13.0,False,False,,False,True,Eligible,2026-09-11T14:14:06.319721+00:00,SUCCESS,PHP,4,0,0,4
P548,rzkjanuarr/absensi_pegawai,https://github.com/rzkjanuarr/absensi_pegawai,master,31ae706c863969360c6f070fb760078c4148b152,,,2025-05-21T11:44:03Z,2026-07-01T17:45:30Z,2025-07-13T02:57:59Z,1435,False,False,False,Confirmed Laravel Application,True,True,True,True,True,True,True,2025-07-13T02:57:59+00:00,True,True,phpunit.xml,True,True,False,,^8.2,^11.31,False,False,,False,True,Eligible,2026-09-11T14:14:10.066334+00:00,SUCCESS,PHP,35,13,1,35
P549,BekaMan95/Lara-Mail,https://github.com/BekaMan95/Lara-Mail,main,3f757348fbbc06b622d743fc9e25620b83f05f16,,,2024-12-13T13:09:49Z,2025-10-26T10:36:55Z,2025-05-09T12:53:54Z,679,False,False,False,Confirmed Laravel Application,True,True,True,True,True,True,True,2025-05-09T12:53:54+00:00,True,True,phpunit.xml,True,True,False,,^8.2,^11.31,False,False,,False,True,Eligible,2026-09-11T14:14:13.471762+00:00,SUCCESS,PHP,2,0,0,2
P557,cbouvat/oasso,https://github.com/cbouvat/oasso,main,d333f8f8bc5b271c09334632beb72e97d4487e52,,MIT,2018-08-06T07:18:33Z,2026-09-03T23:31:50Z,2025-03-11T07:46:35Z,5444,False,False,False,Confirmed Laravel Application,True,True,True,True,True,True,True,2025-03-11T07:46:35+00:00,True,True,phpunit.xml,True,True,False,,^8.1,^10.10,False,False,,False,True,Eligible,2026-09-11T14:14:23.267341+00:00,SUCCESS,PHP,25,12,35,25
P567,NziCode/stone-commerce-platform,https://github.com/NziCode/stone-commerce-platform,main,19a23eba5f64f8761a5a8f3510fa0acb7364a885,,,2026-06-02T12:31:27Z,2026-09-06T04:14:33Z,2026-09-06T04:14:28Z,7014,False,False,False,Confirmed Laravel Application,True,True,True,True,True,True,True,2026-09-06T04:14:28+00:00,True,True,phpunit.xml,True,True,False,,^8.2,^11.31,False,False,,False,True,Eligible,2026-09-11T14:14:31.436590+00:00,SUCCESS,PHP,2,0,0,2
P571,MGeurts/laravel-11-bootstrap-5,https://github.com/MGeurts/laravel-11-bootstrap-5,master,b509b903d3147ba1342dd9a0cc873806d8bc9904,,MIT,2023-03-10T13:02:22Z,2026-03-30T18:54:42Z,2026-03-30T18:54:38Z,501,False,False,False,Confirmed Laravel Application,True,True,True,True,True,True,True,2026-03-30T18:54:38+00:00,True,True,phpunit.xml,True,True,False,,^8.2,^11.0,False,False,,False,True,Eligible,2026-09-11T14:14:39.047478+00:00,SUCCESS,PHP,17,8,0,17
P574,aicwebtech/biblesupersearch_api,https://github.com/aicwebtech/biblesupersearch_api,develop,97da72bb0a53fa179e0f3dab5fc6383563a685d2,,GPL-3.0,2020-02-12T03:10:34Z,2026-09-07T16:30:40Z,2026-09-16T04:30:56Z,249514,False,False,False,Confirmed Laravel Application,True,True,True,True,True,True,True,2026-09-10T15:27:20+00:00,True,True,phpunit.xml,True,True,True,test: phpunit,>=8.2.0,^12.0,False,False,,False,True,Eligible,2026-09-11T14:14:42.896256+00:00,SUCCESS,PHP,8,3,6,8
P575,padosoft/laravel-ai-chat,https://github.com/padosoft/laravel-ai-chat,main,f7fbbe4efed4a4b7b97b98c54519cb4e9bbf1bf1,,Apache-2.0,2026-05-01T19:37:43Z,2026-07-24T14:01:23Z,2026-09-10T07:13:44Z,811,False,False,False,Confirmed Laravel Application,True,True,True,True,True,True,True,2026-09-10T07:13:44+00:00,True,True,phpunit.xml,True,True,True,"test: ['@php artisan config:clear --ansi', '@php artisan test']",^8.4,^13.0,False,False,,False,True,Eligible,2026-09-11T14:14:46.675756+00:00,SUCCESS,PHP,2,0,3,2
P576,Mohammad-Al-Bast/EDUadmin-backend,https://github.com/Mohammad-Al-Bast/EDUadmin-backend,main,3cc46da9baa2cf325c39f7acfbfb07405fe0da15,,,2025-07-30T20:05:45Z,2026-02-16T13:14:04Z,2026-02-16T13:14:00Z,266,False,False,False,Confirmed Laravel Application,True,True,True,True,True,True,True,2026-02-16T13:14:00+00:00,True,True,phpunit.xml,True,True,True,"test: ['@php artisan config:clear --ansi', '@php artisan test']",^8.2,^12.0,False,False,,False,True,Eligible,2026-09-11T14:14:51.422284+00:00,SUCCESS,PHP,2,0,0,2
P585,kevin-dev31/ShadowCamp,https://github.com/kevin-dev31/ShadowCamp,main,1ceda1d7cef25e9f800a4a6233410357f7921c81,,NOASSERTION,2025-03-05T18:28:56Z,2025-03-31T12:41:41Z,2025-03-05T18:53:28Z,2096,False,False,False,Confirmed Laravel Application,True,True,True,True,True,True,True,2025-03-05T18:53:28+00:00,True,True,phpunit.xml,True,True,False,,^8.1,^10.10,False,False,,False,True,Eligible,2026-09-11T14:14:54.872119+00:00,SUCCESS,PHP,10,0,0,10
P593,sensasi-apps/sensasi-logistic,https://github.com/sensasi-apps/sensasi-logistic,main,21e6e056ab3ac5b14269001bd959fa030a70d7ab,,MIT,2022-10-31T19:14:36Z,2024-09-20T03:17:26Z,2025-04-06T20:55:38Z,13604,False,False,False,Confirmed Laravel Application,True,True,True,True,True,True,True,2025-04-06T20:55:38+00:00,True,True,phpunit.xml,True,True,False,,^8.0.2,^9.19,False,False,,False,True,Eligible,2026-09-11T14:14:59.216226+00:00,SUCCESS,PHP,4,5,21,4
P604,AbdullahShublaq/CHATash,https://github.com/AbdullahShublaq/CHATash,master,ead6c56b14cecc199a3577d8cef828087dbc81a9,,,2020-09-16T19:16:50Z,2026-09-06T09:20:14Z,2026-09-15T20:43:23Z,1455,False,False,False,Confirmed Laravel Application,True,True,True,True,True,True,True,2026-09-06T09:20:11+00:00,True,True,phpunit.xml,True,True,False,,^7.2.5,^7.24,False,False,,False,True,Eligible,2026-09-11T14:15:02.810733+00:00,SUCCESS,PHP,2,0,0,2
P606,mviniciusca/warriorfolio,https://github.com/mviniciusca/warriorfolio,main,5da21a770934e4384eaad1b43f3791eafb33d237,,MIT,2022-03-06T13:04:01Z,2026-08-31T13:43:20Z,2026-03-22T23:53:37Z,92514,False,False,False,Confirmed Laravel Application,True,True,True,True,True,True,True,2026-03-22T23:53:37+00:00,True,True,phpunit.xml,True,True,False,,^8.2,^11.44.0,False,False,,False,True,Eligible,2026-09-11T14:15:09.923543+00:00,SUCCESS,PHP,63,15,0,63
P627,tighten/novapackages,https://github.com/tighten/novapackages,main,3acca7a50bdcf790fa305f6d56cbea3a5dcb2a93,,,2020-01-27T14:20:06Z,2026-07-04T22:46:01Z,2026-09-15T16:46:12Z,10979,False,False,False,Confirmed Laravel Application,True,True,True,True,True,True,True,2026-09-08T16:54:39+00:00,True,True,phpunit.xml,True,True,True,"test: ['@php artisan config:clear --ansi', '@php artisan test']",^8.3,^13.4,False,False,,False,True,Eligible,2026-09-11T14:15:18.256876+00:00,SUCCESS,PHP,337,64,11,337
P639,Hi-Folks/gh-actions-yaml-generator,https://github.com/Hi-Folks/gh-actions-yaml-generator,develop,069330ae804e0f722980816f52b1948af51146bd,,MIT,2021-01-02T11:07:36Z,2026-09-15T03:07:53Z,2025-08-03T17:26:52Z,3849,False,False,False,Confirmed Laravel Application,True,True,True,True,True,True,True,2025-08-03T17:26:52+00:00,True,True,phpunit.xml,True,True,True,test: pest --order-by random,^8.2|^8.3,^11.0,False,False,,False,True,Eligible,2026-09-11T14:15:30.627392+00:00,SUCCESS,PHP,332,38,2,332
P660,Bangkah/ABSENSI-KARYAWAN,https://github.com/Bangkah/ABSENSI-KARYAWAN,main,02bb408a08bf807bea1dedaff6dc7ebb4d289c3c,,MIT,2025-07-14T20:20:30Z,2026-07-21T20:10:54Z,2025-09-06T05:13:23Z,840,False,False,False,Confirmed Laravel Application,True,True,True,True,True,True,True,2025-09-06T05:13:23+00:00,True,True,phpunit.xml,True,True,False,,^8.0.2,^9.11,False,False,,False,True,Eligible,2026-09-11T14:15:39.257374+00:00,SUCCESS,PHP,16,1,0,16
P664,LuisAPI/BASA-Chatbot,https://github.com/LuisAPI/BASA-Chatbot,main,eeba154581babad7da456e5ee5c960f578d557fa,,,2025-07-15T01:24:06Z,2026-04-09T03:14:21Z,2026-09-12T16:17:21Z,26655,False,False,False,Confirmed Laravel Application,True,True,True,True,True,True,True,2026-09-08T22:15:10+00:00,True,True,phpunit.xml,True,True,True,"test: ['@php artisan config:clear --ansi', '@php artisan test']",^8.2,^12.0,False,False,,False,True,Eligible,2026-09-11T14:15:43.148031+00:00,SUCCESS,PHP,2,0,55,2
P665,mikeu-dev/lahan-cerdas,https://github.com/mikeu-dev/lahan-cerdas,main,c4e4c0bb9ac42257ed79a94af367a2a979786d1c,,,2025-09-14T15:08:06Z,2026-05-13T03:29:43Z,2025-12-08T15:16:11Z,2099,False,False,False,Confirmed Laravel Application,True,True,True,True,True,True,True,2025-12-08T15:16:11+00:00,True,True,phpunit.xml,True,True,True,"test: ['@php artisan config:clear --ansi', '@php artisan test']",^8.2,^12.0,False,False,,False,True,Eligible,2026-09-11T14:15:46.624306+00:00,SUCCESS,PHP,2,0,0,2
P673,JHWelch/ChoreManager,https://github.com/JHWelch/ChoreManager,main,7be49e636e2cfe46cb9dd76e03f5b75a360521c0,,GPL-2.0,2021-01-29T03:27:33Z,2025-08-06T23:38:51Z,2026-01-31T00:25:11Z,6173,False,False,False,Confirmed Laravel Application,True,True,True,True,True,True,True,2026-01-31T00:25:11+00:00,True,True,phpunit.xml,True,True,True,"test:lint: pint --test | test:psr4: composer dump-autoload --no-scripts --no-interaction 2>&1 | grep 'does not comply with psr-4' || exit 0; exit 1 | test:types: phpstan analyse --ansi --memory-limit=-1 | test:unit: pest -p | test: ['@test:lint', '@test:types', '@test:unit']",^8.2,^11.20,False,False,,False,True,Eligible,2026-09-11T14:15:51.232604+00:00,SUCCESS,PHP,9,1,13,9
P678,AlbertoBarrago/tasks-manager,https://github.com/AlbertoBarrago/tasks-manager,main,bdb297d8bbb225b07237e1a50928000fa6d327ca,,,2025-06-04T12:36:35Z,2026-05-27T06:33:49Z,2025-07-09T09:06:53Z,562,False,False,False,Confirmed Laravel Application,True,True,True,True,True,True,True,2025-07-09T09:06:53+00:00,True,True,phpunit.xml,True,True,True,"test: ['@php artisan config:clear --ansi', '@php artisan test']",^8.2,^12.0,False,False,,False,True,Eligible,2026-09-11T14:15:54.994109+00:00,SUCCESS,PHP,2,0,0,2
P679,solutionforest/Watchdog,https://github.com/solutionforest/Watchdog,main,2a0879744e4bb1aa0c0f827bedb117dc2ef3defe,,,2024-05-01T16:00:52Z,2026-09-14T23:21:46Z,2026-04-29T10:05:13Z,155,False,False,False,Confirmed Laravel Application,True,True,True,True,True,True,True,2026-04-29T10:05:13+00:00,True,True,phpunit.xml,True,True,False,,^8.1,^10.10,False,False,,False,True,Eligible,2026-09-11T14:15:59.031071+00:00,SUCCESS,PHP,16,7,0,16
P681,dharmendraone/user-task-laravel,https://github.com/dharmendraone/user-task-laravel,second-branch,b142483de4133fc95de230ebd8f8b11e0acfa748,,,2024-10-06T20:51:47Z,2026-07-04T16:19:55Z,2026-07-04T16:15:43Z,91,False,False,False,Confirmed Laravel Application,True,True,True,True,True,True,True,2026-07-04T16:15:43+00:00,True,True,phpunit.xml,True,True,False,,^8.2,^11.9,False,False,,False,True,Eligible,2026-09-11T14:16:06.821688+00:00,SUCCESS,PHP,3,3,0,3
P688,404NotFoundIndonesia/raktrek,https://github.com/404NotFoundIndonesia/raktrek,main,e00aa117fe3f702e443c396fb2174395e9e23961,,MIT,2023-08-24T14:09:44Z,2026-05-13T23:21:18Z,2026-05-13T23:21:15Z,3603,False,False,False,Confirmed Laravel Application,True,True,True,True,True,True,True,2026-05-13T23:21:15+00:00,True,True,phpunit.xml,True,True,False,,^8.1,^10.10,False,False,,False,True,Eligible,2026-09-11T14:16:18.973402+00:00,SUCCESS,PHP,2,0,0,2
P731,NaufalArdian12/eduApp-API,https://github.com/NaufalArdian12/eduApp-API,master,44f6d0c33ea7f77a353d4d5bc2eceebe8638b07a,,,2025-11-05T12:34:34Z,2025-12-15T15:21:58Z,2025-12-15T15:21:54Z,2198,False,False,False,Confirmed Laravel Application,True,True,True,True,True,True,True,2025-12-15T15:21:54+00:00,True,True,phpunit.xml,True,True,True,"test: ['@php artisan config:clear --ansi', '@php artisan test']",^8.2,^12.0,False,False,,False,True,Eligible,2026-09-11T14:16:35.001234+00:00,SUCCESS,PHP,2,0,0,2
P752,Archanaub04/Laravel-React-E-Commerce,https://github.com/Archanaub04/Laravel-React-E-Commerce,master,40de590effeb5af19c8981918df1f873a9440344,,,2025-03-30T06:42:23Z,2026-08-20T15:22:19Z,2026-05-21T09:54:23Z,10974,False,False,False,Confirmed Laravel Application,True,True,True,True,True,True,True,2026-05-21T09:54:23+00:00,True,True,phpunit.xml,True,True,False,,^8.2,^12.0,False,False,,False,True,Eligible,2026-09-11T14:16:54.590789+00:00,SUCCESS,PHP,3,1,1,3
P756,MuhammedMSalama/ChatMessage,https://github.com/MuhammedMSalama/ChatMessage,main,839f3ff2ebcb09b2daf779f6cb0b9e62b7d661de,,MIT,2025-03-28T01:50:46Z,2026-03-29T16:40:41Z,2026-03-27T15:03:39Z,376,False,False,False,Confirmed Laravel Application,True,True,True,True,True,True,True,2026-03-27T15:03:39+00:00,True,True,phpunit.xml,True,True,False,,^8.2,^11.31,False,False,,False,True,Eligible,2026-09-11T14:16:58.502247+00:00,SUCCESS,PHP,22,10,1,22
P770,lopadova/AskMyDocs,https://github.com/lopadova/AskMyDocs,main,b20420a32d9d022b9eff50ef642a2a4af49dc497,,MIT,2026-04-16T17:13:58Z,2026-09-12T23:57:33Z,2026-09-16T06:23:35Z,27832,False,False,False,Confirmed Laravel Application,True,True,True,True,True,True,True,2026-09-10T10:05:49+00:00,True,True,phpunit.xml,True,True,False,,^8.3,^13.0,False,False,,False,True,Eligible,2026-09-11T14:17:10.408355+00:00,SUCCESS,PHP,9,0,6,9
P772,Devnawjesh/hr-payroll,https://github.com/Devnawjesh/hr-payroll,main,a04a017c6f743d14cb6e6cf534a2561975f6d9d3,,,2019-02-11T23:27:26Z,2026-09-15T04:24:18Z,2026-08-16T16:56:22Z,23546,False,False,False,Confirmed Laravel Application,True,True,True,True,True,True,True,2026-08-16T16:56:22+00:00,True,True,phpunit.xml,True,True,True,"test: ['@php artisan config:clear --ansi', '@php artisan test']",^8.2,^12.0,False,False,,False,True,Eligible,2026-09-11T14:17:14.205419+00:00,SUCCESS,PHP,293,172,20,293
P778,Abdelhakim-Baalla/HackGo,https://github.com/Abdelhakim-Baalla/HackGo,main,1ffbff0d5ee4449923f1cee339023e90a81fd8fe,,,2025-03-17T10:27:31Z,2026-01-02T22:04:02Z,2025-03-27T22:50:30Z,363,False,False,False,Confirmed Laravel Application,True,True,True,True,True,True,True,2025-03-27T22:50:30+00:00,True,True,phpunit.xml,True,True,False,,^8.0,^9.0,False,False,,False,True,Eligible,2026-09-11T14:17:18.087638+00:00,SUCCESS,PHP,4,0,0,4
P794,SameOldNick/SameOldWebsite,https://github.com/SameOldNick/SameOldWebsite,main,a4eb48259d917d3ddabd3a78408768a7796c61ca,,MIT,2023-08-29T04:42:14Z,2026-09-15T06:51:14Z,2026-09-15T06:51:17Z,8402,False,False,False,Confirmed Laravel Application,True,True,True,True,True,True,True,2026-09-08T04:31:43+00:00,True,True,phpunit.xml,True,False,False,,^8.2,^12.0,False,False,,False,True,Eligible,2026-09-11T14:17:25.706651+00:00,SUCCESS,PHP,8,5,16,8
P799,jeffersongoncalves/nativekit,https://github.com/jeffersongoncalves/nativekit,main,c173297d0be1f5599b9b6764f18cb0de92ab077e,,,2025-07-09T19:55:12Z,2026-09-10T00:04:40Z,2026-09-10T00:04:29Z,4569,False,False,False,Confirmed Laravel Application,True,True,True,True,True,True,True,2026-09-10T00:04:29+00:00,True,True,phpunit.xml,True,True,False,,^8.3,^13.0,False,False,,False,True,Eligible,2026-09-11T14:17:29.384946+00:00,SUCCESS,PHP,2,0,0,2
P826,goldcoders-corp/vuetified,https://github.com/goldcoders-corp/vuetified,main,1c3be8e37c8e68e9fea13def8f450fde9734b0b8,,MIT,2017-07-26T13:15:14Z,2026-01-08T09:14:16Z,2025-01-14T08:09:41Z,26301,False,False,False,Confirmed Laravel Application,True,True,True,True,True,True,True,2025-01-14T08:09:41+00:00,True,True,phpunit.xml,True,True,False,,^8.0,^8.12,False,False,,False,True,Eligible,2026-09-11T14:17:38.182200+00:00,SUCCESS,PHP,376,80,45,376
P835,kwkuh/domain-marketplace,https://github.com/kwkuh/domain-marketplace,main,557b727ca42e7e06e4a1d116ad3f1a2e638d7090,,MIT,2025-01-07T09:28:44Z,2026-09-06T03:27:48Z,2026-08-01T14:26:19Z,1942,False,False,False,Confirmed Laravel Application,True,True,True,True,True,True,True,2026-08-01T14:26:19+00:00,True,True,phpunit.xml,True,True,True,"test: ['@php artisan config:clear --ansi @no_additional_args', '@php artisan test']",^8.3,^13.8,False,False,,False,True,Eligible,2026-09-11T14:17:41.949215+00:00,SUCCESS,PHP,3,0,8,3
P836,ooaoJ/interscore,https://github.com/ooaoJ/interscore,main,966a8e39e2163afa76d37dffd3d4a1788ffaf626,,,2026-06-22T18:00:29Z,2026-06-26T18:58:49Z,2026-06-26T18:58:45Z,2863,False,False,False,Confirmed Laravel Application,True,True,True,True,True,True,True,2026-06-26T18:58:45+00:00,True,True,phpunit.xml,True,True,True,"test: ['@php artisan config:clear --ansi @no_additional_args', '@php artisan test']",^8.3,^13.8,False,False,,False,True,Eligible,2026-09-11T14:17:45.947800+00:00,SUCCESS,PHP,2,0,0,2
P857,Reaper1994/supermarket-checkout,https://github.com/Reaper1994/supermarket-checkout,main,a8b5d1a3822b9f515192e048833aa41b63d67ef8,,MIT,2024-07-17T21:54:50Z,2025-07-31T11:08:18Z,2025-04-17T22:34:41Z,225,False,False,False,Confirmed Laravel Application,True,True,True,True,True,True,True,2025-04-17T22:34:41+00:00,True,True,phpunit.xml,True,True,False,,^8.2,^11.9,False,False,,False,True,Eligible,2026-09-11T14:18:09.291297+00:00,SUCCESS,PHP,2,0,0,2
P866,engsahaly/laravel_course_level_2_starter_repo,https://github.com/engsahaly/laravel_course_level_2_starter_repo,master,654af175d4d498e740e23c514630aa756d150a91,,,2024-03-04T04:55:46Z,2026-06-21T15:10:12Z,2025-01-29T07:46:21Z,145,False,False,False,Confirmed Laravel Application,True,True,True,True,True,True,True,2025-01-29T07:46:21+00:00,True,True,phpunit.xml,True,True,False,,^8.1,^10.10,False,False,,False,True,Eligible,2026-09-11T14:18:17.339676+00:00,SUCCESS,PHP,3,0,0,3
P868,basirkhan12/Graphic-and-banner-designing-app-fabricjs,https://github.com/basirkhan12/Graphic-and-banner-designing-app-fabricjs,master,62c9626fe93bb2d32ef5df82870e9ab09e85c514,,,2021-08-24T07:45:45Z,2026-07-19T15:37:34Z,2026-04-03T09:53:37Z,9626,False,False,False,Confirmed Laravel Application,True,True,True,True,True,True,True,2026-04-03T09:53:37+00:00,True,True,phpunit.xml,True,True,False,,^7.3|^8.0,^8.12,False,False,,False,True,Eligible,2026-09-11T14:18:21.674015+00:00,SUCCESS,PHP,6,2,27,6
P875,icaluwu/Project-Absence-Laravel,https://github.com/icaluwu/Project-Absence-Laravel,main,97ac55cdbc63e8aff460929791453a1e90a7b4ac,,MIT,2025-08-22T10:52:57Z,2026-02-03T22:48:29Z,2025-08-26T02:19:02Z,592,False,False,False,Confirmed Laravel Application,True,True,True,True,True,True,True,2025-08-26T02:19:02+00:00,True,True,phpunit.xml,True,True,True,"test: ['@php artisan config:clear --ansi', '@php artisan test']",^8.2,^12.0,False,False,,False,True,Eligible,2026-09-11T14:18:33.226656+00:00,SUCCESS,PHP,2,0,0,2
P880,imamsudarajat04/app-rtv2,https://github.com/imamsudarajat04/app-rtv2,main,29b5b09d27c71a11b7a78c174918bd7545a74250,,,2022-03-02T10:39:06Z,2025-09-17T17:35:59Z,2025-09-17T17:35:55Z,30855,False,False,False,Confirmed Laravel Application,True,True,True,True,True,True,True,2025-09-17T17:35:55+00:00,True,True,phpunit.xml,True,True,False,,^7.2.5|^8.0,^7.29,False,False,,False,True,Eligible,2026-09-11T14:18:36.864765+00:00,SUCCESS,PHP,9,2,0,9
P885,JoanGarfias/curvex,https://github.com/JoanGarfias/curvex,main,021da86f626c33561609d02eec30d495422dab7d,,,2025-10-22T05:26:39Z,2026-06-24T06:19:25Z,2026-01-23T17:29:10Z,632,False,False,False,Confirmed Laravel Application,True,True,True,True,True,True,True,2026-01-23T17:29:10+00:00,True,True,phpunit.xml,True,True,True,"test: ['@php artisan config:clear --ansi', '@php artisan test']",^8.2,^12.0,False,False,,False,True,Eligible,2026-09-11T14:18:44.374879+00:00,SUCCESS,PHP,2,0,0,2
P889,itsLeonB/rekam-medis-elektronik,https://github.com/itsLeonB/rekam-medis-elektronik,master,a27fcf37e876cd158eee8db958e9ef14ea4ba026,,NOASSERTION,2023-08-02T16:06:08Z,2026-07-29T05:16:35Z,2025-01-08T02:06:07Z,88387,False,False,False,Confirmed Laravel Application,True,True,True,True,True,True,True,2025-01-08T02:06:07+00:00,True,True,phpunit.xml,True,True,False,,^8.1,^10.10,False,False,,False,True,Eligible,2026-09-11T14:18:47.811470+00:00,SUCCESS,PHP,37,12,0,37
P891,VirajMadhu/LaraPm,https://github.com/VirajMadhu/LaraPm,main,f735a705c8118f9db65d23508b0394985219e9fa,,MIT,2025-01-08T12:17:40Z,2025-03-05T11:49:47Z,2025-01-10T02:03:21Z,16300,False,False,False,Confirmed Laravel Application,True,True,True,True,True,True,True,2025-01-10T02:03:21+00:00,True,True,phpunit.xml,True,True,False,,^8.2.0,^10.0,False,False,,False,True,Eligible,2026-09-11T14:18:52.936823+00:00,SUCCESS,PHP,2,0,0,2
P900,AlwaysCuriousCo/package-pipeline,https://github.com/AlwaysCuriousCo/package-pipeline,main,e2aae2a504b23e35b161c31a3d0b68a0fdb7f5ef,,MIT,2026-08-03T18:13:29Z,2026-09-14T23:15:52Z,2026-09-14T23:16:08Z,5179,False,False,False,Confirmed Laravel Application,True,True,True,True,True,True,True,2026-09-03T13:38:56+00:00,True,True,phpunit.xml,True,True,True,"test: ['@php artisan config:clear --ansi @no_additional_args', '@php artisan test']",^8.3,^13.17,False,False,,False,True,Eligible,2026-09-11T14:18:57.235795+00:00,SUCCESS,PHP,47,43,1,47
P919,laravel-shift/laravel-5.7,https://github.com/laravel-shift/laravel-5.7,master,3cd203f089f8e11e0d555eae74999a8c7273361c,,,2018-08-27T16:21:55Z,2026-03-15T18:38:18Z,2026-03-15T18:38:14Z,266,False,False,False,Confirmed Laravel Application,True,True,True,True,True,True,True,2026-03-15T18:38:14+00:00,True,True,phpunit.xml,True,False,False,,^7.1.3,5.7.*,False,False,,False,True,Eligible,2026-09-11T14:19:00.262432+00:00,SUCCESS,PHP,5,31,0,5
P920,benjamincrozat/blog-v5,https://github.com/benjamincrozat/blog-v5,main,68aaa9cde0abf8eeb8c8dce1f675c60c988510ad,,,2025-02-08T11:20:04Z,2026-09-13T09:23:01Z,2026-09-04T16:36:08Z,10887,False,False,False,Confirmed Laravel Application,True,True,True,True,True,True,True,2026-09-04T16:36:08+00:00,True,True,phpunit.xml.dist,True,True,True,"test: ['@php artisan config:clear --ansi @no_additional_args', '@php artisan test']",^8.4,^13.0,False,False,,False,True,Eligible,2026-09-11T14:19:03.802999+00:00,SUCCESS,PHP,135,41,2,135
P921,vpatel95/MesApp,https://github.com/vpatel95/MesApp,master,11888e372ad219a9de58b257d3e44bc197a0bb19,,,2017-10-06T09:46:31Z,2026-03-21T11:16:13Z,2025-03-10T05:56:41Z,1029,False,False,False,Confirmed Laravel Application,True,True,True,True,True,True,True,2025-03-10T05:56:41+00:00,True,True,phpunit.xml,True,False,False,,^7.4,^5.6,False,False,,False,True,Eligible,2026-09-11T14:19:07.363541+00:00,SUCCESS,PHP,2,0,0,2
P929,sadiq-bd/file-manager,https://github.com/sadiq-bd/file-manager,main,91e39cec379b8628699ae9101c94bc061af44a95,,MIT,2024-07-24T21:11:02Z,2026-04-21T13:53:00Z,2026-04-21T13:52:57Z,253,False,False,False,Confirmed Laravel Application,True,True,True,True,True,True,True,2026-04-21T13:52:57+00:00,True,True,phpunit.xml,True,True,False,,^8.2,^11.9,False,False,,False,True,Eligible,2026-09-11T14:19:11.320168+00:00,SUCCESS,PHP,2,0,0,2
P940,sfauzi/book-career,https://github.com/sfauzi/book-career,main,b5ea078e44bc6ff3e2abc1a1068099a3a4cf4921,,,2025-06-16T03:54:39Z,2025-10-07T12:03:47Z,2025-10-07T12:03:43Z,1438,False,False,False,Confirmed Laravel Application,True,True,True,True,True,True,True,2025-10-07T12:03:43+00:00,True,True,phpunit.xml,True,True,True,"test: ['@php artisan config:clear --ansi', '@php artisan test']",^8.2,^12.0,False,False,,False,True,Eligible,2026-09-11T14:19:18.420211+00:00,SUCCESS,PHP,2,1,0,2
P959,NoelDeMartin/lss,https://github.com/NoelDeMartin/lss,main,856b315d00a326d44a3ec195baaa0dfe60909fce,,AGPL-3.0,2024-08-16T06:43:32Z,2026-09-10T17:38:20Z,2026-09-10T17:38:25Z,403,False,False,False,Confirmed Laravel Application,True,True,True,True,True,True,True,2026-09-08T09:12:52+00:00,True,True,phpunit.xml,True,True,True,"test: ['@php artisan config:clear --ansi', '@lint:check', '@types:check', '@php artisan test']",^8.2,^13.0,False,False,,False,True,Eligible,2026-09-11T14:19:36.852592+00:00,SUCCESS,PHP,6,0,0,6
P965,svareX/link-shortener,https://github.com/svareX/link-shortener,main,f651606a05afa6534260c25dab3012d7f9c1ad10,,,2023-07-12T21:28:34Z,2026-03-24T10:10:10Z,2026-03-24T10:10:12Z,123,False,False,False,Confirmed Laravel Application,True,True,True,True,True,True,True,2026-03-24T10:10:12+00:00,True,True,phpunit.xml,True,True,False,,^8.1,^10.10,False,False,,False,True,Eligible,2026-09-11T14:19:40.555367+00:00,SUCCESS,PHP,2,1,0,2
P974,benjdiasaad/ERP,https://github.com/benjdiasaad/ERP,main,0641a76528c91eb25ba66719580a587bd797cbe5,,,2026-03-16T13:39:15Z,2026-05-01T11:53:36Z,2026-04-03T13:58:19Z,569,False,False,False,Confirmed Laravel Application,True,True,True,True,True,True,True,2026-04-03T13:58:19+00:00,True,True,phpunit.xml,True,True,True,"test: ['@php artisan config:clear --ansi', '@php artisan test']",^8.2,^12.0,False,False,,False,True,Eligible,2026-09-11T14:19:47.689627+00:00,SUCCESS,PHP,3,0,1,3
P976,dcblogdev/laravel-admintw,https://github.com/dcblogdev/laravel-admintw,main,81946805d9a657bc222a99cdf5ce37b6a1793cf0,,,2021-05-16T12:13:19Z,2026-07-22T15:10:21Z,2025-05-17T17:22:10Z,6527,False,False,False,Confirmed Laravel Application,True,True,True,True,True,True,True,2025-05-17T17:22:10+00:00,True,True,phpunit.xml,True,True,True,"pest: pest | test: ['@pint', '@stan', '@pest-type-coverage', '@pest-coverage']",^8.2,^12.12.0,False,False,,False,True,Eligible,2026-09-11T14:19:52.701080+00:00,SUCCESS,PHP,279,52,2,279
P994,BaseMax/LaravelBlogAssignment,https://github.com/BaseMax/LaravelBlogAssignment,main,b6f5e1a9a6c9aae2e738564ae92ca15bda4bcdf3,,GPL-3.0,2023-02-04T17:10:17Z,2026-09-04T12:19:02Z,2026-09-04T12:18:52Z,9433,False,False,False,Confirmed Laravel Application,True,True,True,True,True,True,True,2026-09-04T12:18:52+00:00,True,True,phpunit.xml,True,True,False,,^8.0.2,^9.19,False,False,,False,True,Eligible,2026-09-11T14:20:07.932456+00:00,SUCCESS,PHP,2,0,1,2
P1013,riodwanto/superduper-filament-starter-kit,https://github.com/riodwanto/superduper-filament-starter-kit,master,44cd7d4341f56d2eef463fb3a1e3e01965e19858,,MIT,2024-02-25T20:32:42Z,2026-09-03T07:14:30Z,2025-10-10T04:12:18Z,11618,False,False,False,Confirmed Laravel Application,True,True,True,True,True,True,True,2025-10-10T04:12:18+00:00,True,True,phpunit.xml,True,True,False,,^8.2,^11.9,False,False,,False,True,Eligible,2026-09-11T14:20:21.150577+00:00,SUCCESS,PHP,282,69,9,282
P1020,Devsome/silkpanel-cms,https://github.com/Devsome/silkpanel-cms,master,b96680a6710cf63c5c7be953b70db2d848284caf,,NOASSERTION,2026-02-03T21:19:43Z,2026-09-07T23:26:22Z,2026-09-07T23:26:17Z,295218,False,False,False,Confirmed Laravel Application,True,True,True,True,True,True,True,2026-09-07T23:26:17+00:00,True,True,phpunit.xml,True,True,True,"test: ['@php artisan config:clear --ansi', '@php artisan test']",^8.3,^13.0,False,False,,False,True,Eligible,2026-09-11T14:20:32.737487+00:00,SUCCESS,PHP,5,0,3,5
P1022,dimasrizkyfebrian/orderbyte,https://github.com/dimasrizkyfebrian/orderbyte,main,11a6120f9afba669ed08f19fd5b0b95bac9e04d1,,,2025-06-19T01:03:26Z,2025-10-27T06:28:35Z,2025-10-26T01:12:50Z,838,False,False,False,Confirmed Laravel Application,True,True,True,True,True,True,True,2025-10-26T01:12:50+00:00,True,True,phpunit.xml,True,True,False,,^8.2,^11.0,False,False,,False,True,Eligible,2026-09-11T14:20:36.873336+00:00,SUCCESS,PHP,2,0,0,2
P1033,devaslanphp/forumium,https://github.com/devaslanphp/forumium,master,61d761322971cb48c8c7bac9548680dc58c902ad,,MIT,2022-12-21T13:55:05Z,2026-06-27T11:31:41Z,2025-08-20T19:36:43Z,1372,False,False,False,Confirmed Laravel Application,True,True,True,True,True,True,True,2025-08-20T19:36:43+00:00,True,True,phpunit.xml,True,True,True,test: ['./vendor/bin/pest'],^8.1,^10.0,False,False,,False,True,Eligible,2026-09-11T14:20:40.983837+00:00,SUCCESS,PHP,191,38,11,191
P1035,invoiceninja/invoiceninja,https://github.com/invoiceninja/invoiceninja,v5-stable,d69e2acf6a42574fea96c3c9f5c9414c22fa2891,,NOASSERTION,2013-11-26T12:30:05Z,2026-09-16T01:06:30Z,2026-09-12T23:09:54Z,4240086,False,False,False,Confirmed Laravel Application,True,True,True,True,True,True,True,2026-09-10T02:52:11+00:00,True,True,phpunit.xml,True,True,True,test: phpunit | test-coverage: phpunit --coverage-html coverage,^8.2|^8.3|^8.4|^8.5,^12,False,False,,False,True,Eligible,2026-09-11T14:20:45.562002+00:00,SUCCESS,PHP,10081,2706,950,10081
P1038,akaunting/akaunting,https://github.com/akaunting/akaunting,master,8e8a9ed41cb740503f529cb1c9dbda21b2fd5ea3,,NOASSERTION,2017-06-21T14:17:56Z,2026-09-15T21:23:41Z,2026-09-15T21:23:36Z,87186,False,False,False,Confirmed Laravel Application,True,True,True,True,True,True,True,2026-09-09T23:58:42+00:00,True,True,phpunit.xml,True,True,True,"test: ['composer install --prefer-dist --no-interaction --no-scripts --no-progress --no-ansi', 'composer dump-autoload']",^8.1,^10.0,False,False,,False,True,Eligible,2026-09-11T14:20:49.678110+00:00,SUCCESS,PHP,10123,2983,5,10123
P1043,igudy/employees-management-system,https://github.com/igudy/employees-management-system,master,df8b014b1bd8992065f89300646a69ea496ff19f,,,2021-11-10T13:24:49Z,2026-07-21T19:14:46Z,2026-07-21T19:14:18Z,2284,False,False,False,Confirmed Laravel Application,True,True,True,True,True,True,True,2026-07-21T19:14:18+00:00,True,True,phpunit.xml,True,True,False,,^7.3|^8.0,^8.65,False,False,,False,True,Eligible,2026-09-11T14:20:53.161126+00:00,SUCCESS,PHP,2,0,0,2
P1044,kalwar/NameApp,https://github.com/kalwar/NameApp,main,b7905b53e9454fd3fadd1724d660b3a92bd6722d,,,2025-05-05T12:49:51Z,2025-05-22T07:33:44Z,2025-05-22T04:17:04Z,124,False,False,False,Confirmed Laravel Application,True,True,True,True,True,True,True,2025-05-22T04:17:04+00:00,True,True,phpunit.xml,True,True,True,"test: ['@php artisan config:clear --ansi', '@php artisan test']",^8.2,^12.0,False,False,,False,True,Eligible,2026-09-11T14:20:56.853880+00:00,SUCCESS,PHP,2,0,0,2
P1050,koel/koel,https://github.com/koel/koel,master,de173f3a91f9fbf5a48e5d9d4d2735e35ad9a9a1,,MIT,2015-12-06T12:13:19Z,2026-09-16T01:53:50Z,2026-09-16T07:16:35Z,28629,False,False,False,Confirmed Laravel Application,True,True,True,True,True,True,True,2026-09-09T15:45:32+00:00,True,True,phpunit.xml.dist,True,True,True,test: @php artisan test --parallel,>=8.3,^13.0,False,False,,False,True,Eligible,2026-09-11T14:21:00.968793+00:00,SUCCESS,PHP,17249,2107,17,17249
P1058,laravelkr/website,https://github.com/laravelkr/website,master,36c877ead09bc62eb185a0eea4ee686d71a8d24b,,MIT,2019-02-28T13:08:12Z,2026-06-21T09:02:09Z,2026-06-21T09:02:05Z,10223,False,False,False,Confirmed Laravel Application,True,True,True,True,True,True,True,2026-06-21T09:02:05+00:00,True,True,phpunit.xml,True,True,False,,^8.5,^13.0,False,False,,False,True,Eligible,2026-09-11T14:21:09.517033+00:00,SUCCESS,PHP,31,13,21,31
P1062,hackedon/ctf-manager,https://github.com/hackedon/ctf-manager,master,53bc2b2e8bed4edb11b73cff942a5473ee059a42,,MIT,2019-10-24T08:24:01Z,2025-08-15T11:46:08Z,2025-08-15T11:46:05Z,853,False,False,False,Confirmed Laravel Application,True,True,True,True,True,True,True,2025-08-15T11:46:05+00:00,True,True,phpunit.xml,True,True,False,,^7.0,7.*,False,False,,False,True,Eligible,2026-09-11T14:21:14.033737+00:00,SUCCESS,PHP,2,1,0,2
P1078,rakibhasansabbir/Laravel-Ecommerce-API,https://github.com/rakibhasansabbir/Laravel-Ecommerce-API,master,83fc11067b315a2b900f08ea64274b180b35ffbe,,MIT,2018-10-18T19:39:40Z,2026-09-07T07:07:49Z,2026-09-05T22:08:06Z,2085,False,False,False,Confirmed Laravel Application,True,True,True,True,True,True,True,2026-09-05T22:08:06+00:00,True,True,phpunit.xml,True,True,False,,^8.1,^9.0,False,False,,False,True,Eligible,2026-09-11T14:21:17.632827+00:00,SUCCESS,PHP,53,19,0,53
P1100,fernaerell/Website-Profile-SMK-PR,https://github.com/fernaerell/Website-Profile-SMK-PR,main,59a55ac7ca6d8dbc308bdc5db011e4b3180e68e3,,,2023-11-22T05:17:28Z,2025-04-02T00:33:11Z,2025-04-02T00:33:07Z,8592,False,False,False,Confirmed Laravel Application,True,True,True,True,True,True,True,2025-04-02T00:33:07+00:00,True,True,phpunit.xml,True,True,False,,^8.1,^10.10,False,False,,False,True,Eligible,2026-09-11T14:21:34.489191+00:00,SUCCESS,PHP,5,0,0,5
P1108,YasserElgammal/tasks-management,https://github.com/YasserElgammal/tasks-management,main,506bc7f9a7b9e19a452f8887ab5e7b7466d03067,,,2023-08-21T19:32:06Z,2026-03-01T08:42:29Z,2026-03-01T08:42:31Z,279,False,False,False,Confirmed Laravel Application,True,True,True,True,True,True,True,2026-03-01T08:42:31+00:00,True,True,phpunit.xml,True,True,False,,^8.1,^10.10,False,False,,False,True,Eligible,2026-09-11T14:21:42.368226+00:00,SUCCESS,PHP,5,2,0,5
P1109,yassine-serrafi/weesaas-ai-store-laravel,https://github.com/yassine-serrafi/weesaas-ai-store-laravel,main,773cbe67f82f6f2ac3be123bf60fc8b6482cf793,,MIT,2026-06-23T15:54:04Z,2026-07-08T15:07:57Z,2026-06-26T19:51:12Z,316,False,False,False,Confirmed Laravel Application,True,True,True,True,True,True,True,2026-06-26T19:51:12+00:00,True,True,phpunit.xml,True,True,True,"test: ['@php artisan config:clear --ansi', '@php artisan test']",^8.2,^12.0,False,False,,False,True,Eligible,2026-09-11T14:21:45.778317+00:00,SUCCESS,PHP,2,3,0,2
P1115,RodneySsemambo/retail-management-dashboard,https://github.com/RodneySsemambo/retail-management-dashboard,main,97195b40bb5ac44dcd9bb742171f764f21283342,,,2025-10-22T10:44:47Z,2026-05-12T11:33:59Z,2026-03-05T05:13:00Z,1725,False,False,False,Confirmed Laravel Application,True,True,True,True,True,True,True,2026-03-05T05:13:00+00:00,True,True,phpunit.xml,True,True,True,"test: ['@php artisan config:clear --ansi', '@php artisan test']",^8.2,^12.0,False,False,,False,True,Eligible,2026-09-11T14:21:58.808877+00:00,SUCCESS,PHP,2,0,0,2
P1118,wyxos/atlas,https://github.com/wyxos/atlas,main,0e8dd41cec54bc6e26bca5498c858b3395cabc73,,MIT,2025-10-27T20:47:53Z,2026-09-04T22:05:15Z,2026-09-04T22:05:08Z,45009,False,False,False,Confirmed Laravel Application,True,True,True,True,True,True,True,2026-09-04T22:05:08+00:00,True,True,phpunit.xml,True,True,True,"test: ['@php artisan config:clear --ansi', '@php artisan test --compact']",^8.4,^12.0,False,False,,False,True,Eligible,2026-09-11T14:22:02.797980+00:00,SUCCESS,PHP,4,0,0,4
P1168,AmirPeyravan/ai-chat-bot,https://github.com/AmirPeyravan/ai-chat-bot,amirhossein,9b3f7abde98d9726af47213adad4176f69bbf32e,,,2025-05-17T08:53:23Z,2026-09-07T15:28:05Z,2025-06-10T08:32:27Z,83,False,False,False,Confirmed Laravel Application,True,True,True,True,True,True,True,2025-06-10T08:32:27+00:00,True,True,phpunit.xml,True,True,True,"test: ['@php artisan config:clear --ansi', '@php artisan test']",^8.2,^12.0,False,False,,False,True,Eligible,2026-09-11T14:22:26.807283+00:00,SUCCESS,PHP,7,1,0,7
P1172,spatie/spatie.be,https://github.com/spatie/spatie.be,main,a57554e897ade791b8a42a122f1c733b614e3a89,,,2018-07-20T13:12:13Z,2026-09-11T12:27:17Z,2026-09-11T12:27:13Z,151043,False,False,False,Confirmed Laravel Application,True,True,True,True,True,True,True,2026-09-07T14:40:53+00:00,True,True,phpunit.xml,True,True,True,test: ./vendor/bin/pest --parallel,^8.4,^13.0,False,False,,False,True,Eligible,2026-09-11T14:22:31.209568+00:00,SUCCESS,PHP,498,189,5,498
P1176,rakarmp/forum-,https://github.com/rakarmp/forum-,master,b8e249a5106d624fb86e5be9af762fd3800a3deb,,,2023-02-07T12:02:16Z,2025-02-24T14:16:12Z,2025-04-29T02:05:05Z,3827,False,False,False,Confirmed Laravel Application,True,True,True,True,True,True,True,2025-04-29T02:05:05+00:00,True,True,phpunit.xml,True,True,False,,^7.3|^8.0,^8.40,False,False,,False,True,Eligible,2026-09-11T14:22:38.770809+00:00,SUCCESS,PHP,4,0,10,4
P1178,theihasan/geezap,https://github.com/theihasan/geezap,main,166853840871c394de6668e303bc24a8461d4279,,,2024-06-22T01:30:11Z,2026-09-14T21:02:01Z,2026-03-17T11:43:14Z,11663,False,False,False,Confirmed Laravel Application,True,True,True,True,True,True,True,2026-03-17T11:43:14+00:00,True,True,phpunit.xml,True,True,False,,^8.2,^12.0,False,False,,False,True,Eligible,2026-09-11T14:22:42.115987+00:00,SUCCESS,PHP,131,48,14,131
P1191,BlueStarSystem/aura-starter-kit,https://github.com/BlueStarSystem/aura-starter-kit,master,528a33657820eb8e4bc4440c8115545919ff7977,,,2026-08-19T20:58:56Z,2026-08-22T10:30:31Z,2026-08-20T05:20:13Z,272,False,False,False,Confirmed Laravel Application,True,True,True,True,True,True,True,2026-08-20T05:20:13+00:00,True,True,phpunit.xml,True,True,True,"test: ['@php artisan config:clear --ansi @no_additional_args', '@php artisan test']",^8.4,^13.17,False,False,,False,True,Eligible,2026-09-11T14:22:45.690262+00:00,SUCCESS,PHP,2,0,0,2
P1195,sqlik/sesmograph,https://github.com/sqlik/sesmograph,main,23adf5687369b9a0278981c4209a861d2f3e45b3,,NOASSERTION,2026-08-11T17:44:57Z,2026-09-07T00:09:04Z,2026-08-14T21:37:01Z,11963,False,False,False,Confirmed Laravel Application,True,True,True,True,True,True,True,2026-08-14T21:37:01+00:00,True,True,phpunit.xml,True,True,True,"test: ['@php artisan config:clear --ansi @no_additional_args', '@php artisan test']",^8.3,^13.8,False,False,,False,True,Eligible,2026-09-11T14:22:53.774809+00:00,SUCCESS,PHP,2,0,0,2
P1205,otatechie/guacpanel-tailwind,https://github.com/otatechie/guacpanel-tailwind,main,26f0fea8dfdf03ab90fbc1bafbcc65e4767ad422,,MIT,2025-01-30T16:41:06Z,2026-08-31T08:53:09Z,2026-08-31T08:51:03Z,14042,False,False,False,Confirmed Laravel Application,True,True,True,True,True,True,True,2026-08-31T08:51:03+00:00,True,True,phpunit.xml,True,True,True,"test: ['@php artisan config:clear --ansi', '@php artisan test']",^8.3,^13.0,False,False,,False,True,Eligible,2026-09-11T14:23:02.390027+00:00,SUCCESS,PHP,187,5,0,187
P1207,engsahaly/filament_php_course,https://github.com/engsahaly/filament_php_course,master,ec3fdd845fbb693b3b316659925d5df5e7f592a5,,,2025-10-04T23:10:06Z,2026-06-21T15:08:14Z,2025-11-25T08:35:01Z,1944,False,False,False,Confirmed Laravel Application,True,True,True,True,True,True,True,2025-11-25T08:35:01+00:00,True,True,phpunit.xml,True,True,True,"test: ['@php artisan config:clear --ansi', '@php artisan test']",^8.2,^12.0,False,False,,False,True,Eligible,2026-09-11T14:23:06.540570+00:00,SUCCESS,PHP,2,0,0,2
P1212,ahmedemadm90/tickets,https://github.com/ahmedemadm90/tickets,master,17c7c7ce82b0939cab9df74c08a40c0abd467864,,,2022-01-16T09:51:22Z,2026-08-12T06:38:47Z,2026-08-12T06:26:05Z,32219,False,False,False,Confirmed Laravel Application,True,True,True,True,True,True,True,2026-08-12T06:26:05+00:00,True,True,phpunit.xml,True,True,False,,^7.3|^8.0,^8.65,False,False,,False,True,Eligible,2026-09-11T14:23:10.506824+00:00,SUCCESS,PHP,2,0,0,2
P1217,AkibaAT/fvn.li,https://github.com/AkibaAT/fvn.li,development,afc2ea11b6edbf5203543275164a8767b88aad93,,MIT,2024-03-04T23:31:21Z,2026-09-14T18:01:47Z,2026-09-14T18:33:38Z,25038,False,False,False,Confirmed Laravel Application,True,True,True,True,True,True,True,2026-09-07T14:13:19+00:00,True,True,phpunit.xml,True,True,True,"test: ['@test:all'] | test:php: php artisan test --env=testing --testsuite=Unit,Feature | test:browser: bun run test:e2e | test:a11y: bun run test:a11y | test:browser:pest: bash scripts/pest-browser-ddev.sh | test:frontend: ['bun run test:js:coverage', '@test:browser:pest'] | test:all: ['@test:php', '@test:frontend', '@test:browser', '@test:a11y'] | test:coverage: XDEBUG_MODE=coverage php artisan test --env=testing --testsuite=Unit,Feature --coverage | test:coverage:clover: mkdir -p build/logs && XDEBUG_MODE=coverage php artisan test --env=testing --testsuite=Unit,Feature --coverage-clover=build/logs/clover.xml | test:coverage:audit: php scripts/audit-php-coverage.php build/logs/clover.xml | test:parallel: php artisan test --env=testing --parallel | test:unit: php artisan test --env=testing --testsuite=Unit | test:feature: php artisan test --env=testing --testsuite=Feature | migrate:test: php artisan migrate:fresh --seed --env=testing",^8.5,^13.0,False,False,,False,True,Eligible,2026-09-11T14:23:19.187083+00:00,SUCCESS,PHP,10,4,2,10
P1226,4xmen/xshop,https://github.com/4xmen/xshop,master,9d2674ce0d479c66156b83a9cb60488b446d0939,,NOASSERTION,2023-05-30T12:24:51Z,2026-09-09T13:40:40Z,2026-09-04T13:12:41Z,111098,False,False,False,Confirmed Laravel Application,True,True,True,True,True,True,True,2026-09-04T13:12:41+00:00,True,True,phpunit.xml,True,True,False,,^8.2,^12.25,False,False,,False,True,Eligible,2026-09-11T14:23:22.401688+00:00,SUCCESS,PHP,504,181,0,504
P1229,nafiesl/free-pmo,https://github.com/nafiesl/free-pmo,master,a8a0dd83e147d5bbd9f39a7dd337348bbecc194f,,MIT,2017-11-21T14:19:36Z,2026-09-14T02:41:25Z,2026-09-14T02:41:21Z,4225,False,False,False,Confirmed Laravel Application,True,True,True,True,True,True,True,2026-09-04T08:18:53+00:00,True,True,phpunit.xml,True,True,False,,^7.3|^8.0,^8.0,False,False,,False,True,Eligible,2026-09-11T14:23:26.221458+00:00,SUCCESS,PHP,462,167,6,462
P1245,hrace009/PW-Panel,https://github.com/hrace009/PW-Panel,master,1b29e25903a249c54d2871dea131ef05498a8546,,MIT,2022-02-05T10:18:48Z,2026-07-25T07:18:14Z,2026-07-15T06:27:35Z,11481,False,False,False,Confirmed Laravel Application,True,True,True,True,True,True,True,2026-07-15T06:27:35+00:00,True,True,phpunit.xml,True,True,False,,^7.3|^8.0,^8.75,False,False,,False,True,Eligible,2026-09-11T14:23:34.941002+00:00,SUCCESS,PHP,21,19,3,21
P1253,ekomh170/Project-PKWU_WorkshopLogic-TA,https://github.com/ekomh170/Project-PKWU_WorkshopLogic-TA,master,1176e35fd551c4c598dbc394a5a83c1c33b8fdd5,,NOASSERTION,2024-12-18T07:54:13Z,2025-09-07T05:09:56Z,2025-07-12T13:19:18Z,107619,False,False,False,Confirmed Laravel Application,True,True,True,True,True,True,True,2025-07-12T13:19:18+00:00,True,True,phpunit.xml,True,True,False,,^8.2,^11.31,False,False,,False,True,Eligible,2026-09-11T14:23:38.305916+00:00,SUCCESS,PHP,4,0,0,4
P1264,jaredchesebro/ee7-coilpack,https://github.com/jaredchesebro/ee7-coilpack,main,74aa29e87caf022c9e5e4b25b4d6d67ef5319874,,,2023-03-29T21:20:54Z,2026-08-07T15:39:34Z,2026-08-07T15:38:39Z,17926,False,False,False,Confirmed Laravel Application,True,True,True,True,True,True,True,2026-08-07T15:38:39+00:00,True,True,phpunit.xml,True,True,False,,^8.2,^12.0,False,False,,False,True,Eligible,2026-09-11T14:23:53.086869+00:00,SUCCESS,PHP,4,1,0,4
P1266,amitavroy/xpense-manager,https://github.com/amitavroy/xpense-manager,main,cbb34768c67a8915bed636c2e54d8f661011175f,,,2025-10-06T14:10:19Z,2026-09-08T04:19:17Z,2026-09-06T10:10:21Z,5284,False,False,False,Confirmed Laravel Application,True,True,True,True,True,True,True,2026-09-06T10:10:21+00:00,True,True,phpunit.xml,True,True,True,"test: ['@php artisan config:clear --ansi', '@php artisan test']",^8.2,^13.30.1,False,False,,False,True,Eligible,2026-09-11T14:23:57.905931+00:00,SUCCESS,PHP,4,1,5,4
P1284,AKAME007/laravel-vue-cli-3,https://github.com/AKAME007/laravel-vue-cli-3,master,f3a4e5d75cd97ea98008affb14db65446f4fed6b,,,2025-06-05T01:05:05Z,2025-07-29T14:31:00Z,2025-06-05T01:06:10Z,485,False,False,False,Confirmed Laravel Application,True,True,True,True,True,True,True,2025-06-05T01:06:10+00:00,True,True,phpunit.xml,True,True,False,,^7.1.3,5.6.*,False,False,,False,True,Eligible,2026-09-11T14:24:05.993918+00:00,SUCCESS,PHP,11,0,0,11
P1286,vickypandey14/Laravel-Reverb-chat-application,https://github.com/vickypandey14/Laravel-Reverb-chat-application,main,1359f6ec377bf56bca8f42aceafb16113b75eccd,,,2024-06-06T17:13:57Z,2026-02-01T00:15:18Z,2026-01-10T18:28:03Z,190,False,False,False,Confirmed Laravel Application,True,True,True,True,True,True,True,2026-01-10T18:28:03+00:00,True,True,phpunit.xml,True,True,False,,^8.2,^11.9,False,False,,False,True,Eligible,2026-09-11T14:24:11.155711+00:00,SUCCESS,PHP,6,0,0,6
P1287,UTRS2/utrs,https://github.com/UTRS2/utrs,master,2ba397b3429dcc572805917013c7f12311e6082e,,AGPL-3.0,2020-03-08T11:23:08Z,2026-08-31T07:20:18Z,2026-08-31T07:51:51Z,13169,False,False,False,Confirmed Laravel Application,True,True,True,True,True,True,True,2026-08-31T07:51:51+00:00,True,True,phpunit.xml.dist,True,True,True,"test: ['parallel-lint . --exclude vendor --exclude node_modules', '@php artisan test']",^8.2,^11,False,False,,False,True,Eligible,2026-09-11T14:24:15.166851+00:00,SUCCESS,PHP,31,40,43,31
P1290,aardnsyhs/grajavan,https://github.com/aardnsyhs/grajavan,main,42461e7e7e093783b5e28115a95cb4441fccd6a0,,,2024-09-11T07:02:42Z,2026-03-03T03:32:35Z,2026-09-12T16:53:30Z,1156,False,False,False,Confirmed Laravel Application,True,True,True,True,True,True,True,2026-09-09T23:16:05+00:00,True,True,phpunit.xml,True,True,False,,^8.1,^10.10,False,False,,False,True,Eligible,2026-09-11T14:24:19.084681+00:00,SUCCESS,PHP,2,0,16,2
P1292,engsahaly/livewire_course,https://github.com/engsahaly/livewire_course,master,b58c378732e8121af48f7b883f5d606cd22d574d,,,2023-07-08T22:08:42Z,2026-06-21T15:11:57Z,2025-01-29T07:28:29Z,431,False,False,False,Confirmed Laravel Application,True,True,True,True,True,True,True,2025-01-29T07:28:29+00:00,True,True,phpunit.xml,True,True,False,,^8.1,^10.10,False,False,,False,True,Eligible,2026-09-11T14:24:22.849491+00:00,SUCCESS,PHP,4,0,0,4
P1310,JieAnthony/apple-mdm-system,https://github.com/JieAnthony/apple-mdm-system,master,a713671b2307fae99847cec2fe78889d4501d0d0,,,2025-10-13T01:41:33Z,2026-08-24T20:13:10Z,2026-06-05T09:58:22Z,2962,False,False,False,Confirmed Laravel Application,True,True,True,True,True,True,True,2026-06-05T09:58:22+00:00,True,True,phpunit.xml,True,True,True,"test: ['@php artisan config:clear --ansi', '@php artisan test']",^8.4,^12.0,False,False,,False,True,Eligible,2026-09-11T14:24:33.426322+00:00,SUCCESS,PHP,11,3,0,11
P1312,tqt97/Laravel-Roles-Permissions,https://github.com/tqt97/Laravel-Roles-Permissions,master,859e20f6c1506e6c528520ad1ae624ec69797f33,,,2025-02-15T02:23:49Z,2025-03-21T03:08:06Z,2025-02-15T03:48:27Z,180,False,False,False,Confirmed Laravel Application,True,True,True,True,True,True,True,2025-02-15T03:48:27+00:00,True,True,phpunit.xml,True,True,False,,^8.2,^11.31,False,False,,False,True,Eligible,2026-09-11T14:24:36.834232+00:00,SUCCESS,PHP,2,0,1,2
P1318,fajriyan/box-cms,https://github.com/fajriyan/box-cms,main,7a01aff5f8ee52e444fc80e02bf23777af12505a,,,2024-10-31T05:05:35Z,2026-08-04T22:06:28Z,2026-08-04T22:05:45Z,4264,False,False,False,Confirmed Laravel Application,True,True,True,True,True,True,True,2026-08-04T22:05:45+00:00,True,True,phpunit.xml,True,True,False,,^8.2,^11,False,False,,False,True,Eligible,2026-09-11T14:24:44.507573+00:00,SUCCESS,PHP,5,0,0,5
P1324,piotr-jura-udemy/laravel-graphql-vue-tailwind-course,https://github.com/piotr-jura-udemy/laravel-graphql-vue-tailwind-course,master,c330ba64998facfc2ee9186f00e15f2893a566fa,,,2020-06-08T17:37:49Z,2026-07-05T11:49:21Z,2026-07-05T11:49:18Z,2871,False,False,False,Confirmed Laravel Application,True,True,True,True,True,True,True,2026-07-05T11:49:18+00:00,True,True,phpunit.xml,True,True,False,,^7.2.5,^7.0,False,False,,False,True,Eligible,2026-09-11T14:24:47.851122+00:00,SUCCESS,PHP,19,4,0,19
P1347,merodiro/social-network,https://github.com/merodiro/social-network,master,813296d5a969f6848e2919cbb6afb3c9bf52f763,,,2017-02-01T15:58:29Z,2023-03-07T14:13:31Z,2026-02-14T16:34:39Z,6028,False,False,False,Confirmed Laravel Application,True,True,True,True,True,True,True,2026-02-14T16:34:39+00:00,True,True,phpunit.xml,True,True,True,test: phpunit,>=7.1.3,5.6.*,False,False,,False,True,Eligible,2026-09-11T14:24:59.799891+00:00,SUCCESS,PHP,5,1,58,5
P1348,modus-digital/laravel-starter-kit,https://github.com/modus-digital/laravel-starter-kit,master,b238bac6be839717fbfb9d89d7848892884acb26,,MIT,2025-05-16T11:07:16Z,2026-02-06T12:43:04Z,2026-02-23T09:29:09Z,7246,False,False,False,Confirmed Laravel Application,True,True,True,True,True,True,True,2026-02-23T09:29:09+00:00,True,True,phpunit.xml,True,True,True,"test: ['@php artisan config:clear --ansi', '@php artisan test']",^8.3,^12.0,False,False,,False,True,Eligible,2026-09-11T14:25:05.394946+00:00,SUCCESS,PHP,5,2,0,5
P1351,kwedbh/Employee-Data-Management-System,https://github.com/kwedbh/Employee-Data-Management-System,master,ea36e9c94c1940f5965d91e6be22ab06c713c8fd,,MIT,2020-04-05T10:43:27Z,2025-11-07T10:37:29Z,2026-01-28T22:33:12Z,16413,False,False,False,Confirmed Laravel Application,True,True,True,True,True,True,True,2026-01-28T22:33:12+00:00,True,True,phpunit.xml,True,True,False,,^7.2.5,^7.0,False,False,,False,True,Eligible,2026-09-11T14:25:12.296027+00:00,SUCCESS,PHP,15,9,36,15
P1358,GabrielG71/busca_produto,https://github.com/GabrielG71/busca_produto,main,0aa1a30051efec25fa0f5ebf728b070a29e152c4,,,2025-03-09T21:09:33Z,2025-08-15T22:24:11Z,2025-06-22T19:45:32Z,91,False,False,False,Confirmed Laravel Application,True,True,True,True,True,True,True,2025-06-22T19:45:32+00:00,True,True,phpunit.xml,True,True,False,,^8.2,^12.0,False,False,,False,True,Eligible,2026-09-11T14:25:20.192411+00:00,SUCCESS,PHP,5,0,0,5
P1362,thomasnynas12/react-laravel,https://github.com/thomasnynas12/react-laravel,main,fa1c330098db1e3d8737022eef6ac7d4ea2417d8,,,2025-03-11T04:22:05Z,2025-04-23T13:06:49Z,2025-03-11T04:24:04Z,7366,False,False,False,Confirmed Laravel Application,True,True,True,True,True,True,True,2025-03-11T04:24:04+00:00,True,True,phpunit.xml,True,True,False,,^7.2.5,^7.0,False,False,,False,True,Eligible,2026-09-11T14:25:24.189369+00:00,SUCCESS,PHP,5,0,0,5
P1365,aliqasemzadeh/7ul,https://github.com/aliqasemzadeh/7ul,main,ae5e24ba6379c624e70aa74a36e71ea3086b385a,,,2026-08-03T15:44:31Z,2026-08-18T01:27:11Z,2026-08-11T14:40:05Z,545,False,False,False,Confirmed Laravel Application,True,True,True,True,True,True,True,2026-08-11T14:40:05+00:00,True,True,phpunit.xml,True,True,True,"test: ['@php artisan config:clear --ansi @no_additional_args', '@php artisan test']",^8.4,^13.17,False,False,,False,True,Eligible,2026-09-11T14:25:32.373554+00:00,SUCCESS,PHP,2,0,0,2
P1366,M-Media-Group/m-media,https://github.com/M-Media-Group/m-media,master,58e31821c1ddb8d3a3221b233a8fbe0f1adaeffd,,,2019-08-22T01:32:16Z,2025-07-04T10:15:44Z,2025-07-04T10:15:40Z,63062,False,False,False,Confirmed Laravel Application,True,True,True,True,True,True,True,2025-07-04T10:15:40+00:00,True,True,phpunit.xml,True,True,False,,^7.4,^6.20,False,False,,False,True,Eligible,2026-09-11T14:25:37.143276+00:00,SUCCESS,PHP,2,3,22,2
P1372,AmirPeyravan/music-player-style,https://github.com/AmirPeyravan/music-player-style,master,6ae33c964468f4b3d07516ac7213f6f139e2bcce,,,2025-05-15T05:44:48Z,2026-07-28T07:30:25Z,2025-06-07T07:37:46Z,111,False,False,False,Confirmed Laravel Application,True,True,True,True,True,True,True,2025-06-07T07:37:46+00:00,True,True,phpunit.xml,True,True,True,"test: ['@php artisan config:clear --ansi', '@php artisan test']",^8.2,^12.0,False,False,,False,True,Eligible,2026-09-11T14:25:45.058962+00:00,SUCCESS,PHP,5,0,0,5
P1375,nirav-gajera/company-and-employee-management,https://github.com/nirav-gajera/company-and-employee-management,main,6fed0084b3f350742d379e1c778d360618c4e34e,,,2023-05-23T05:00:07Z,2026-09-07T04:04:23Z,2026-09-07T04:04:23Z,1155,False,False,False,Confirmed Laravel Application,True,True,True,True,True,True,True,2026-09-07T04:04:23+00:00,True,True,phpunit.xml,True,True,False,,>=7.0.0,5.5.*,False,False,,False,True,Eligible,2026-09-11T14:25:48.704717+00:00,SUCCESS,PHP,2,0,1,2
P1377,librenms/librenms,https://github.com/librenms/librenms,master,df849241ff1e37665e5fb226c233d4eafe65f50b,,NOASSERTION,2013-10-28T01:37:13Z,2026-09-16T04:36:33Z,2026-09-16T02:57:04Z,376228,False,False,False,Confirmed Laravel Application,True,True,True,True,True,True,True,2026-09-10T14:36:47+00:00,True,True,phpunit.xml,True,True,True,"test:lint: ['pint --test', 'rector --dry-run'] | test:unit: phpunit | test:types: phpstan | test:types-new: run_check() { set -- $(git diff --name-only --diff-filter=A master... -- '*.php'); if [ $# -gt 0 ]; then vendor/bin/phpstan analyse -l 6 ""$@""; return $?; else echo 'No new PHP files found to analyze.'; return 0; fi; }; run_check | test: ['@test:unit', '@test:lint', '@test:types']",^8.2,^12.10,False,False,,False,True,Eligible,2026-09-11T14:25:52.368226+00:00,SUCCESS,PHP,4889,2799,225,4889
P1387,Ferks-FK/SourceAdmin,https://github.com/Ferks-FK/SourceAdmin,development,01bf117dc1c7c0db70bf49ae90f5ea3b1b6fc5c2,,MIT,2022-11-19T15:47:38Z,2026-01-26T02:45:09Z,2025-05-06T00:27:25Z,3192,False,False,False,Confirmed Laravel Application,True,True,True,True,True,True,True,2025-05-06T00:27:25+00:00,True,True,phpunit.xml,True,True,False,,^8.1,^12.0.7,False,False,,False,True,Eligible,2026-09-11T14:25:56.056635+00:00,SUCCESS,PHP,25,5,0,25
P1390,Jieyab89/Lara-Mankost,https://github.com/Jieyab89/Lara-Mankost,main,3c6c735160393b20760cbbfa5ffeb2c0965dea8a,,,2022-06-20T09:28:33Z,2026-03-13T08:59:27Z,2026-03-13T08:59:23Z,932,False,False,False,Confirmed Laravel Application,True,True,True,True,True,True,True,2026-03-13T08:59:23+00:00,True,True,phpunit.xml,True,True,False,,^7.2.5,^7.0,False,False,,False,True,Eligible,2026-09-11T14:26:08.346251+00:00,SUCCESS,PHP,20,2,0,20
P1399,temo-123/climbing.ge,https://github.com/temo-123/climbing.ge,master,d506ce3bc4ae4cba3470c2c6cdea0783730c4ed5,,,2022-10-14T20:30:44Z,2026-09-16T07:17:47Z,2026-09-16T07:17:43Z,238956,False,False,False,Confirmed Laravel Application,True,True,True,True,True,True,True,2026-09-08T17:25:29+00:00,True,True,phpunit.xml,True,True,False,,^8.2.0,^11.0,False,False,,False,True,Eligible,2026-09-11T14:26:12.741194+00:00,SUCCESS,PHP,2,0,1,2
P1414,kyawzinhtett/lara_blog,https://github.com/kyawzinhtett/lara_blog,main,01003ed37502a0dbbee3e7c0ed3d0d6a4304d84e,,,2023-04-28T16:27:24Z,2025-08-01T08:02:34Z,2025-01-03T09:50:45Z,242,False,False,False,Confirmed Laravel Application,True,True,True,True,True,True,True,2025-01-03T09:50:45+00:00,True,True,phpunit.xml,True,True,False,,^8.1,^10.8,False,False,,False,True,Eligible,2026-09-11T14:26:16.797450+00:00,SUCCESS,PHP,2,0,0,2
P1421,IvandryPage/roboticschool,https://github.com/IvandryPage/roboticschool,main,74f7f09a01b939f7e6c11f4fd06e6941a065d3b8,,,2026-06-04T05:18:41Z,2026-07-21T03:25:51Z,2026-07-02T08:42:24Z,3656,False,False,False,Confirmed Laravel Application,True,True,True,True,True,True,True,2026-07-02T08:42:24+00:00,True,True,phpunit.xml,True,True,True,"test: ['@php artisan config:clear --ansi', '@lint:check', '@php artisan test']",^8.4,^12.0,False,False,,False,True,Eligible,2026-09-11T14:26:22.619225+00:00,SUCCESS,PHP,2,0,0,2
P1429,nuxt-ui-templates/starter-laravel,https://github.com/nuxt-ui-templates/starter-laravel,main,653013e175653a86a1f4d54f04e28e29a3793a22,,MIT,2025-05-06T12:56:09Z,2026-08-29T07:07:36Z,2026-09-15T16:34:55Z,450,False,False,False,Confirmed Laravel Application,True,True,True,True,True,True,True,2026-09-10T17:29:35+00:00,True,True,phpunit.xml,True,True,True,"test: ['@php artisan config:clear --ansi', '@php artisan test']",^8.4.14,^12.37.0,False,False,,False,True,Eligible,2026-09-11T14:26:39.616251+00:00,SUCCESS,PHP,40,5,17,40
P1432,ed3t/tango,https://github.com/ed3t/tango,master,432abaed861611fd14529d8cdc9d7672d19edc81,,MIT,2018-05-24T15:41:17Z,2026-03-27T12:48:56Z,2026-03-27T12:48:52Z,1134,False,False,False,Confirmed Laravel Application,True,True,True,True,True,True,True,2026-03-27T12:48:52+00:00,True,True,phpunit.xml,True,False,False,,>=5.6.4,5.4.*,False,False,,False,True,Eligible,2026-09-11T14:26:42.834884+00:00,SUCCESS,PHP,23,5,0,23
P1433,HebaAbdElhamed/laravel-hr-management-system-api,https://github.com/HebaAbdElhamed/laravel-hr-management-system-api,main,d0255762cde68b9508ebf9a71f8acd62c71b2ac6,,,2026-05-16T15:07:31Z,2026-07-03T13:14:42Z,2026-05-16T15:48:13Z,143,False,False,False,Confirmed Laravel Application,True,True,True,True,True,True,True,2026-05-16T15:48:13+00:00,True,True,phpunit.xml,True,True,True,"test: ['@php artisan config:clear --ansi @no_additional_args', '@php artisan test']",^8.3,^13.0,False,False,,False,True,Eligible,2026-09-11T14:26:47.286177+00:00,SUCCESS,PHP,2,0,0,2
P1436,ikramsyakir/magnetize,https://github.com/ikramsyakir/magnetize,main,7fb56ef21154014b7dcd6e2a1bce6bf625d2f84a,,MIT,2021-05-09T13:58:11Z,2025-01-27T11:42:54Z,2025-07-03T08:37:51Z,21547,False,False,False,Confirmed Laravel Application,True,True,True,True,True,True,True,2025-07-03T08:37:51+00:00,True,True,phpunit.xml,True,True,False,,^8.3,^11.0,False,False,,False,True,Eligible,2026-09-11T14:26:51.074368+00:00,SUCCESS,PHP,3,1,0,3
P1448,spatie/laravel-queues-demo-app,https://github.com/spatie/laravel-queues-demo-app,master,5a0f01f74e60b74b9095089a649e7e2a6aa1b70d,,,2019-05-17T13:44:31Z,2026-01-31T10:26:34Z,2026-01-31T10:26:30Z,786,False,False,False,Confirmed Laravel Application,True,True,True,True,True,True,True,2026-01-31T10:26:30+00:00,True,True,phpunit.xml,True,True,False,,^7.1.3,5.8.*,False,False,,False,True,Eligible,2026-09-11T14:26:55.018286+00:00,SUCCESS,PHP,15,0,0,15
P1452,BaseMax/LaravelBigDataTest,https://github.com/BaseMax/LaravelBigDataTest,main,1183e1668e9a153783596b2b5d417a6b7466ea3c,,,2021-07-13T08:47:56Z,2026-09-11T14:25:29Z,2026-09-11T14:25:26Z,2811,False,False,False,Confirmed Laravel Application,True,True,True,True,True,True,True,2026-09-10T03:53:59+00:00,True,True,phpunit.xml,True,True,False,,^7.3|^8.0,^8.40,False,False,,False,True,Eligible,2026-09-11T14:26:58.117873+00:00,SUCCESS,PHP,8,1,0,8
P1456,VikrantParmar/laravel-jwt-api-crudX,https://github.com/VikrantParmar/laravel-jwt-api-crudX,main,06f025bc9e7de571711514e254f16d1ae332699e,,MIT,2025-01-01T06:56:47Z,2025-02-10T15:40:49Z,2025-01-12T06:44:57Z,8604,False,False,False,Confirmed Laravel Application,True,True,True,True,True,True,True,2025-01-12T06:44:57+00:00,True,True,phpunit.xml,True,True,False,,^8.1,^10.10,False,False,,False,True,Eligible,2026-09-11T14:27:02.152950+00:00,SUCCESS,PHP,2,0,0,2
P1458,justshobee/Laravel-CRUD,https://github.com/justshobee/Laravel-CRUD,main,bfcd26498914741710d28d2131749e4c440433b6,,,2025-01-06T16:14:35Z,2025-12-06T21:24:54Z,2025-01-06T22:13:04Z,75,False,False,False,Confirmed Laravel Application,True,True,True,True,True,True,True,2025-01-06T22:13:04+00:00,True,True,phpunit.xml,True,True,False,,^8.2,^11.31,False,False,,False,True,Eligible,2026-09-11T14:27:06.044760+00:00,SUCCESS,PHP,2,0,0,2
P1459,raupulus/api-fryntiz,https://github.com/raupulus/api-fryntiz,main,cfe859bbf09e3b0825b97e81fe40522dbe136ee7,,GPL-3.0,2018-06-25T15:20:36Z,2025-08-04T02:14:21Z,2026-09-15T17:12:24Z,60383,False,False,False,Confirmed Laravel Application,True,True,True,True,True,True,True,2026-09-09T14:38:42+00:00,True,True,phpunit.xml,True,True,False,,^8.0,^8.40,False,False,,False,True,Eligible,2026-09-11T14:27:09.755410+00:00,SUCCESS,PHP,2,0,0,2
P1460,bappy3a/e-commerce-application-using-Laravel-and-Vue,https://github.com/bappy3a/e-commerce-application-using-Laravel-and-Vue,master,110b0dbb5ffe183df324c1e291d6731db1654155,,,2020-11-23T09:53:01Z,2026-07-02T20:54:59Z,2026-07-02T20:54:56Z,25495,False,False,False,Confirmed Laravel Application,True,True,True,True,True,True,True,2026-07-02T20:54:56+00:00,True,True,phpunit.xml,True,True,False,,^7.3|^8.0,^8.12,False,False,,False,True,Eligible,2026-09-11T14:27:12.835776+00:00,SUCCESS,PHP,2,0,0,2
P1473,gdarko/laravel-vue-starter,https://github.com/gdarko/laravel-vue-starter,main,2b8eb53292ad2a66aa608289c70e04252fffa6c5,,,2021-08-28T22:40:38Z,2026-09-12T10:51:58Z,2026-04-01T12:44:17Z,10552,False,False,False,Confirmed Laravel Application,True,True,True,True,True,True,True,2026-04-01T12:44:17+00:00,True,True,phpunit.xml,True,True,True,"test: ['@php artisan config:clear --ansi', '@php artisan test']",^8.3,^13.0,False,False,,False,True,Eligible,2026-09-11T14:27:16.392972+00:00,SUCCESS,PHP,146,62,5,146
P1482,manjurulhoque/laravel-udemy-clone,https://github.com/manjurulhoque/laravel-udemy-clone,master,41d92593b1f204a36aa947a723f7a7d8867908a4,,MIT,2018-12-25T16:56:52Z,2026-04-12T19:25:22Z,2026-08-08T11:22:31Z,4911,False,False,False,Confirmed Laravel Application,True,True,True,True,True,True,True,2026-08-08T11:22:31+00:00,True,True,phpunit.xml,True,True,False,,^8.1,^10.0,False,False,,False,True,Eligible,2026-09-11T14:27:23.782661+00:00,SUCCESS,PHP,115,84,11,115
P1490,Laravel-Nepal/laravelnepal.com,https://github.com/Laravel-Nepal/laravelnepal.com,master,4430386941efa3f0989100b37d3e0dba8491e096,,MIT,2025-08-02T17:42:55Z,2026-05-27T12:22:57Z,2026-05-27T12:22:16Z,5321,False,False,False,Confirmed Laravel Application,True,True,True,True,True,True,True,2026-05-27T12:22:16+00:00,True,True,phpunit.xml,True,True,True,"test: ['@php artisan config:clear --ansi', '@php artisan test']",^8.3,^12.44,False,False,,False,True,Eligible,2026-09-11T14:27:27.421233+00:00,SUCCESS,PHP,4,5,1,4
P1495,andreapollastri/newsletter,https://github.com/andreapollastri/newsletter,main,1414c4573b2464d0f77b64aa903c5e1fcbd9b6c5,,MIT,2026-01-22T20:50:03Z,2026-09-14T00:21:14Z,2026-09-14T00:21:10Z,3031,False,False,False,Confirmed Laravel Application,True,True,True,True,True,True,True,2026-09-06T05:18:16+00:00,True,True,phpunit.xml,True,True,True,"test: ['@php artisan config:clear --ansi', '@php artisan test']",^8.3,^13.0,False,False,,False,True,Eligible,2026-09-11T14:27:36.120349+00:00,SUCCESS,PHP,11,4,3,11
P1532,cham11ng/multi-tenant-postgres,https://github.com/cham11ng/multi-tenant-postgres,master,d502fc09fbdc54b1c48ffb243d99a0f86c818f8f,,,2017-06-09T09:50:41Z,2026-05-10T02:44:48Z,2026-07-20T22:43:20Z,2179,False,False,False,Confirmed Laravel Application,True,True,True,True,True,True,True,2026-07-20T22:43:20+00:00,True,True,phpunit.xml,True,True,False,,>=5.6.4,5.4.*,False,False,,False,True,Eligible,2026-09-11T14:27:47.883976+00:00,SUCCESS,PHP,11,3,3,11
P1534,harris21/ship-ai-with-laravel,https://github.com/harris21/ship-ai-with-laravel,main,37fe64bff3873fa861eb43e8ca54c5849c84b6ae,,,2026-03-23T17:46:13Z,2026-09-14T05:25:07Z,2026-07-08T13:46:36Z,180,False,False,False,Confirmed Laravel Application,True,True,True,True,True,True,True,2026-07-08T13:46:36+00:00,True,True,phpunit.xml,True,True,True,"test: ['@php artisan config:clear --ansi', '@php artisan test']",^8.3,^13.0,False,False,,False,True,Eligible,2026-09-11T14:27:51.637336+00:00,SUCCESS,PHP,86,20,0,86
P1535,mehdidhammou/invento,https://github.com/mehdidhammou/invento,master,584a81c540cc37db74ac5e571c2df2fc8d9f9bfb,,,2022-12-27T19:11:05Z,2025-12-30T19:46:17Z,2026-04-14T01:48:52Z,1025,False,False,False,Confirmed Laravel Application,True,True,True,True,True,True,True,2026-04-14T01:48:52+00:00,True,True,phpunit.xml,True,True,False,,^8.1,^9.19,False,False,,False,True,Eligible,2026-09-11T14:27:54.931080+00:00,SUCCESS,PHP,6,0,6,6
P1557,Eckmars/Eckmar-v2,https://github.com/Eckmars/Eckmar-v2,master,0476480c2240fe74abc4aa9b8252012e05de3248,,MIT,2024-02-06T03:50:30Z,2026-08-07T10:05:32Z,2025-09-14T12:17:07Z,5052,False,False,False,Confirmed Laravel Application,True,True,True,True,True,True,True,2025-09-14T12:17:07+00:00,True,True,phpunit.xml,True,True,False,,^7.1.3,5.7.*,False,False,,False,True,Eligible,2026-09-11T14:28:02.301237+00:00,SUCCESS,PHP,21,11,0,21
P1560,mohamadabdelhady/intellect_book_service_website,https://github.com/mohamadabdelhady/intellect_book_service_website,main,210bd09711b0ab84c0b38619f3a7164803d449ac,,MIT,2021-08-18T16:15:25Z,2026-02-07T18:50:35Z,2026-02-07T18:50:31Z,101079,False,False,False,Confirmed Laravel Application,True,True,True,True,True,True,True,2026-02-07T18:50:31+00:00,True,True,phpunit.xml,True,True,False,,^7.3|^8.0,^9.1,False,False,,False,True,Eligible,2026-09-11T14:28:10.862650+00:00,SUCCESS,PHP,4,1,0,4
P1562,arafat-web/Bulk-Email-Sender,https://github.com/arafat-web/Bulk-Email-Sender,main,363162a04f3d554e16a2410e1a406ecedc2468c7,,MIT,2023-10-04T20:16:58Z,2026-09-10T10:39:42Z,2026-09-14T08:39:30Z,9317,False,False,False,Confirmed Laravel Application,True,True,True,True,True,True,True,2026-09-10T11:56:19+00:00,True,True,phpunit.xml,True,True,False,,^8.1,^10.10,False,False,,False,True,Eligible,2026-09-11T14:28:14.100779+00:00,SUCCESS,PHP,68,21,1,68
P1571,andrewdwallo/erpsaas,https://github.com/andrewdwallo/erpsaas,3.x,565501e64ec7f59e8fbab342d4254ee6ef1202c8,,MIT,2022-09-21T14:18:43Z,2026-09-10T16:19:32Z,2026-03-05T00:55:33Z,14069,False,False,False,Confirmed Laravel Application,True,True,True,True,True,True,True,2026-03-05T00:55:33+00:00,True,True,phpunit.xml,True,True,True,"test: ['@php artisan config:clear --ansi', '@php artisan test']",^8.2,^12.0,False,False,,False,True,Eligible,2026-09-11T14:28:21.904113+00:00,SUCCESS,PHP,1473,421,12,1473
P1585,minhajul/blog,https://github.com/minhajul/blog,main,76c7bf95c342dd98c27114228796e6a2ecf6f835,,,2021-05-30T15:54:40Z,2026-09-16T05:09:09Z,2026-09-16T05:09:05Z,8934,False,False,False,Confirmed Laravel Application,True,True,True,True,True,True,True,2026-09-10T05:13:47+00:00,True,True,phpunit.xml,True,True,True,"test: ['@php artisan config:clear --ansi', '@php artisan test --parallel']",^8.4,^13.0,False,False,,False,True,Eligible,2026-09-11T14:28:29.483195+00:00,SUCCESS,PHP,10,0,0,10
P1587,nuclearcms/nuclear,https://github.com/nuclearcms/nuclear,master,39b91f808ef352fabe87928da96961794ed8ff4d,,MIT,2015-09-07T21:05:07Z,2026-07-18T12:47:32Z,2026-04-09T20:33:33Z,7923,False,False,False,Confirmed Laravel Application,True,True,True,True,True,True,True,2026-04-09T20:33:33+00:00,True,True,phpunit.xml,True,False,False,,^8.2,^9.19,False,False,,False,True,Eligible,2026-09-11T14:28:33.237473+00:00,SUCCESS,PHP,39,6,0,39
P1605,alaminfirdows/laravel-editorjs-demo,https://github.com/alaminfirdows/laravel-editorjs-demo,2.x,6c74249e338672e6dd6136cf25f0ea125c07e5b0,,,2024-03-29T17:19:37Z,2026-03-24T16:45:17Z,2026-03-24T16:49:02Z,248,False,False,False,Confirmed Laravel Application,True,True,True,True,True,True,True,2026-03-24T16:49:02+00:00,True,True,phpunit.xml,True,True,True,"test: ['@php artisan config:clear --ansi', '@php artisan test']",^8.3,^13.0,False,False,,False,True,Eligible,2026-09-11T14:28:36.358195+00:00,SUCCESS,PHP,4,5,1,4
P1614,hanzo-alpha/simdata-sosial,https://github.com/hanzo-alpha/simdata-sosial,main,135818dea3162bcf0a2c843db37e6d70f97fb643,,MIT,2023-11-02T14:12:22Z,2026-05-22T16:00:55Z,2026-06-22T23:02:52Z,37984,False,False,False,Confirmed Laravel Application,True,True,True,True,True,True,True,2026-06-22T23:02:52+00:00,True,True,phpunit.xml,True,True,False,,^8.2,^12.0,False,False,,False,True,Eligible,2026-09-11T14:28:45.321742+00:00,SUCCESS,PHP,2,1,2,2
P1615,Tschucki/pr0p0ll,https://github.com/Tschucki/pr0p0ll,main,7b900f3a916ed81ea66b276d6290bf44440d2717,,AGPL-3.0,2024-01-06T20:29:34Z,2026-08-03T19:58:43Z,2026-08-03T19:58:24Z,7286,False,False,False,Confirmed Laravel Application,True,True,True,True,True,True,True,2026-08-03T19:58:24+00:00,True,True,phpunit.xml,True,True,False,,^8.3,^13.0,False,False,,False,True,Eligible,2026-09-11T14:28:49.244309+00:00,SUCCESS,PHP,15,0,13,15
P1626,TedoHarisC/presensi-app-laravel-filament,https://github.com/TedoHarisC/presensi-app-laravel-filament,main,7d41d4f61fcf1a143595131169585904a50ff5c3,,,2024-08-08T09:57:48Z,2025-12-16T16:05:32Z,2025-02-14T07:54:12Z,875,False,False,False,Confirmed Laravel Application,True,True,True,True,True,True,True,2025-02-14T07:54:12+00:00,True,True,phpunit.xml,True,True,False,,^8.2,^11.9,False,False,,False,True,Eligible,2026-09-11T14:28:56.935172+00:00,SUCCESS,PHP,2,1,0,2
P1642,rurumiru/novel-site-platform,https://github.com/rurumiru/novel-site-platform,main,7def2427dc3988d9d001d4d18f027fc121b6795a,,MIT,2026-06-11T14:03:35Z,2026-08-31T14:41:14Z,2026-08-31T14:32:53Z,2112,False,False,False,Confirmed Laravel Application,True,True,True,True,True,True,True,2026-08-31T14:32:53+00:00,True,True,phpunit.xml,True,False,True,"test: ['@php artisan config:clear --ansi', '@php artisan test']",^8.2,^12.0,False,False,,False,True,Eligible,2026-09-11T14:29:07.824471+00:00,SUCCESS,PHP,2,1,0,2
P1652,BaseMax/BookingLaravelGraphQL,https://github.com/BaseMax/BookingLaravelGraphQL,main,e553bdf11a401fcddcd19ee96aba67fd2acb6a2f,,GPL-3.0,2023-08-24T09:53:11Z,2026-09-02T17:08:07Z,2026-09-02T17:07:53Z,888,False,False,False,Confirmed Laravel Application,True,True,True,True,True,True,True,2026-09-02T17:07:53+00:00,True,True,phpunit.xml,True,True,False,,^8.1,^10.10,False,False,,False,True,Eligible,2026-09-11T14:29:18.541659+00:00,SUCCESS,PHP,2,2,0,2
P1672,harys-rifai/lvmac12012628-POS,https://github.com/harys-rifai/lvmac12012628-POS,main,646d748769f2ba6970627f0cedde98b4e88f1369,,,2026-01-28T14:49:02Z,2026-05-09T01:34:32Z,2026-02-22T05:30:01Z,583,False,False,False,Confirmed Laravel Application,True,True,True,True,True,True,True,2026-02-22T05:30:01+00:00,True,True,phpunit.xml,True,True,True,"test:lint: ['pint --parallel --test'] | test: ['@php artisan config:clear --ansi', '@test:lint', '@php artisan test']",^8.2,^12.0,False,False,,False,True,Eligible,2026-09-11T14:29:28.152802+00:00,SUCCESS,PHP,2,0,1,2
P1675,amarskdev/Laravel-Ecommerce-Platform,https://github.com/amarskdev/Laravel-Ecommerce-Platform,main,99b04391c47207d8c88f821983c784fb379abf51,,,2023-02-11T15:26:25Z,2026-09-02T08:18:42Z,2026-05-30T13:38:46Z,24551,False,False,False,Confirmed Laravel Application,True,True,True,True,True,True,True,2026-05-30T13:38:46+00:00,True,True,phpunit.xml,True,True,False,,^7.3,^8.0,False,False,,False,True,Eligible,2026-09-11T14:29:31.900466+00:00,SUCCESS,PHP,2,0,0,2
P1682,gerrygeop/inventori-merchandise,https://github.com/gerrygeop/inventori-merchandise,main,24556b47f8f35465ab98f49c00fcd81cc0764633,,,2024-03-28T15:24:34Z,2025-05-20T04:57:45Z,2025-05-14T08:06:12Z,1930,False,False,False,Confirmed Laravel Application,True,True,True,True,True,True,True,2025-05-14T08:06:12+00:00,True,True,phpunit.xml,True,True,False,,^8.1,^10.10,False,False,,False,True,Eligible,2026-09-11T14:29:39.261954+00:00,SUCCESS,PHP,2,0,0,2
P1685,CodeRomeos/laravel-inertia-react-shadcn-boilerplate,https://github.com/CodeRomeos/laravel-inertia-react-shadcn-boilerplate,1.x,2c28eaa850a17aaab1305e0f33cedfe3131e3949,,MIT,2024-06-23T16:02:25Z,2026-09-10T04:28:13Z,2025-11-18T16:52:36Z,5289,False,False,False,Confirmed Laravel Application,True,True,True,True,True,True,True,2025-11-18T16:52:36+00:00,True,True,phpunit.xml,True,True,False,,^8.2,^12.0,False,False,,False,True,Eligible,2026-09-11T14:29:43.081124+00:00,SUCCESS,PHP,32,12,1,32
P1703,asgarimehdi/h-dashboard,https://github.com/asgarimehdi/h-dashboard,main,2d4b547a8edeb1a25826cf7c7074ef1d1351da88,,,2025-03-19T09:29:25Z,2026-09-08T20:17:56Z,2026-09-15T09:33:44Z,6334,False,False,False,Confirmed Laravel Application,True,True,True,True,True,True,True,2026-09-10T16:03:46+00:00,True,True,phpunit.xml,True,False,True,"test: ['Composer\\Config::disableProcessTimeout', 'php artisan config:clear', 'php artisan route:clear', 'XDEBUG_MODE=off php artisan test'] | pint:test: pint --test",^8.3,^13.0,False,False,,False,True,Eligible,2026-09-11T14:29:57.756372+00:00,SUCCESS,PHP,2,9,0,2
P1721,mycermy/ims-lo14,https://github.com/mycermy/ims-lo14,master,51f3c128678380266c9ad8c21d0163b5fcbba22c,,,2023-12-23T23:41:48Z,2025-03-21T15:05:39Z,2025-02-26T02:44:25Z,3690,False,False,False,Confirmed Laravel Application,True,True,True,True,True,True,True,2025-02-26T02:44:25+00:00,True,True,phpunit.xml,True,True,False,,^8.3,^11.22,False,False,,False,True,Eligible,2026-09-11T14:30:08.909899+00:00,SUCCESS,PHP,2,0,2,2
P1723,aydinpramasta/perpustakaan,https://github.com/aydinpramasta/perpustakaan,main,91f0c60b880db48858e62330cc70fc77b94fecd5,,,2023-01-19T06:19:35Z,2026-08-18T01:37:46Z,2025-06-06T13:20:28Z,2223,False,False,False,Confirmed Laravel Application,True,True,True,True,True,True,True,2025-06-06T13:20:28+00:00,True,True,phpunit.xml,True,True,False,,^8.2.0,^12.17,False,False,,False,True,Eligible,2026-09-11T14:30:12.511435+00:00,SUCCESS,PHP,16,0,0,16
P1726,cwang22/buy-all-steam-games,https://github.com/cwang22/buy-all-steam-games,master,3d1c1c8d07c1447e52838f3ae8ddd33ce5eaff2e,,MIT,2017-03-18T06:37:25Z,2026-09-04T09:43:22Z,2025-01-22T04:57:33Z,3038,False,False,False,Confirmed Laravel Application,True,True,True,True,True,True,True,2025-01-22T04:57:33+00:00,True,True,phpunit.xml,True,True,False,,^8.2.0,^10.0,False,False,,False,True,Eligible,2026-09-11T14:30:20.968511+00:00,SUCCESS,PHP,170,9,5,170
P1734,mehmetmasa/finova,https://github.com/mehmetmasa/finova,main,141279a7311e883a7892756d9005994ccc88e589,,MIT,2025-10-07T22:42:57Z,2026-09-15T13:33:38Z,2026-09-15T13:33:31Z,7021,False,False,False,Confirmed Laravel Application,True,True,True,True,True,True,True,2026-01-08T18:46:25+00:00,True,True,phpunit.xml,True,True,True,test: ['@php artisan test --parallel'],^8.2,^11.31,False,False,,False,True,Eligible,2026-09-11T14:30:29.751907+00:00,SUCCESS,PHP,34,14,0,34
P1735,VoxDroid/Eventra,https://github.com/VoxDroid/Eventra,main,db0556473eed2ebb8c7d6ff8ee9653da3392668d,,GPL-3.0,2026-03-27T04:39:13Z,2026-07-03T16:32:30Z,2026-04-14T19:48:26Z,5521,False,False,False,Confirmed Laravel Application,True,True,True,True,True,True,True,2026-04-14T19:48:26+00:00,True,True,phpunit.xml,True,True,True,"test: ['@php artisan config:clear --ansi', '@php artisan test']",^8.3,^12.0,False,False,,False,True,Eligible,2026-09-11T14:30:33.441597+00:00,SUCCESS,PHP,4,0,0,4
P1753,MusgoNato/FinAI,https://github.com/MusgoNato/FinAI,main,bbef30059e5099e6ab7aa1f3314d1aedc62146ee,,,2026-01-19T22:22:50Z,2026-04-04T23:11:53Z,2026-04-04T23:11:49Z,1180,False,False,False,Confirmed Laravel Application,True,True,True,True,True,True,True,2026-04-04T23:11:49+00:00,True,True,phpunit.xml,True,True,True,"test: ['@php artisan config:clear --ansi', '@php artisan test']",^8.2,^12.0,False,False,,False,True,Eligible,2026-09-11T14:30:37.619835+00:00,SUCCESS,PHP,3,0,0,3
P1758,innocms/innocms,https://github.com/innocms/innocms,main,0b0fc5c041afda6a7f785edd0a469f8d8770af4e,,OSL-3.0,2023-08-08T10:31:39Z,2026-09-07T06:25:14Z,2026-09-07T06:25:13Z,38120,False,False,False,Confirmed Laravel Application,True,True,True,True,True,True,True,2026-09-07T06:25:13+00:00,True,True,phpunit.xml,True,True,False,,^8.3,^13.0,False,False,,False,True,Eligible,2026-09-11T14:30:47.356418+00:00,SUCCESS,PHP,129,19,0,129
P1767,PURPLE-ORCA/PROXAM,https://github.com/PURPLE-ORCA/PROXAM,main,69d52bdb78fac2c5c40f3055160992b7a7fc2717,,,2025-05-04T22:51:42Z,2025-12-01T19:42:10Z,2025-07-25T15:54:16Z,2709,False,False,False,Confirmed Laravel Application,True,True,True,True,True,True,True,2025-07-25T15:54:16+00:00,True,True,phpunit.xml,True,True,True,"test: ['@php artisan config:clear --ansi', '@php artisan test']",^8.2,^12.0,False,False,,False,True,Eligible,2026-09-11T14:30:54.926337+00:00,SUCCESS,PHP,2,0,0,2
P1774,zayennn/streamingnime,https://github.com/zayennn/streamingnime,master,4a583ba47b04184d5538fb8243ec4a6661a065f1,,,2026-02-08T00:09:39Z,2026-03-15T08:44:16Z,2026-02-16T00:20:48Z,13566,False,False,False,Confirmed Laravel Application,True,True,True,True,True,True,True,2026-02-16T00:20:48+00:00,True,True,phpunit.xml,True,True,False,,^8.1,^10.0,False,False,,False,True,Eligible,2026-09-11T14:30:58.141269+00:00,SUCCESS,PHP,5,0,0,5
P1798,myxiaoao/dujiaoka-next,https://github.com/myxiaoao/dujiaoka-next,master,ec6f79fbfd3551098b5d7ace697d5090b156a054,,,2025-11-01T02:54:50Z,2026-09-12T04:10:21Z,2025-11-13T23:59:27Z,10535,False,False,False,Confirmed Laravel Application,True,True,True,True,True,True,True,2025-11-13T23:59:27+00:00,True,True,phpunit.xml,True,True,True,"test: ['@php artisan config:clear --ansi', '@php artisan test']",^8.3,^12.0,False,False,,False,True,Eligible,2026-09-11T14:31:10.830374+00:00,SUCCESS,PHP,54,11,1,54
P1806,hlmitecnologia/vetessence,https://github.com/hlmitecnologia/vetessence,main,cfe7e4afef7e351f6718fb20d217ed4a7929917f,,MIT,2026-04-09T17:35:16Z,2026-09-09T00:59:50Z,2026-08-31T21:53:13Z,25158,False,False,False,Confirmed Laravel Application,True,True,True,True,True,True,True,2026-08-31T21:53:13+00:00,True,True,phpunit.xml,True,True,False,,^8.2,^13.0,False,False,,False,True,Eligible,2026-09-11T14:31:19.413560+00:00,SUCCESS,PHP,6,1,0,6
P1835,RamzyVirani/laravel-boilerplate,https://github.com/RamzyVirani/laravel-boilerplate,master,954cf97a49420f9042d4d1dcfe10f1999085a850,,,2019-08-30T10:58:43Z,2025-10-06T09:05:08Z,2025-07-15T05:22:32Z,3584,False,False,False,Confirmed Laravel Application,True,True,True,True,True,True,True,2025-07-15T05:22:32+00:00,True,True,phpunit.xml,True,True,False,,^7.1.3,5.8.*,False,False,,False,True,Eligible,2026-09-11T14:31:36.128184+00:00,SUCCESS,PHP,16,4,16,16
P1840,lukacavic/taskwave,https://github.com/lukacavic/taskwave,main,c61dcafd202281b9160825533f6d01fb62a84d03,,MIT,2024-10-09T08:05:58Z,2026-08-04T15:19:28Z,2025-08-03T18:19:44Z,2983,False,False,False,Confirmed Laravel Application,True,True,True,True,True,True,True,2025-08-03T18:19:44+00:00,True,True,phpunit.xml,True,True,False,,^8.2,^11.9,False,False,,False,True,Eligible,2026-09-11T14:31:43.947327+00:00,SUCCESS,PHP,44,19,4,44
P1845,ArcInTower/telegram-channel-api,https://github.com/ArcInTower/telegram-channel-api,main,87d3a01ac3bb404721d46f652019ba40409136b6,,MIT,2025-07-08T08:45:26Z,2025-12-02T00:02:14Z,2025-08-01T13:17:43Z,438,False,False,False,Confirmed Laravel Application,True,True,True,True,True,True,True,2025-08-01T13:17:43+00:00,True,True,phpunit.xml; phpunit.xml.dist,True,True,True,"test: ['@php artisan config:clear --ansi', '@php artisan test']",^8.2,^12.0,False,False,,False,True,Eligible,2026-09-11T14:31:47.779981+00:00,SUCCESS,PHP,2,1,0,2
P1847,ytivargitna/outfit-shop-api,https://github.com/ytivargitna/outfit-shop-api,docs,b461a48fc5edc1e5d30b63530c47fec9d6b1fae2,,,2026-08-13T14:59:58Z,2026-08-27T15:32:58Z,2026-08-27T15:11:43Z,344172,False,False,False,Confirmed Laravel Application,True,True,True,True,True,True,True,2026-08-27T15:11:43+00:00,True,True,phpunit.xml,True,True,True,test: ['@php artisan test'],^8.2,12.61.1,False,False,,False,True,Eligible,2026-09-11T14:31:50.922142+00:00,SUCCESS,PHP,2,0,0,2
P1861,ChanCrits/students,https://github.com/ChanCrits/students,master,3a09f863773920c70f7b05bc52ad3a2c860193fe,,,2025-02-18T08:47:07Z,2025-03-18T05:11:35Z,2025-03-18T05:11:31Z,445,False,False,False,Confirmed Laravel Application,True,True,True,True,True,True,True,2025-03-18T05:11:31+00:00,True,True,phpunit.xml,True,True,False,,^8.2,^11.31,False,False,,False,True,Eligible,2026-09-11T14:31:54.608102+00:00,SUCCESS,PHP,3,1,0,3
P1871,YasserElgammal/expenses-tracker,https://github.com/YasserElgammal/expenses-tracker,main,44999786610e644b3fb7c5fafccf991ae5433def,,,2023-07-30T13:11:06Z,2026-05-13T21:26:46Z,2026-05-13T21:26:42Z,90,False,False,False,Confirmed Laravel Application,True,True,True,True,True,True,True,2026-05-13T21:26:42+00:00,True,True,phpunit.xml,True,True,False,,^8.1,^10.10,False,False,,False,True,Eligible,2026-09-11T14:32:06.272156+00:00,SUCCESS,PHP,6,2,0,6
P1914,polirium/polirium,https://github.com/polirium/polirium,main,dc59a781f782adfeed7fd32dfb2612d6808ff230,,MIT,2024-02-08T03:18:28Z,2026-09-16T02:46:20Z,2026-09-16T02:46:16Z,15746,False,False,False,Confirmed Laravel Application,True,True,True,True,True,True,True,2026-08-24T09:59:15+00:00,True,True,phpunit.xml,True,True,False,,^8.3,^13.0,False,False,,False,True,Eligible,2026-09-11T14:32:24.524862+00:00,SUCCESS,PHP,42,16,0,42
P1924,ChandanShakya/mary-ui-starter-kit,https://github.com/ChandanShakya/mary-ui-starter-kit,main,5e7c4c73a07ed3ef496a5bddfe2587b66783825a,,MIT,2025-04-08T02:05:42Z,2026-04-20T18:17:51Z,2026-04-20T18:18:39Z,763,False,False,False,Confirmed Laravel Application,True,True,True,True,True,True,True,2026-04-20T18:18:39+00:00,True,True,phpunit.xml,True,True,False,,^8.2,^12.52.0,False,False,,False,True,Eligible,2026-09-11T14:32:31.997558+00:00,SUCCESS,PHP,5,2,0,5
P1927,mortenebak/laravel-starter-project,https://github.com/mortenebak/laravel-starter-project,main,985dbe6d5335526def11c75019ac9cc0448c858c,,,2022-12-30T18:31:17Z,2026-01-06T15:59:19Z,2026-02-07T09:37:07Z,1099,False,False,False,Confirmed Laravel Application,True,True,True,True,True,True,True,2026-02-07T09:37:07+00:00,True,True,phpunit.xml,True,True,True,test: php artisan test,^8.2|^8.3,^v12.9,False,False,,False,True,Eligible,2026-09-11T14:32:41.042451+00:00,SUCCESS,PHP,7,5,5,7
P1936,Helg18/megadownloaderrobot,https://github.com/Helg18/megadownloaderrobot,master,e18a2174f777bfbc75c2971d8ca853dcd7cf88d1,,,2020-05-23T06:04:42Z,2025-11-06T16:43:22Z,2026-02-13T20:55:10Z,1772,False,False,False,Confirmed Laravel Application,True,True,True,True,True,True,True,2026-02-13T20:55:10+00:00,True,True,phpunit.xml,True,True,False,,^7.2.5,^7.0,False,False,,False,True,Eligible,2026-09-11T14:32:44.827268+00:00,SUCCESS,PHP,17,18,29,17
P1941,FinTrackhq/FinTrack,https://github.com/FinTrackhq/FinTrack,main,eb168b2f134b544995f14422a2814198503a81b2,,MIT,2024-01-14T11:06:15Z,2026-05-03T17:03:23Z,2025-12-02T19:35:15Z,27341,False,False,False,Confirmed Laravel Application,True,True,True,True,True,True,True,2025-12-02T19:35:15+00:00,True,True,phpunit.xml,True,True,False,,^8.3,^11.0,False,False,,False,True,Eligible,2026-09-11T14:32:52.006270+00:00,SUCCESS,PHP,31,0,1,31
P1943,AhmadIkbalDjaya/momentum,https://github.com/AhmadIkbalDjaya/momentum,main,6a539c4111180074be11baaeb3fad93229b37286,,,2024-05-24T10:51:10Z,2026-06-26T13:43:58Z,2026-06-26T13:43:52Z,15387,False,False,False,Confirmed Laravel Application,True,True,True,True,True,True,True,2026-06-26T13:43:52+00:00,True,True,phpunit.xml,True,True,False,,^8.2,^11.0,False,False,,False,True,Eligible,2026-09-11T14:32:56.085292+00:00,SUCCESS,PHP,2,1,0,2
P1944,EG-Mohamed/OpenCharity,https://github.com/EG-Mohamed/OpenCharity,main,d886921bdf41fd6c713704c41606a5daddfe3bbc,,,2026-04-14T17:40:02Z,2026-08-03T13:01:42Z,2026-07-27T12:29:23Z,5393,False,False,False,Confirmed Laravel Application,True,True,True,True,True,True,True,2026-07-27T12:29:23+00:00,True,True,phpunit.xml,True,True,True,"test: ['@php artisan config:clear --ansi', '@php artisan test']",^8.3,^13.22,False,False,,False,True,Eligible,2026-09-11T14:33:00.572191+00:00,SUCCESS,PHP,4,2,1,4
P1949,qeihannn/laravel-pos-system,https://github.com/qeihannn/laravel-pos-system,main,34b4ee17df881a0277a89516d4df31d64a2fe8ce,,,2025-12-13T09:54:22Z,2026-02-03T01:35:57Z,2025-12-17T03:31:28Z,2743,False,False,False,Confirmed Laravel Application,True,True,True,True,True,True,True,2025-12-17T03:31:28+00:00,True,True,phpunit.xml,True,True,False,,^8.1,^10.0,False,False,,False,True,Eligible,2026-09-11T14:33:08.033037+00:00,SUCCESS,PHP,5,0,0,5
P1958,AhmadMuzayyin/siska,https://github.com/AhmadMuzayyin/siska,main,3b61620d2db53f569b66b601ca5750f53e884fcd,,,2024-11-05T05:07:27Z,2026-08-14T16:16:12Z,2026-08-18T06:47:35Z,3136,False,False,False,Confirmed Laravel Application,True,True,True,True,True,True,True,2026-08-18T06:47:35+00:00,True,True,phpunit.xml,True,False,False,,^8.2,^11.9,False,False,,False,True,Eligible,2026-09-11T14:33:11.063398+00:00,SUCCESS,PHP,6,0,0,6
P1968,takielias/tablar-starter-kit,https://github.com/takielias/tablar-starter-kit,main,56bec05edc1ef4a4d7a89a90fbb4629cb2d4a484,,,2025-03-14T14:11:21Z,2026-09-05T06:29:30Z,2026-09-05T06:30:57Z,166,False,False,False,Confirmed Laravel Application,True,True,True,True,True,True,True,2026-09-05T06:30:57+00:00,True,True,phpunit.xml,True,False,False,,^8.3,^13.0,False,False,,False,True,Eligible,2026-09-11T14:33:24.011848+00:00,SUCCESS,PHP,13,1,0,13
P1978,pourya-azad/SnappAPI,https://github.com/pourya-azad/SnappAPI,main,340ae7241c579e0f970955eb618892a21192c49c,,GPL-3.0,2025-03-29T15:18:19Z,2026-08-31T14:55:20Z,2025-09-13T07:32:44Z,960,False,False,False,Confirmed Laravel Application,True,True,True,True,True,True,True,2025-09-13T07:32:44+00:00,True,True,phpunit.xml,True,True,False,,^8.2,^12.0,False,False,,False,True,Eligible,2026-09-11T14:33:27.770911+00:00,SUCCESS,PHP,52,3,0,52
P1980,ds-joe/saas-multi-layout-laravel-template,https://github.com/ds-joe/saas-multi-layout-laravel-template,main,2125ad63b1d682506615a12df0759463cdfac7b7,,MIT,2024-08-16T00:53:48Z,2025-08-03T15:19:12Z,2025-01-17T15:55:57Z,2438,False,False,False,Confirmed Laravel Application,True,True,True,True,True,True,True,2025-01-17T15:55:57+00:00,True,True,phpunit.xml,True,True,False,,^8.2,^11.9,False,False,,False,True,Eligible,2026-09-11T14:33:31.767480+00:00,SUCCESS,PHP,4,1,0,4
P1984,hamza094/daywright,https://github.com/hamza094/daywright,master,24fea0ee6e843791a91b3fcab7e803511c23dc21,,AGPL-3.0,2020-09-23T16:51:43Z,2026-09-09T15:59:38Z,2026-09-14T14:40:41Z,64302,False,False,False,Confirmed Laravel Application,True,True,True,True,True,True,True,2026-09-09T15:53:23+00:00,True,True,phpunit.xml,True,True,True,test: ['@php vendor/bin/phpunit'] | pint:test: ['@php vendor/bin/pint --test'] | rector:test: ['@php vendor/bin/rector --dry-run'],^8.3,^12.41.1,False,False,,False,True,Eligible,2026-09-11T14:33:35.697998+00:00,SUCCESS,PHP,6,2,18,6
P2001,Dziennik-Azayaka/azayaka,https://github.com/Dziennik-Azayaka/azayaka,master,7969910e52bd6cfa87fc4d45c1e8315d5e9c367f,,AGPL-3.0,2025-07-01T10:39:28Z,2026-09-06T12:42:12Z,2026-09-04T17:31:07Z,1126,False,False,False,Confirmed Laravel Application,True,True,True,True,True,True,True,2026-09-04T17:31:07+00:00,True,True,phpunit.xml,True,True,True,"test: ['@php artisan config:clear --ansi', '@php artisan test']",^8.3,^12.0,False,False,,False,True,Eligible,2026-09-11T14:33:42.389928+00:00,SUCCESS,PHP,24,1,3,24
P2016,bintang-r/pembayaran-spp,https://github.com/bintang-r/pembayaran-spp,main,ffa6f920823e8cb68e42a164c31f170615f77977,,,2023-01-23T00:01:29Z,2025-10-25T05:36:11Z,2025-01-21T06:43:00Z,5070,False,False,False,Confirmed Laravel Application,True,True,True,True,True,True,True,2025-01-21T06:43:00+00:00,True,True,phpunit.xml,True,True,False,,^8.0.2,^9.19,False,False,,False,True,Eligible,2026-09-11T14:33:45.948016+00:00,SUCCESS,PHP,4,0,0,4
P2031,ColoredCow/monitor,https://github.com/ColoredCow/monitor,main,1ea2b742bad958955e5b9418e8df7ca1b5036cf6,,GPL-3.0,2020-07-06T09:00:38Z,2026-07-03T07:32:18Z,2026-07-04T10:25:58Z,6153,False,False,False,Confirmed Laravel Application,True,True,True,True,True,True,True,2026-07-04T10:25:58+00:00,True,True,phpunit.xml,True,True,False,,^8.2,^12.0,False,False,,False,True,Eligible,2026-09-11T14:33:53.530254+00:00,SUCCESS,PHP,5,1,13,5
P2032,alabaganne/Internly,https://github.com/alabaganne/Internly,main,97e92852b8eca45018ac9847c0863b19ffde2ffb,,,2021-04-08T12:43:57Z,2026-09-08T00:54:24Z,2026-09-08T00:54:06Z,6231,False,False,False,Confirmed Laravel Application,True,True,True,True,True,True,True,2026-09-08T00:54:06+00:00,True,True,phpunit.xml,True,True,False,,^7.3|^8.0,^8.12,False,False,,False,True,Eligible,2026-09-11T14:33:57.839023+00:00,SUCCESS,PHP,4,0,0,4
P2033,akbarr13/waroong,https://github.com/akbarr13/waroong,main,c250cdb5f56c2943a0bd1e59b259afb7c66e4a39,,MIT,2026-03-16T05:07:21Z,2026-08-06T00:29:26Z,2026-03-19T06:17:59Z,832,False,False,False,Confirmed Laravel Application,True,True,True,True,True,True,True,2026-03-19T06:17:59+00:00,True,True,phpunit.xml,True,True,False,,^8.1,^10.10,False,False,,False,True,Eligible,2026-09-11T14:34:01.715946+00:00,SUCCESS,PHP,2,3,0,2
P2037,jeffersongoncalves/nativekitv5,https://github.com/jeffersongoncalves/nativekitv5,main,67e5ef721338d7853d274dcacbbdfed13c6ac8e6,,,2025-10-31T13:11:44Z,2026-09-11T16:50:27Z,2026-09-11T16:50:24Z,12517,False,False,False,Confirmed Laravel Application,True,True,True,True,True,True,True,2026-09-05T22:51:00+00:00,True,True,phpunit.xml,True,True,False,,^8.3,^13.0,False,False,,False,True,Eligible,2026-09-11T14:34:09.320307+00:00,SUCCESS,PHP,4,0,0,4
P2042,developer-ashok/laravel-recaptcha,https://github.com/developer-ashok/laravel-recaptcha,master,b66148126ae657cfebd4ee4402d90d64f49c570b,,,2019-02-22T05:44:43Z,2026-07-18T18:52:57Z,2026-07-18T18:52:53Z,1931,False,False,False,Confirmed Laravel Application,True,True,True,True,True,True,True,2026-07-18T18:52:53+00:00,True,True,phpunit.xml,True,True,False,,^7.1.3,5.7.*,False,False,,False,True,Eligible,2026-09-11T14:34:12.521296+00:00,SUCCESS,PHP,2,0,5,2
P2050,CholitaApp/cholita,https://github.com/CholitaApp/cholita,main,8e88ebc6f80504a1c0c43772383dbdb8fbb3208a,,,2025-04-26T14:36:56Z,2025-07-01T17:41:30Z,2025-07-01T17:41:55Z,2074,False,False,False,Confirmed Laravel Application,True,True,True,True,True,True,True,2025-07-01T17:41:55+00:00,True,True,phpunit.xml,True,True,True,phpunit: ./vendor/bin/paratest -c phpunit.xml,^8.4,^12.0,False,False,,False,True,Eligible,2026-09-11T14:34:25.688399+00:00,SUCCESS,PHP,2,0,16,2
P2060,cristianmarint/DEPORCO,https://github.com/cristianmarint/DEPORCO,master,977edefd0fd8422efcc38302152aca4dcdf57ba9,,NOASSERTION,2018-09-23T02:49:08Z,2026-07-11T20:53:50Z,2026-09-12T04:37:53Z,60872,False,False,False,Confirmed Laravel Application,True,True,True,True,True,True,True,2026-09-05T10:19:09+00:00,True,True,phpunit.xml,True,True,False,,^7.1.3,5.8.*,False,False,,False,True,Eligible,2026-09-11T14:34:29.392985+00:00,SUCCESS,PHP,9,1,5,9
P2061,ZTL-ARTCC/Current_Website,https://github.com/ZTL-ARTCC/Current_Website,main,80ab81ef1f8374a7a8f114e706883d819617179d,,AGPL-3.0,2018-11-15T19:13:19Z,2026-09-07T04:50:06Z,2026-09-09T15:02:43Z,46654,False,False,False,Confirmed Laravel Application,True,True,True,True,True,True,True,2026-09-09T15:02:43+00:00,True,True,phpunit.xml,True,True,False,,^8.4,^13.12,False,False,,False,True,Eligible,2026-09-11T14:34:33.476239+00:00,SUCCESS,PHP,4,4,15,4
P2064,Ahmed1shihab/laravel-ecommerce,https://github.com/Ahmed1shihab/laravel-ecommerce,master,08c25b77b057f9dae8e1177035d6e9124f0b7f06,,,2021-09-29T08:24:40Z,2025-07-18T17:18:16Z,2025-07-18T17:18:11Z,12831,False,False,False,Confirmed Laravel Application,True,True,True,True,True,True,True,2025-07-18T17:18:11+00:00,True,True,phpunit.xml,True,True,False,,^7.3|^8.0,^8.54,False,False,,False,True,Eligible,2026-09-11T14:34:36.717181+00:00,SUCCESS,PHP,2,1,0,2
P2077,brayo333/random-journal,https://github.com/brayo333/random-journal,main,286a989cd1bf30de72ef58f8cf86b93053822318,,MIT,2023-05-08T10:56:52Z,2026-06-08T09:45:32Z,2026-04-12T17:00:27Z,351,False,False,False,Confirmed Laravel Application,True,True,True,True,True,True,True,2026-04-12T17:00:27+00:00,True,True,phpunit.xml,True,True,False,,^8.1,^10.8,False,False,,False,True,Eligible,2026-09-11T14:34:44.832082+00:00,SUCCESS,PHP,2,0,0,2
P2081,ghostcompiler/laravel-react-jsx-boilerplate,https://github.com/ghostcompiler/laravel-react-jsx-boilerplate,main,1a1b383602faa2b4a2525becfc2acc0839a3085f,,,2026-06-06T11:01:32Z,2026-08-24T17:24:36Z,2026-07-06T10:27:02Z,432,False,False,False,Confirmed Laravel Application,True,True,True,True,True,True,True,2026-07-06T10:27:02+00:00,True,True,phpunit.xml,True,False,True,"test: ['@php artisan config:clear --ansi', '@lint:check', '@php artisan test']",^8.3,^13.7,False,False,,False,True,Eligible,2026-09-11T14:34:56.268500+00:00,SUCCESS,PHP,20,0,0,20
P2114,romanzipp/Laravel-Skeleton,https://github.com/romanzipp/Laravel-Skeleton,main,71bb594bbfd99ac5aaf37d94e5ac2725e842e019,,,2020-04-01T09:52:36Z,2026-03-20T07:51:49Z,2025-03-20T08:28:55Z,9784,False,False,False,Confirmed Laravel Application,True,True,True,True,True,True,True,2025-03-20T08:28:55+00:00,True,True,phpunit.xml,True,True,False,,^8.3,^12.0,False,False,,False,True,Eligible,2026-09-11T14:35:08.528422+00:00,SUCCESS,PHP,8,0,0,8
P2120,ca-tim4-22/online-library-management-system,https://github.com/ca-tim4-22/online-library-management-system,main,5bbf7e43550fce76e555ebe2eb79ab329b0ab150,,MIT,2022-07-15T09:09:33Z,2026-03-26T13:59:17Z,2025-04-30T18:49:05Z,72010,False,False,False,Confirmed Laravel Application,True,True,True,True,True,True,True,2025-04-30T18:49:05+00:00,True,True,phpunit.xml,True,True,False,,^8.0.2,^9.19,False,False,,False,True,Eligible,2026-09-11T14:35:20.874467+00:00,SUCCESS,PHP,14,4,13,14
P2125,AmirPeyravan/classino,https://github.com/AmirPeyravan/classino,master,71a8f25c944cc77f80dc9b701b5ae0bc0b47f95f,,,2025-05-19T13:39:25Z,2025-07-02T07:50:40Z,2025-06-03T16:16:56Z,261,False,False,False,Confirmed Laravel Application,True,True,True,True,True,True,True,2025-06-03T16:16:56+00:00,True,True,phpunit.xml,True,True,True,"test: ['@php artisan config:clear --ansi', '@php artisan test']",^8.2,^12.0,False,False,,False,True,Eligible,2026-09-11T14:35:28.132495+00:00,SUCCESS,PHP,4,0,2,4
P2135,aschmelyun/laravel-job-board,https://github.com/aschmelyun/laravel-job-board,main,4a3c222dba17ac5595f1e745efc7c3553eddda7f,,MIT,2021-03-23T00:10:36Z,2026-08-27T10:39:26Z,2025-04-28T07:37:49Z,842,False,False,False,Confirmed Laravel Application,True,True,True,True,True,True,True,2025-04-28T07:37:49+00:00,True,True,phpunit.xml,True,True,False,,^7.3|^8.0,^8.40,False,False,,False,True,Eligible,2026-09-11T14:35:39.717616+00:00,SUCCESS,PHP,172,73,7,172
P2142,orgmanager/orgmanager,https://github.com/orgmanager/orgmanager,master,d866385083a49df5e9b210243fd2af4f3d1fd606,,MPL-2.0,2017-01-13T17:37:57Z,2026-07-08T22:32:17Z,2026-04-10T07:08:48Z,3326,False,False,False,Confirmed Laravel Application,True,True,True,True,True,True,True,2026-04-10T07:08:48+00:00,True,True,phpunit.xml,True,True,True,test: vendor/bin/phpunit,^7.1.3,^5.8.0,False,False,,False,True,Eligible,2026-09-11T14:35:43.581773+00:00,SUCCESS,PHP,197,101,33,197
P2162,spatie/laravel-event-projector-demo-app,https://github.com/spatie/laravel-event-projector-demo-app,master,136c982d56ac00a7229541d290cccdd43de34075,,,2018-05-21T17:02:36Z,2026-01-31T10:26:19Z,2026-01-31T10:26:14Z,330,False,False,False,Confirmed Laravel Application,True,True,True,True,True,True,True,2026-01-31T10:26:14+00:00,True,True,phpunit.xml,True,True,False,,^7.1.3,5.6.*,False,False,,False,True,Eligible,2026-09-11T14:35:51.760458+00:00,SUCCESS,PHP,40,7,0,40
P2177,MogahidGaffar/Laravel-vue-Starter-Kit-Dashboard,https://github.com/MogahidGaffar/Laravel-vue-Starter-Kit-Dashboard,main,040457827ea36dd6f353eade576aea0664e126b0,,MIT,2024-10-13T13:35:27Z,2026-07-27T21:33:42Z,2026-07-27T21:33:12Z,60340,False,False,False,Confirmed Laravel Application,True,True,True,True,True,True,True,2026-07-27T21:33:12+00:00,True,True,phpunit.xml,True,True,False,,^8.2,^10.10,False,False,,False,True,Eligible,2026-09-11T14:36:09.037683+00:00,SUCCESS,PHP,61,5,0,61
P2179,nouron/nouron,https://github.com/nouron/nouron,master,61ecb1ef1c9dcde65a8f439b8164da399c9a9174,,,2012-08-28T09:36:15Z,2026-09-15T19:20:03Z,2026-09-15T19:20:00Z,131845,False,False,False,Confirmed Laravel Application,True,True,True,True,True,True,True,2026-09-09T18:19:36+00:00,True,True,phpunit.xml,True,True,False,,^8.2,^12.0,False,False,,False,True,Eligible,2026-09-11T14:36:16.829271+00:00,SUCCESS,PHP,15,1,0,15
P2180,MateusHuebra/Termogram-bot,https://github.com/MateusHuebra/Termogram-bot,main,ff7ae90ba59ab68dc34b9ff8cee8b9d618f4bd81,,,2022-03-03T15:49:17Z,2026-01-18T19:05:24Z,2026-01-18T19:05:20Z,419,False,False,False,Confirmed Laravel Application,True,True,True,True,True,True,True,2026-01-18T19:05:20+00:00,True,True,phpunit.xml,True,True,False,,^7.3|^8.0,^8.75,False,False,,False,True,Eligible,2026-09-11T14:36:20.893316+00:00,SUCCESS,PHP,2,0,0,2
P2189,NziCode/bank-performance-aggregator,https://github.com/NziCode/bank-performance-aggregator,main,f0dc18750e965f2a64aafb1209fdd52a356b7835,,MIT,2026-06-22T07:16:46Z,2026-07-17T12:53:20Z,2026-07-02T20:29:33Z,1841,False,False,False,Confirmed Laravel Application,True,True,True,True,True,True,True,2026-07-02T20:29:33+00:00,True,True,phpunit.xml,True,True,True,"test: ['@php artisan config:clear --ansi @no_additional_args', '@php artisan test']",^8.3,^13.8,False,False,,False,True,Eligible,2026-09-11T14:36:24.893231+00:00,SUCCESS,PHP,2,0,0,2
P2190,velstorelabs/velstore,https://github.com/velstorelabs/velstore,main,c1c32c7b9f1eb2fc20deb449a019c84b0e6ab3ba,,MIT,2025-03-08T18:44:51Z,2026-09-15T10:44:38Z,2026-05-26T08:07:51Z,1883,False,False,False,Confirmed Laravel Application,True,True,True,True,True,True,True,2026-05-26T08:07:51+00:00,True,True,phpunit.xml,True,True,False,,^8.1,^10.10,False,False,,False,True,Eligible,2026-09-11T14:36:28.833264+00:00,SUCCESS,PHP,658,86,7,658
P2204,anasHammaoui/GameXpress-laravel-RestApi,https://github.com/anasHammaoui/GameXpress-laravel-RestApi,main,6724601a7a03f2271d0d1bb4da92da5bc37c1a56,,,2025-03-10T13:32:07Z,2025-12-18T14:24:06Z,2025-04-16T16:29:06Z,577,False,False,False,Confirmed Laravel Application,True,True,True,True,True,True,True,2025-04-16T16:29:06+00:00,True,True,phpunit.xml,True,True,False,,^8.2,^11.31,False,False,,False,True,Eligible,2026-09-11T14:36:44.599115+00:00,SUCCESS,PHP,2,1,0,2
P2207,coralsio/laraship,https://github.com/coralsio/laraship,main,d1321c5e7a1a91cca571799b02a100de04271036,,GPL-3.0,2023-03-12T08:06:21Z,2026-04-22T15:42:40Z,2025-11-26T09:00:01Z,56508,False,False,False,Confirmed Laravel Application,True,True,True,True,True,True,True,2025-11-26T09:00:01+00:00,True,True,phpunit.xml,True,True,False,,^8.2,^11.0,False,False,,False,True,Eligible,2026-09-11T14:36:49.163298+00:00,SUCCESS,PHP,74,17,0,74
P2226,Mohamed-khattab/BioCheckin,https://github.com/Mohamed-khattab/BioCheckin,main,081009328b63e05aab54dd05f2e587f9902ee232,,,2025-03-15T14:00:20Z,2025-09-21T18:35:27Z,2025-06-15T21:24:44Z,761,False,False,False,Confirmed Laravel Application,True,True,True,True,True,True,True,2025-06-15T21:24:44+00:00,True,True,phpunit.xml,True,True,False,,^8.2,^12.0,False,False,,False,True,Eligible,2026-09-11T14:37:04.238139+00:00,SUCCESS,PHP,2,0,0,2
P2231,cranties/Statify,https://github.com/cranties/Statify,main,87505a3d09d23169ef0a63a610c83299c6c66359,,,2026-04-15T10:29:35Z,2026-06-26T07:18:22Z,2026-06-26T07:18:18Z,2829,False,False,False,Confirmed Laravel Application,True,True,True,True,True,True,True,2026-06-26T07:18:18+00:00,True,True,phpunit.xml,True,True,True,"test: ['@php artisan config:clear --ansi', '@php artisan test']",^8.3,^13.0,False,False,,False,True,Eligible,2026-09-11T14:37:12.711577+00:00,SUCCESS,PHP,2,0,0,2
P2233,spatie/larabank-aggregates,https://github.com/spatie/larabank-aggregates,master,8bcbd71514ec9d4d4e8cd9f36dedad71fa449d29,,,2019-04-06T18:03:45Z,2026-07-03T17:49:13Z,2026-01-31T10:25:56Z,2243,False,False,False,Confirmed Laravel Application,True,True,True,True,True,True,True,2026-01-31T10:25:56+00:00,True,True,phpunit.xml,True,True,False,,^8.2,^10.0,False,False,,False,True,Eligible,2026-09-11T14:37:21.647866+00:00,SUCCESS,PHP,142,55,0,142
P2237,hillelcoren/itsallwidgets,https://github.com/hillelcoren/itsallwidgets,master,24c5f8158eaaf420c15bf8a519fd45f59097088d,,NOASSERTION,2018-07-11T17:36:33Z,2025-10-01T03:11:10Z,2025-08-28T13:21:10Z,14445,False,False,False,Confirmed Laravel Application,True,True,True,True,True,True,True,2025-08-28T13:21:10+00:00,True,True,phpunit.xml,True,True,False,,^7.1.3,5.6.*,False,False,,False,True,Eligible,2026-09-11T14:37:25.513202+00:00,SUCCESS,PHP,41,9,30,41
P2255,johnnyhuy/laravel-appointment-booking-system,https://github.com/johnnyhuy/laravel-appointment-booking-system,master,a8bbdd711ca36ecfbd3a6ce9f52590a12f40f627,,,2017-06-26T17:39:20Z,2026-08-09T00:41:30Z,2026-09-12T07:03:15Z,12520,False,False,False,Confirmed Laravel Application,True,True,True,True,True,True,True,2026-09-10T08:50:21+00:00,True,True,phpunit.xml,True,True,False,,>=5.6.4,5.4.*,False,False,,False,True,Eligible,2026-09-11T14:37:28.939180+00:00,SUCCESS,PHP,44,22,4,44
P2256,patrickrobrecht/flexible-event-and-booking-manager,https://github.com/patrickrobrecht/flexible-event-and-booking-manager,main,ee6f8c6d09f8f095b3d447dab53f6ce0fd1ad35b,,,2022-11-13T18:39:48Z,2026-08-30T13:03:26Z,2026-08-30T20:37:26Z,2270,False,False,False,Confirmed Laravel Application,True,True,True,True,True,True,True,2026-08-30T20:37:26+00:00,True,True,phpunit.xml,True,True,True,"test: ['Composer\\Config::disableProcessTimeout', 'vendor/bin/paratest --exclude-group serial', 'vendor/bin/phpunit --group serial'] | test-with-coverage: ['Composer\\Config::disableProcessTimeout', 'vendor/bin/paratest --exclude-group serial --coverage-html .phpunit.coverage']",^8.4,^13.29,False,False,,False,True,Eligible,2026-09-11T14:37:32.372159+00:00,SUCCESS,PHP,6,0,12,6
P2257,Rafipranata/AlquranDigital,https://github.com/Rafipranata/AlquranDigital,main,1ef6a7418c6fae38e90097edd1c31037754302e8,,,2024-01-23T23:01:04Z,2026-03-07T09:03:25Z,2026-01-15T04:58:37Z,110,False,False,False,Confirmed Laravel Application,True,True,True,True,True,True,True,2026-01-15T04:58:37+00:00,True,True,phpunit.xml,True,True,False,,^7.3|^8.0,^8.75,False,False,,False,True,Eligible,2026-09-11T14:37:36.584718+00:00,SUCCESS,PHP,4,0,0,4
P2259,BaseMax/LaravelTaskDDD,https://github.com/BaseMax/LaravelTaskDDD,main,0aa34df6c65445b515577bc5425338c9afc05644,,,2023-03-15T21:44:51Z,2026-09-02T17:03:50Z,2026-09-02T16:59:50Z,836,False,False,False,Confirmed Laravel Application,True,True,True,True,True,True,True,2026-09-02T16:59:50+00:00,True,True,phpunit.xml,True,True,False,,^8.1,^10.0,False,False,,False,True,Eligible,2026-09-11T14:37:41.168332+00:00,SUCCESS,PHP,3,1,0,3
P2263,AAYMAN-MD/APP-CRUD,https://github.com/AAYMAN-MD/APP-CRUD,main,0f3474900d8b25cd4802c0e76a038055fea7bcca,,,2025-01-13T21:14:10Z,2025-09-15T20:28:14Z,2025-01-13T21:21:25Z,125,False,False,False,Confirmed Laravel Application,True,True,True,True,True,True,True,2025-01-13T21:21:25+00:00,True,True,phpunit.xml,True,True,False,,^8.0.2,^9.19,False,False,,False,True,Eligible,2026-09-11T14:37:44.931552+00:00,SUCCESS,PHP,2,0,0,2
P2265,DarlanSchmeller/workopia-laravel,https://github.com/DarlanSchmeller/workopia-laravel,main,4716135e5aac9f647dd10d51cb3a3b0069e1858a,,MIT,2025-07-03T14:40:18Z,2026-01-23T20:30:42Z,2025-09-03T13:40:23Z,3539,False,False,False,Confirmed Laravel Application,True,True,True,True,True,True,True,2025-09-03T13:40:23+00:00,True,True,phpunit.xml,True,True,True,"test: ['@php artisan config:clear --ansi', '@php artisan test']",^8.2,^12.0,False,False,,False,True,Eligible,2026-09-11T14:37:48.832524+00:00,SUCCESS,PHP,4,0,0,4
P2267,kenjivafe/dict-attendance-system,https://github.com/kenjivafe/dict-attendance-system,main,c00ed944f034e9227eb92a5f6efc93f20ec58d48,,,2025-03-04T02:56:25Z,2026-06-05T20:36:13Z,2025-05-16T04:59:26Z,2702,False,False,False,Confirmed Laravel Application,True,True,True,True,True,True,True,2025-05-16T04:59:26+00:00,True,True,phpunit.xml,True,True,False,,^8.2,^11.31,False,False,,False,True,Eligible,2026-09-11T14:37:57.077087+00:00,SUCCESS,PHP,3,0,0,3
P2269,vuvandinh123/backend-multiple-choice-test-website,https://github.com/vuvandinh123/backend-multiple-choice-test-website,main,9d6b02c79df1750b04d193c97f0c3eb249b13bcc,,,2025-04-02T04:42:33Z,2025-07-08T16:42:16Z,2025-04-02T04:49:29Z,93,False,False,False,Confirmed Laravel Application,True,True,True,True,True,True,True,2025-04-02T04:49:29+00:00,True,True,phpunit.xml,True,True,False,,^8.1,^10.10,False,False,,False,True,Eligible,2026-09-11T14:38:04.348274+00:00,SUCCESS,PHP,2,0,0,2
P2279,KhawarMehfooz/pos,https://github.com/KhawarMehfooz/pos,master,71e29e7f7d2163bee7e738d0a7222e62bee2e7a6,,,2026-02-20T14:12:52Z,2026-09-03T09:53:49Z,2026-06-16T10:56:30Z,4483,False,False,False,Confirmed Laravel Application,True,True,True,True,True,True,True,2026-06-16T10:56:30+00:00,True,True,phpunit.xml,True,True,True,"test:lint: ['pint --parallel --test'] | test: ['@php artisan config:clear --ansi', '@test:lint', '@php artisan test']",^8.2,^12.0,False,False,,False,True,Eligible,2026-09-11T14:38:18.289509+00:00,SUCCESS,PHP,4,1,0,4
P2281,abel291/ecommerce-react-vite-laravel,https://github.com/abel291/ecommerce-react-vite-laravel,main,53ec46ebb500885e93e9b3ddb30e5debdabac56c,,,2022-06-29T15:00:07Z,2026-09-11T20:10:10Z,2026-06-12T09:01:11Z,1003832,False,False,False,Confirmed Laravel Application,True,True,True,True,True,True,True,2026-06-12T09:01:11+00:00,True,True,phpunit.xml,True,True,False,,^8.2,^11.9,False,False,,False,True,Eligible,2026-09-11T14:38:22.539474+00:00,SUCCESS,PHP,29,15,1,29
P2288,orz14/nyatet-app,https://github.com/orz14/nyatet-app,main,8c26bcf0e76251a1706d3c578818c8595bb763c5,,MIT,2023-05-03T14:29:10Z,2025-09-25T03:13:21Z,2025-06-18T03:13:32Z,1785,False,False,False,Confirmed Laravel Application,True,True,True,True,True,True,True,2025-06-18T03:13:32+00:00,True,True,phpunit.xml,True,True,False,,^8.1,^10.8,False,False,,False,True,Eligible,2026-09-11T14:38:36.600204+00:00,SUCCESS,PHP,19,4,0,19
P2314,soheilkhaledabdi/shop-admin-panel,https://github.com/soheilkhaledabdi/shop-admin-panel,main,ee6675d2dd8acaa072e0bfc756d4681104b3e9ce,,,2023-11-06T08:04:40Z,2026-08-07T22:04:57Z,2026-08-07T22:04:52Z,4742,False,False,False,Confirmed Laravel Application,True,True,True,True,True,True,True,2026-08-07T22:04:52+00:00,True,True,phpunit.xml,True,True,False,,^8.1,^11.00,False,False,,False,True,Eligible,2026-09-11T14:38:45.016298+00:00,SUCCESS,PHP,58,15,1,58
P2318,engsahaly/mtenancy_tenancy_for_laravel_multi,https://github.com/engsahaly/mtenancy_tenancy_for_laravel_multi,master,0915a09ef3477a4dd341df87198b6386cc6e0134,,,2024-08-17T17:34:10Z,2026-09-02T07:00:55Z,2025-01-29T07:27:23Z,138,False,False,False,Confirmed Laravel Application,True,True,True,True,True,True,True,2025-01-29T07:27:23+00:00,True,True,phpunit.xml,True,True,False,,^8.2,^11.9,False,False,,False,True,Eligible,2026-09-11T14:38:48.557192+00:00,SUCCESS,PHP,2,0,0,2
P2340,JaiveerChavda/blog,https://github.com/JaiveerChavda/blog,master,7c531c61d8879121263f664241b5be3b95161d19,,,2023-09-30T17:49:17Z,2025-05-18T15:05:55Z,2025-05-18T15:05:51Z,446,False,False,False,Confirmed Laravel Application,True,True,True,True,True,True,True,2025-05-18T15:05:51+00:00,True,True,phpunit.xml,True,True,False,,^8.3,^12.0,False,False,,False,True,Eligible,2026-09-11T14:39:12.379366+00:00,SUCCESS,PHP,5,0,0,5
P2345,KienCuongSoftware/Booking,https://github.com/KienCuongSoftware/Booking,main,695915d1d2fbca6739881bc859a6911a90684cbc,,NOASSERTION,2026-04-01T03:30:54Z,2026-07-24T16:38:29Z,2026-04-20T17:01:32Z,667,False,False,False,Confirmed Laravel Application,True,True,True,True,True,True,True,2026-04-20T17:01:32+00:00,True,True,phpunit.xml,True,True,True,"test: ['@php artisan config:clear --ansi', '@php artisan test']",^8.2,^12.0,False,False,,False,True,Eligible,2026-09-11T14:39:24.040863+00:00,SUCCESS,PHP,5,0,0,5
P2351,alphonsekazadi/techstack-tracker,https://github.com/alphonsekazadi/techstack-tracker,main,fdcf531425ed5b19bfbc4ed6d215f9330013344b,,MIT,2026-02-23T08:01:34Z,2026-08-15T11:58:06Z,2026-03-19T06:30:59Z,240,False,False,False,Confirmed Laravel Application,True,True,True,True,True,True,True,2026-03-19T06:30:59+00:00,True,True,phpunit.xml,True,True,True,"test: ['@php artisan config:clear --ansi', '@php artisan test']",^8.2,^12.0,False,False,,False,True,Eligible,2026-09-11T14:39:29.770258+00:00,SUCCESS,PHP,2,1,0,2
P2374,lauroguedes/mary-ui-starter-kit,https://github.com/lauroguedes/mary-ui-starter-kit,main,e4b807a25f761fa7dcc8e7c47a13b819d5cb00f2,,MIT,2025-06-10T20:40:13Z,2026-09-12T14:59:00Z,2026-09-12T14:58:56Z,1028,False,False,False,Confirmed Laravel Application,True,True,True,True,True,True,True,2026-08-19T20:00:41+00:00,True,True,phpunit.xml,True,True,True,"test: ['@php artisan config:clear --ansi', '@php vendor/bin/pest --parallel'] | test:tia: ['@php artisan config:clear --ansi', '@php vendor/bin/pest --parallel --tia'] | test:coverage: ['@php artisan config:clear --ansi', '@php vendor/bin/pest --parallel --coverage --min=80'] | test:shards: ['@php vendor/bin/pest --update-shards']",^8.4,^13.0,False,False,,False,True,Eligible,2026-09-11T14:39:47.087401+00:00,SUCCESS,PHP,37,6,0,37
P2380,eventschedule/eventschedule,https://github.com/eventschedule/eventschedule,main,945820b37636122ad727ecf2859b5f9fcf2f5716,,NOASSERTION,2024-07-13T18:18:22Z,2026-09-15T07:05:56Z,2026-09-15T07:05:52Z,429871,False,False,False,Confirmed Laravel Application,True,True,True,True,True,True,True,2026-09-10T17:29:57+00:00,True,True,phpunit.xml,True,True,False,,^8.2,^11.9,False,False,,False,True,Eligible,2026-09-11T14:39:50.965011+00:00,SUCCESS,PHP,66,12,0,66
P2403,Grasss420/GsWeb,https://github.com/Grasss420/GsWeb,master,45c67b1dcef845b5969cda3c81f10a2abc4a4c5c,,NOASSERTION,2024-03-18T04:28:55Z,2026-06-08T23:00:05Z,2026-04-14T17:51:24Z,1034,False,False,False,Confirmed Laravel Application,True,True,True,True,True,True,True,2026-04-14T17:51:24+00:00,True,True,phpunit.xml,True,True,False,,^8.0.30,^9.19,False,False,,False,True,Eligible,2026-09-11T14:40:04.529743+00:00,SUCCESS,PHP,2,0,11,2
P2405,gacela-project/laravel-gacela-example,https://github.com/gacela-project/laravel-gacela-example,main,ba01e7b03ba80416cbd3545fe866649d7d1d8723,,,2021-04-04T11:40:59Z,2026-08-17T20:53:30Z,2026-08-17T20:49:27Z,665,False,False,False,Confirmed Laravel Application,True,True,True,True,True,True,True,2026-08-17T20:49:27+00:00,True,True,phpunit.xml,True,True,True,"test: ['@test-unit', '@test-feature'] | test-unit: XDEBUG_MODE=off ./vendor/bin/phpunit --testsuite=unit | test-feature: XDEBUG_MODE=off ./vendor/bin/phpunit --testsuite=feature | pint-test: ./vendor/bin/pint --test",^8.3,^12.0,False,False,,False,True,Eligible,2026-09-11T14:40:08.293035+00:00,SUCCESS,PHP,5,0,0,5
P2422,eddy8/LightCMS,https://github.com/eddy8/LightCMS,13.x,1b8235781f794753c28bae38b9a1d88afa53afda,,Apache-2.0,2019-03-13T13:42:58Z,2026-08-20T01:55:05Z,2026-05-08T01:42:32Z,9502,False,False,False,Confirmed Laravel Application,True,True,True,True,True,True,True,2026-05-08T01:42:32+00:00,True,True,phpunit.xml,True,False,False,,^8.3,^13.0,False,False,,False,True,Eligible,2026-09-11T14:40:29.331241+00:00,SUCCESS,PHP,355,84,0,355
P2443,javdome/unstyled-react-jsx-starter-kit,https://github.com/javdome/unstyled-react-jsx-starter-kit,master,11a2b40c11794d8e44869a2190bebe7eb6690154,,,2025-04-23T05:55:01Z,2025-06-04T17:47:38Z,2025-04-23T06:10:55Z,152,False,False,False,Confirmed Laravel Application,True,True,True,True,True,True,True,2025-04-23T06:10:55+00:00,True,True,phpunit.xml,True,False,True,"test: ['@php artisan config:clear --ansi', '@php artisan test']",^8.2,^12.0,False,False,,False,True,Eligible,2026-09-11T14:40:37.925202+00:00,SUCCESS,PHP,2,0,0,2
P2446,alaa-nabawy/laravel-solid-api,https://github.com/alaa-nabawy/laravel-solid-api,main,c2461e43b693735dde3d277a5d98b829eef7078c,,MIT,2025-07-28T10:38:23Z,2026-08-02T00:12:13Z,2025-08-20T22:03:58Z,750,False,False,False,Confirmed Laravel Application,True,True,True,True,True,True,True,2025-08-20T22:03:58+00:00,True,True,phpunit.xml,True,True,True,"test: ['@php artisan config:clear --ansi', '@php artisan test']",^8.2,^12.0,False,False,,False,True,Eligible,2026-09-11T14:40:47.743489+00:00,SUCCESS,PHP,5,2,0,5
P2447,alleyinteractive/link-sharing,https://github.com/alleyinteractive/link-sharing,production,c0d7303a45acdff746b15c14938221ba5cd0c832,,,2023-05-19T17:06:35Z,2026-06-30T02:31:10Z,2026-06-30T02:31:07Z,381,False,False,False,Confirmed Laravel Application,True,True,True,True,True,True,True,2026-06-30T02:31:07+00:00,True,True,phpunit.xml,True,True,True,test: php artisan test,^8.4,^12.0,False,False,,False,True,Eligible,2026-09-11T14:40:51.352220+00:00,SUCCESS,PHP,2,0,0,2
P2461,davidnavarrom/Bolsa-de-Empleo,https://github.com/davidnavarrom/Bolsa-de-Empleo,master,161e2bff484884d004575efcc5ee376b88a11ec7,,MIT,2019-11-20T22:04:20Z,2025-09-12T11:52:55Z,2025-09-12T11:50:09Z,8166,False,False,False,Confirmed Laravel Application,True,True,True,True,True,True,True,2025-09-12T11:50:09+00:00,True,True,phpunit.xml,True,True,False,,^7.2,^6.2,False,False,,False,True,Eligible,2026-09-11T14:40:55.158652+00:00,SUCCESS,PHP,5,1,13,5
P2491,ekomh170/hris-backend-laravel-sib,https://github.com/ekomh170/hris-backend-laravel-sib,master,92aac30af2ab6048e4e1acdd04cfa7462932088b,,,2025-11-04T00:49:18Z,2026-01-10T18:23:44Z,2026-01-10T18:23:40Z,348,False,False,False,Confirmed Laravel Application,True,True,True,True,True,True,True,2026-01-10T18:23:40+00:00,True,True,phpunit.xml,True,True,True,"test: ['@php artisan config:clear --ansi', '@php artisan test']",^8.2,^12.0,False,False,,False,True,Eligible,2026-09-11T14:41:20.719108+00:00,SUCCESS,PHP,2,1,0,2
P2502,ayoubhayda/FileMaster,https://github.com/ayoubhayda/FileMaster,master,fff65ac4151aae25ca2a75c62cb0f35d9c4fd2e2,,,2023-06-16T00:21:14Z,2025-07-27T12:48:49Z,2025-07-27T12:48:46Z,2461,False,False,False,Confirmed Laravel Application,True,True,True,True,True,True,True,2025-07-27T12:48:46+00:00,True,True,phpunit.xml,True,True,False,,^8.1,^10.10,False,False,,False,True,Eligible,2026-09-11T14:41:32.154960+00:00,SUCCESS,PHP,2,2,0,2
P2504,Orlando-Villanueva/delight,https://github.com/Orlando-Villanueva/delight,main,951466c51f361002a84b5c33b58071c699d0344f,,GPL-3.0,2025-05-12T11:43:26Z,2026-09-16T04:20:04Z,2026-09-16T04:19:49Z,23601,False,False,False,Confirmed Laravel Application,True,True,True,True,True,True,True,2026-09-10T13:29:52+00:00,True,True,phpunit.xml,True,True,True,"test: ['@php artisan config:clear --ansi', '@php artisan test']",^8.4,^12.0,False,False,,False,True,Eligible,2026-09-11T14:41:35.303388+00:00,SUCCESS,PHP,2,0,0,2
P2524,Ercogx/laravel-filament-starter-kit,https://github.com/Ercogx/laravel-filament-starter-kit,main,dc5b29b89e2aa0dd6420f01e09640dda9fef35f3,,MIT,2025-03-13T21:54:10Z,2026-09-15T07:46:00Z,2026-09-15T07:45:58Z,16167,False,False,False,Confirmed Laravel Application,True,True,True,True,True,True,True,2026-09-07T11:37:13+00:00,True,True,phpunit.xml,True,True,False,,^8.3,^13.0,False,False,,False,True,Eligible,2026-09-11T14:41:53.857774+00:00,SUCCESS,PHP,48,10,2,48
P2525,projectcitybuild/web,https://github.com/projectcitybuild/web,main,b3f44d1ac20e08618ee56893151d8ca981938355,,MPL-2.0,2017-01-19T07:10:30Z,2026-06-29T11:29:02Z,2026-06-29T11:28:59Z,64095,False,False,False,Confirmed Laravel Application,True,True,True,True,True,True,True,2026-06-29T11:28:59+00:00,True,True,phpunit.xml,True,True,False,,^8.4,^11.0,False,False,,False,True,Eligible,2026-09-11T14:41:58.252097+00:00,SUCCESS,PHP,6,0,20,6
P2533,aniftyco/laravel,https://github.com/aniftyco/laravel,master,2d51dbfde2dee315f61b6236636f1ebea949b2a3,,MIT,2024-11-12T18:29:07Z,2026-05-08T18:12:05Z,2026-05-08T18:12:01Z,614,False,False,False,Confirmed Laravel Application,True,True,True,True,True,True,True,2026-05-08T18:12:01+00:00,True,True,phpunit.xml,True,True,True,"test: ['@php artisan config:clear --ansi', '@php artisan test']",^8.5,^13.7,False,False,,False,True,Eligible,2026-09-11T14:42:15.327036+00:00,SUCCESS,PHP,13,0,0,13
P2549,kkamara/php-scraper,https://github.com/kkamara/php-scraper,main,0a2bdb2913fad6513a6e1ef0499ba9e394767b77,,BSD-3-Clause,2022-10-24T18:19:05Z,2026-09-08T15:27:55Z,2026-09-08T15:16:09Z,22480,False,False,False,Confirmed Laravel Application,True,True,True,True,True,True,True,2026-09-08T15:16:09+00:00,True,True,phpunit.xml,True,True,True,"test: ['@php artisan config:clear --ansi', '@php artisan test']",^8.3,^13.0,False,False,,False,True,Eligible,2026-09-11T14:42:19.172940+00:00,SUCCESS,PHP,2,0,0,2
P2551,YoKYa/SPPD,https://github.com/YoKYa/SPPD,master,0e25ae96e4fb523b25b998023870e889fd4fa876,,,2020-06-30T02:32:56Z,2025-12-24T15:16:08Z,2025-11-09T07:05:10Z,7892,False,False,False,Confirmed Laravel Application,True,True,True,True,True,True,True,2025-11-09T07:05:10+00:00,True,True,phpunit.xml,True,True,False,,^7.2.5,^7.0,False,False,,False,True,Eligible,2026-09-11T14:42:26.820004+00:00,SUCCESS,PHP,2,0,2,2
P2554,rawilk/randallwilk.dev,https://github.com/rawilk/randallwilk.dev,develop,dcce85f559dae9f6b9811e577f573236aa2b94c3,,,2018-12-08T15:48:59Z,2026-07-04T03:40:40Z,2026-09-01T01:43:36Z,76693,False,False,False,Confirmed Laravel Application,True,True,True,True,True,True,True,2026-09-01T01:43:36+00:00,True,True,phpunit.xml,True,True,True,test: vendor/bin/pest -p,^8.5,^13.0,False,False,,False,True,Eligible,2026-09-11T14:42:31.777527+00:00,SUCCESS,PHP,4,0,12,4
P2563,mrizkimaulidan/inven-bs,https://github.com/mrizkimaulidan/inven-bs,main,fd812d4bb2ab60b73c31f7a2d33716d19e8d2625,,,2020-07-12T07:03:33Z,2026-08-18T01:37:57Z,2026-09-15T04:47:59Z,35427,False,False,False,Confirmed Laravel Application,True,True,True,True,True,True,True,2026-09-07T15:08:18+00:00,True,True,phpunit.xml,True,True,False,,^8.1,^10.10,False,False,,False,True,Eligible,2026-09-11T14:42:37.178458+00:00,SUCCESS,PHP,82,22,9,82
P2575,felipeArnold/filament-multi-tenancy-start-kit,https://github.com/felipeArnold/filament-multi-tenancy-start-kit,main,6dc4ad178e089063849bdbb06d2dbc55bb87cca9,,,2024-05-18T20:46:00Z,2026-08-25T00:14:52Z,2025-04-25T17:04:22Z,7533,False,False,False,Confirmed Laravel Application,True,True,True,True,True,True,True,2025-04-25T17:04:22+00:00,True,True,phpunit.xml,True,True,False,,^8.2,^11.0,False,False,,False,True,Eligible,2026-09-11T14:42:49.757370+00:00,SUCCESS,PHP,64,20,1,64
P2582,omimouni/habit-tracker,https://github.com/omimouni/habit-tracker,main,d48dd2926cacfc706eb8188ac7256cd3769d1b24,,,2025-01-19T14:28:58Z,2025-10-02T22:24:14Z,2025-01-19T18:28:11Z,815,False,False,False,Confirmed Laravel Application,True,True,True,True,True,True,True,2025-01-19T18:28:11+00:00,True,True,phpunit.xml,True,True,False,,^8.2,^11.31,False,False,,False,True,Eligible,2026-09-11T14:42:58.698067+00:00,SUCCESS,PHP,5,0,0,5
P2585,AromalShaji/dompdf-watermark,https://github.com/AromalShaji/dompdf-watermark,main,ba5e131a53a00906990ac75b45d4b616f09e9b4e,,,2024-11-27T05:18:38Z,2025-10-16T09:26:42Z,2025-09-11T09:57:07Z,290,False,False,False,Confirmed Laravel Application,True,True,True,True,True,True,True,2025-09-11T09:57:07+00:00,True,True,phpunit.xml,True,True,False,,^8.2,^11.31,False,False,,False,True,Eligible,2026-09-11T14:43:02.759513+00:00,SUCCESS,PHP,2,0,0,2
P2587,init-engineer/init.engineer,https://github.com/init-engineer/init.engineer,main,498cb29fddc97569eadc0e6ea909722a8ad7dd52,,MIT,2019-10-31T14:02:40Z,2026-09-10T18:25:50Z,2026-09-10T18:25:43Z,198907,False,False,False,Confirmed Laravel Application,True,True,True,True,True,True,True,2025-11-05T19:01:07+00:00,True,True,phpunit.xml,True,True,True,test: @php artisan test --parallel | test-coverage: vendor/bin/phpunit --coverage-html coverage,^7.4|^8.0,^8.54,False,False,,False,True,Eligible,2026-09-11T14:43:07.235373+00:00,SUCCESS,PHP,657,39,32,657
P2598,galangam/RestFul-API-Laravel10,https://github.com/galangam/RestFul-API-Laravel10,main,381e266d00ea05551fbffb53caec67368f4e8860,,,2026-01-28T03:24:08Z,2026-09-08T15:04:39Z,2026-02-06T11:30:05Z,95,False,False,False,Confirmed Laravel Application,True,True,True,True,True,True,True,2026-02-06T11:30:05+00:00,True,True,phpunit.xml,True,True,False,,^8.1,^10.10,False,False,,False,True,Eligible,2026-09-11T14:43:11.583558+00:00,SUCCESS,PHP,1,0,0,1
P2603,codeeu/codeweek,https://github.com/codeeu/codeweek,master,c5d6b77af1131fd6c3132e530fdcc73b30c12643,,MIT,2018-09-19T06:27:13Z,2026-09-14T11:32:34Z,2026-09-14T11:32:30Z,966001,False,False,False,Confirmed Laravel Application,True,True,True,True,True,True,True,2026-09-03T09:33:01+00:00,True,True,phpunit.xml,True,True,False,,^8.2,^11.5,False,False,,False,True,Eligible,2026-09-11T14:43:15.973618+00:00,SUCCESS,PHP,17,13,22,17
P2607,philiprehberger/almanac,https://github.com/philiprehberger/almanac,main,6e7e78fcab41a771923f29ff40e9ac763e956c26,,,2026-06-12T20:12:35Z,2026-08-22T22:00:06Z,2026-08-22T21:59:34Z,1786,False,False,False,Confirmed Laravel Application,True,True,True,True,True,True,True,2026-08-22T21:59:34+00:00,True,True,phpunit.xml,True,True,True,"test: ['@php artisan config:clear --ansi', '@php artisan test']",^8.3,^13.8,False,False,,False,True,Eligible,2026-09-11T14:43:19.193700+00:00,SUCCESS,PHP,2,0,0,2
P2613,lara-zeus/zeus,https://github.com/lara-zeus/zeus,main,f009097e12135a6d912bd8137b34b75c8128ed5c,,,2023-06-15T10:27:49Z,2026-08-31T09:44:46Z,2026-04-24T23:42:39Z,18155,False,False,False,Confirmed Laravel Application,True,True,True,True,True,True,True,2026-04-24T23:42:39+00:00,True,True,phpunit.xml,True,True,True,"test: ['@php artisan config:clear --ansi', '@php artisan test']",^8.3,^13.6,False,False,,False,True,Eligible,2026-09-11T14:43:28.476546+00:00,SUCCESS,PHP,87,5,0,87
P2632,Hasnayeen/invobook,https://github.com/Hasnayeen/invobook,main,e5f666cef63543beffadfcc045f6af673408a02e,,MIT,2017-02-13T21:26:34Z,2026-09-11T04:32:43Z,2025-11-12T22:28:22Z,3337,False,False,False,Confirmed Laravel Application,True,True,True,True,True,True,True,2025-11-12T22:28:22+00:00,True,True,phpunit.xml,True,True,False,,^8.2,^11.0,False,False,,False,True,Eligible,2026-09-11T14:43:33.126828+00:00,SUCCESS,PHP,2235,609,9,2235
P2633,Yurich84/laravel-vue3-spa,https://github.com/Yurich84/laravel-vue3-spa,main,9b5fef2a14dee9f98596b7ad7fed98406ac056b7,,MIT,2022-12-29T21:55:00Z,2026-06-16T19:11:22Z,2026-06-16T19:10:46Z,591,False,False,False,Confirmed Laravel Application,True,True,True,True,True,True,True,2026-06-16T19:10:46+00:00,True,True,phpunit.xml,True,True,True,"test:lint: ['pint --parallel --test', 'rector --dry-run', 'bun run lint'] | test:unit: pest --parallel | test: ['@test:lint', '@test:unit']",^8.5,^v13.4,False,False,,False,True,Eligible,2026-09-11T14:43:37.270805+00:00,SUCCESS,PHP,11,6,2,11
P2649,clistion/IBGE-FoodAPI,https://github.com/clistion/IBGE-FoodAPI,main,45a96c173c84c9c14423efc62890c78f13a0ddaa,,,2022-04-28T01:42:28Z,2026-07-17T16:05:45Z,2026-07-17T16:04:42Z,412,False,False,False,Confirmed Laravel Application,True,True,True,True,True,True,True,2026-07-17T16:04:42+00:00,True,True,phpunit.xml,True,True,False,,^8.2.0,^12.0,False,False,,False,True,Eligible,2026-09-11T14:43:50.451426+00:00,SUCCESS,PHP,5,0,0,5
P2661,svareX/linker,https://github.com/svareX/linker,main,20cbdb5f01a8f027c4b1b05a885bb79c68b9cb91,,,2023-07-13T09:19:25Z,2026-05-15T00:45:30Z,2026-03-24T09:58:28Z,175,False,False,False,Confirmed Laravel Application,True,True,True,True,True,True,True,2026-03-24T09:58:28+00:00,True,True,phpunit.xml,True,True,False,,^8.1,^10.10,False,False,,False,True,Eligible,2026-09-11T14:43:57.957915+00:00,SUCCESS,PHP,4,1,0,4
P2678,tnandla/portfolio-os,https://github.com/tnandla/portfolio-os,main,50022565320edc9e8ce579baf31addf054f42c35,,NOASSERTION,2026-08-05T21:16:14Z,2026-08-31T13:38:06Z,2026-08-08T19:21:32Z,4776,False,False,False,Confirmed Laravel Application,True,True,True,True,True,True,True,2026-08-08T19:21:32+00:00,True,True,phpunit.xml,True,True,True,"test: ['@php artisan config:clear --ansi @no_additional_args', '@php artisan test']",^8.3,^13.8,False,False,,False,True,Eligible,2026-09-11T14:44:01.667855+00:00,SUCCESS,PHP,66,45,4,66
P2682,alnahian2003/kleon,https://github.com/alnahian2003/kleon,master,1fedc9ce5ba234e06ba437460f591d8fa25befcc,,,2023-04-01T16:03:10Z,2026-05-04T07:11:45Z,2026-05-04T07:11:47Z,2255,False,False,False,Confirmed Laravel Application,True,True,True,True,True,True,True,2026-05-04T07:11:47+00:00,True,True,phpunit.xml,True,True,False,,^8.1,^10.0,False,False,,False,True,Eligible,2026-09-11T14:44:05.720116+00:00,SUCCESS,PHP,10,2,0,10
P2684,andrewthong/covid19tracker-api,https://github.com/andrewthong/covid19tracker-api,master,d2c07f88df1a7816b8f7013a24d41d4cad0ac8b6,,MIT,2020-04-10T18:05:53Z,2026-05-02T19:31:51Z,2026-04-16T05:56:38Z,3199,False,False,False,Confirmed Laravel Application,True,True,True,True,True,True,True,2026-04-16T05:56:38+00:00,True,True,phpunit.xml,True,True,False,,^7.3,^8.0,False,False,,False,True,Eligible,2026-09-11T14:44:10.319287+00:00,SUCCESS,PHP,37,5,4,37
P2696,AureliusIvan/wpm-demo,https://github.com/AureliusIvan/wpm-demo,main,52245d6b5673eb75b834feba8f964517e007ca12,,,2023-11-11T07:35:04Z,2024-09-25T17:07:29Z,2026-09-15T22:04:36Z,215,False,False,False,Confirmed Laravel Application,True,True,True,True,True,True,True,2026-09-09T20:38:47+00:00,True,True,phpunit.xml,True,True,False,,^8.1,^10.10,False,False,,False,True,Eligible,2026-09-11T14:44:18.186114+00:00,SUCCESS,PHP,5,0,14,5
P2707,librebill/librebill,https://github.com/librebill/librebill,main,46bb59cef4f7e9fa7e5cf3464136e229dac94f0a,,GPL-3.0,2025-05-17T13:09:06Z,2025-12-28T23:52:21Z,2025-05-20T14:19:37Z,1486,False,False,False,Confirmed Laravel Application,True,True,True,True,True,True,True,2025-05-20T14:19:37+00:00,True,True,phpunit.xml,True,True,True,"test: ['@php artisan config:clear --ansi', '@php artisan test']",^8.2,^12.0,False,False,,False,True,Eligible,2026-09-11T14:44:27.362433+00:00,SUCCESS,PHP,2,1,0,2
P2729,souparnadey/eCommerce-website-in-Laravel-12,https://github.com/souparnadey/eCommerce-website-in-Laravel-12,main,7055e907ea1e6495a8428a6b603ded3271c54c60,,MIT,2026-06-15T18:12:58Z,2026-06-19T15:28:17Z,2026-06-17T14:10:31Z,105844,False,False,False,Confirmed Laravel Application,True,True,True,True,True,True,True,2026-06-17T14:10:31+00:00,True,True,phpunit.xml,True,True,True,"test: ['@php artisan config:clear --ansi', '@php artisan test']",^8.2,^12.0,False,False,,False,True,Eligible,2026-09-11T14:44:44.896136+00:00,SUCCESS,PHP,2,0,0,2
P2738,BaseMax/CruiseLaravelGraphQL,https://github.com/BaseMax/CruiseLaravelGraphQL,main,69d4faec36c02fc4cd744bffeb0bad5d3b8708c2,,GPL-3.0,2023-08-18T22:09:37Z,2026-07-21T18:47:36Z,2026-09-01T22:00:27Z,3487,False,False,False,Confirmed Laravel Application,True,True,True,True,True,True,True,2026-09-01T22:00:27+00:00,True,True,phpunit.xml,True,True,False,,^8.1,^10.10,False,False,,False,True,Eligible,2026-09-11T14:44:52.610337+00:00,SUCCESS,PHP,5,0,2,5
P2746,dspangenberg/opsc,https://github.com/dspangenberg/opsc,main,c0a1d13eddaefd65d51c2f0eaa2930e1eb60d0f4,,EUPL-1.2,2025-03-03T14:49:12Z,2026-08-30T09:31:37Z,2026-09-11T01:02:45Z,31591,False,False,False,Confirmed Laravel Application,True,True,True,True,True,True,True,2026-08-30T10:00:11+00:00,True,True,phpunit.xml,True,True,False,,^8.5,^13.0,False,False,,False,True,Eligible,2026-09-11T14:44:57.008040+00:00,SUCCESS,PHP,2,0,5,2
P2752,inertiajs/pingcrm,https://github.com/inertiajs/pingcrm,master,59c77d038f47758417119c28d840025caa9aac6d,,MIT,2019-03-05T21:10:15Z,2026-09-15T11:57:25Z,2025-02-06T12:50:38Z,2364,False,False,False,Confirmed Laravel Application,True,True,True,True,True,True,True,2025-02-06T12:50:38+00:00,True,True,phpunit.xml,True,True,False,,^8.2,^11.1,False,False,,False,True,Eligible,2026-09-11T14:45:00.821737+00:00,SUCCESS,PHP,2325,811,7,2325
P2767,josephgodwinkimani/laravel-multi-tenant-saas-boilerplate,https://github.com/josephgodwinkimani/laravel-multi-tenant-saas-boilerplate,main,3bb13e3479eb8e70c70c624223d5292d5ca6c0fa,,,2024-04-10T14:12:31Z,2026-08-26T02:06:37Z,2025-01-27T17:54:58Z,522,False,False,False,Confirmed Laravel Application,True,True,True,True,True,True,True,2025-01-27T17:54:58+00:00,True,True,phpunit.xml,True,True,False,,^8.1,^10.10,False,False,,False,True,Eligible,2026-09-11T14:45:04.958821+00:00,SUCCESS,PHP,11,4,6,11
P2777,boolfalse/laravel-reverb-react-chat,https://github.com/boolfalse/laravel-reverb-react-chat,master,eedec6f78ba38a668499c55a61ccc593814b6286,,,2024-03-12T17:52:16Z,2026-06-12T13:18:27Z,2025-05-28T22:21:37Z,110,False,False,False,Confirmed Laravel Application,True,True,True,True,True,True,True,2025-05-28T22:21:37+00:00,True,True,phpunit.xml,True,True,False,,^8.2,^11.0,False,False,,False,True,Eligible,2026-09-11T14:45:22.126002+00:00,SUCCESS,PHP,50,19,2,50
P2778,aimanyusufw/laravel-article-website,https://github.com/aimanyusufw/laravel-article-website,main,4a2210d1534441ed130e9ca92ac6037f82812b24,,,2024-06-04T16:32:54Z,2025-06-10T08:36:17Z,2025-06-10T08:36:13Z,10769,False,False,False,Confirmed Laravel Application,True,True,True,True,True,True,True,2025-06-10T08:36:13+00:00,True,True,phpunit.xml,True,True,False,,^8.2,^11.9,False,False,,False,True,Eligible,2026-09-11T14:45:25.995499+00:00,SUCCESS,PHP,3,0,0,3
P2781,Inikoo-Ltd/aiku,https://github.com/Inikoo-Ltd/aiku,main,25dcd8456d6bf029c2e4e6e75c7a5dcee12c9b64,,AGPL-3.0,2022-08-09T09:07:57Z,2026-09-16T07:22:35Z,2026-09-16T07:22:31Z,283407,False,False,False,Confirmed Laravel Application,True,True,True,True,True,True,True,2026-09-10T16:55:38+00:00,True,True,phpunit.xml,True,True,False,,^8.4,^13.0,False,False,,False,True,Eligible,2026-09-11T14:45:31.293794+00:00,SUCCESS,PHP,48,5,477,48
P2797,riteshsingh1/laravel-starter,https://github.com/riteshsingh1/laravel-starter,master,596165b7ce780e75860998211a6b648fde3f0f08,,,2018-07-16T07:31:46Z,2026-08-10T22:02:24Z,2026-08-10T22:02:09Z,2200,False,False,False,Confirmed Laravel Application,True,True,True,True,True,True,True,2026-08-10T22:02:09+00:00,True,True,phpunit.xml,True,True,False,,^7.1.3,5.6.*,False,False,,False,True,Eligible,2026-09-11T14:45:40.370439+00:00,SUCCESS,PHP,5,1,0,5
P2800,jrmajor/bajki-muza,https://github.com/jrmajor/bajki-muza,develop,69f86875a0562c60a54049b9600055faaf25e33f,,,2019-08-26T04:59:12Z,2026-07-15T19:37:51Z,2026-07-15T19:37:47Z,9538,False,False,False,Confirmed Laravel Application,True,True,True,True,True,True,True,2026-07-15T19:37:47+00:00,True,True,phpunit.xml,True,True,True,test: @php artisan test --parallel,~8.4.0,^13.19,False,False,,False,True,Eligible,2026-09-11T14:45:44.902925+00:00,SUCCESS,PHP,2,0,2,2
P2802,MGeurts/camera,https://github.com/MGeurts/camera,main,8c91bf2917cf9691dfa8709f4c7162c79b138d33,,MIT,2026-03-28T14:57:17Z,2026-06-16T16:03:18Z,2026-04-08T16:36:04Z,3636,False,False,False,Confirmed Laravel Application,True,True,True,True,True,True,True,2026-04-08T16:36:04+00:00,True,True,phpunit.xml,True,True,True,"test: ['@php artisan config:clear --ansi', '@lint:check', '@php artisan test']",^8.3,^13.3,False,False,,False,True,Eligible,2026-09-11T14:45:48.748253+00:00,SUCCESS,PHP,2,0,0,2
P2804,PappaMYST/the-emplorix,https://github.com/PappaMYST/the-emplorix,main,820f7c779bf806477086600d2a00080c67818c5f,,,2025-04-17T16:01:11Z,2025-04-23T12:03:59Z,2025-04-17T16:02:48Z,168,False,False,False,Confirmed Laravel Application,True,True,True,True,True,True,True,2025-04-17T16:02:48+00:00,True,True,phpunit.xml,True,True,False,,^8.2,^12.0,False,False,,False,True,Eligible,2026-09-11T14:45:52.739821+00:00,SUCCESS,PHP,2,0,0,2
P2813,XadrezSuico/XadrezSuico,https://github.com/XadrezSuico/XadrezSuico,master,610b84149c435f0b941a137fe47ff722e0e9f45b,,GPL-3.0,2019-07-21T08:02:53Z,2025-08-08T15:06:41Z,2026-09-06T13:36:18Z,61953,False,False,False,Confirmed Laravel Application,True,True,True,True,True,True,True,2026-09-06T13:36:18+00:00,True,True,phpunit.xml,True,True,False,,^7.1.3,6.20.44,False,False,,False,True,Eligible,2026-09-11T14:45:56.547144+00:00,SUCCESS,PHP,2,2,20,2
P2815,sanmaxdev/linkforge,https://github.com/sanmaxdev/linkforge,main,a05390f41d8d1586f0f857f6787e43267d60fe56,,MIT,2026-06-15T18:50:28Z,2026-08-31T14:06:17Z,2026-08-21T12:05:35Z,7908,False,False,False,Confirmed Laravel Application,True,True,True,True,True,True,True,2026-08-21T12:05:35+00:00,True,True,phpunit.xml,True,True,False,,^8.2,^12.0,False,False,,False,True,Eligible,2026-09-11T14:46:00.976934+00:00,SUCCESS,PHP,9,5,4,9
P2816,taiyeoguns/laravel-saml-sp-demo,https://github.com/taiyeoguns/laravel-saml-sp-demo,master,2e7be4ba05b8bc62682a068dafe9bbff27cb9816,,,2017-03-18T17:55:05Z,2024-11-25T15:34:32Z,2025-12-09T17:24:57Z,245,False,False,False,Confirmed Laravel Application,True,True,True,True,True,True,True,2025-12-09T17:24:57+00:00,True,True,phpunit.xml,True,True,False,,>=5.6.4,5.4.*,False,False,,False,True,Eligible,2026-09-11T14:46:04.711292+00:00,SUCCESS,PHP,36,10,1,36
P2818,piotr-jura-udemy/laravel-graphql-course-trello-clone,https://github.com/piotr-jura-udemy/laravel-graphql-course-trello-clone,master,d5314bf07686af4f2e9586cbfe7dfd34a1c81ebd,,,2020-07-19T14:23:42Z,2026-07-05T11:49:18Z,2026-07-05T11:49:14Z,1931,False,False,False,Confirmed Laravel Application,True,True,True,True,True,True,True,2026-07-05T11:49:14+00:00,True,True,phpunit.xml,True,True,False,,^7.2.5,^7.0,False,False,,False,True,Eligible,2026-09-11T14:46:08.748870+00:00,SUCCESS,PHP,23,11,0,23
P2823,nabilhassen/larasense,https://github.com/nabilhassen/larasense,main,47fff7f7f465317ac49b208a552e111c34ba9015,,AGPL-3.0,2024-11-25T05:57:33Z,2026-08-23T06:02:01Z,2026-06-10T15:08:17Z,7460,False,False,False,Confirmed Laravel Application,True,True,True,True,True,True,True,2026-06-10T15:08:17+00:00,True,True,phpunit.xml,True,True,True,"pest: pest | test:dirty: @pest --dirty | test:pint: @pint --test | test: ['@test:pint --parallel', '@pest --parallel']",^8.3,^13.9,False,False,,False,True,Eligible,2026-09-11T14:46:13.484681+00:00,SUCCESS,PHP,64,10,1,64
P2831,ismaelfi/mvpable,https://github.com/ismaelfi/mvpable,main,678c9b6cd5da5c914dc6560b1a9b1b9fc1c863c1,,,2024-07-02T13:43:04Z,2026-07-25T04:15:01Z,2026-02-21T09:02:36Z,2971,False,False,False,Confirmed Laravel Application,True,True,True,True,True,True,True,2026-02-21T09:02:36+00:00,True,True,phpunit.xml,True,True,False,,^8.3,^12.0,False,False,,False,True,Eligible,2026-09-11T14:46:17.586942+00:00,SUCCESS,PHP,159,18,0,159
P2835,mrcat323/lara-practice,https://github.com/mrcat323/lara-practice,master,42b915e3fa142978f6155ced957ae5dc119f07cf,,,2018-06-04T17:30:46Z,2022-01-03T16:29:47Z,2026-08-18T14:15:08Z,1109,False,False,False,Confirmed Laravel Application,True,True,True,True,True,True,True,2026-08-18T14:15:08+00:00,True,True,phpunit.xml,True,True,False,,>=7.0.0,5.5.*,False,False,,False,True,Eligible,2026-09-11T14:46:22.312365+00:00,SUCCESS,PHP,4,0,9,4
P2839,stick231/wb-laravel-test-app,https://github.com/stick231/wb-laravel-test-app,main,51356f3b956e9dfa893c7d23da1a1ffd12a7762b,,,2025-06-04T19:54:27Z,2025-09-30T18:12:08Z,2025-06-06T18:29:45Z,99,False,False,False,Confirmed Laravel Application,True,True,True,True,True,True,True,2025-06-06T18:29:45+00:00,True,True,phpunit.xml,True,True,True,"test: ['@php artisan config:clear --ansi', '@php artisan test']",^8.2,^12.0,False,False,,False,True,Eligible,2026-09-11T14:46:31.875153+00:00,SUCCESS,PHP,2,0,0,2
P2842,aimanyusufw/laravel-dashboard-ecommerce,https://github.com/aimanyusufw/laravel-dashboard-ecommerce,main,a90aa4ac0d84f6a6c7d72bd23e175b674a2cd9d0,,,2024-10-07T23:38:52Z,2025-05-22T08:59:22Z,2025-05-22T08:59:19Z,1864,False,False,False,Confirmed Laravel Application,True,True,True,True,True,True,True,2025-05-22T08:59:19+00:00,True,True,phpunit.xml,True,True,False,,^8.2,^11.9,False,False,,False,True,Eligible,2026-09-11T14:46:35.733486+00:00,SUCCESS,PHP,2,0,0,2
P2850,AaEzha/Laravel---AdminLTE-3---Fortify,https://github.com/AaEzha/Laravel---AdminLTE-3---Fortify,main,cd8bdcb54eddd72881078098b96572cd202da660,,,2021-06-03T23:34:03Z,2025-10-21T06:20:53Z,2025-08-11T13:48:19Z,18914,False,False,False,Confirmed Laravel Application,True,True,True,True,True,True,True,2025-08-11T13:48:19+00:00,True,True,phpunit.xml,True,True,False,,^8.2.0,^12.0,False,False,,False,True,Eligible,2026-09-11T14:46:44.158763+00:00,SUCCESS,PHP,14,7,0,14
P2867,Akanyaburunga/kazinduzi_backend,https://github.com/Akanyaburunga/kazinduzi_backend,master,126c7c650848b02e358c6857af0d09592d0dd756,,MIT,2025-01-17T16:35:44Z,2026-03-08T16:18:37Z,2026-09-04T10:48:59Z,1571,False,False,False,Confirmed Laravel Application,True,True,True,True,True,True,True,2026-09-04T10:48:59+00:00,True,True,phpunit.xml,True,True,False,,^8.1,^10.10,False,False,,False,True,Eligible,2026-09-11T14:46:55.702942+00:00,SUCCESS,PHP,2,0,2,2
P2873,Power-Components/powergrid-demo,https://github.com/Power-Components/powergrid-demo,main,2707b3043ad8b4b310082a2fc1802b8a2c604750,,,2021-05-01T13:37:55Z,2026-09-16T02:43:35Z,2026-05-30T20:16:06Z,6547,False,False,False,Confirmed Laravel Application,True,True,True,True,True,True,True,2026-05-30T20:16:06+00:00,True,True,phpunit.xml.dist,True,False,True,"test:security: composer audit | test:types: exit 0 | test:lint: ./vendor/bin/pint --test | test:feature: ['@php artisan config:clear --ansi', './vendor/bin/pest --order-by random'] | tests: ['@test:security', '@test:lint', '@test:feature']",^8.3,^13.0,False,False,,False,True,Eligible,2026-09-11T14:47:02.477898+00:00,SUCCESS,PHP,59,16,0,59
P2879,dev-shelvin-batista/backend-laravel-manage-vehicles,https://github.com/dev-shelvin-batista/backend-laravel-manage-vehicles,master,40f03352afcbb1b64880510f2455be0150ce643e,,GPL-3.0,2025-09-09T10:22:24Z,2025-09-12T08:23:52Z,2025-09-12T08:23:47Z,150,False,False,False,Confirmed Laravel Application,True,True,True,True,True,True,True,2025-09-12T08:23:47+00:00,True,True,phpunit.xml,True,True,False,,^7.3|^8.0,^8.75,False,False,,False,True,Eligible,2026-09-11T14:47:06.224366+00:00,SUCCESS,PHP,2,0,0,2
P2883,seph1709/contact-management-system,https://github.com/seph1709/contact-management-system,main,1c8469fee1f82ae28c25bfbc2e4135dbbf7e629f,,,2024-11-18T11:41:41Z,2026-09-07T03:26:39Z,2026-09-07T03:26:35Z,69072,False,False,False,Confirmed Laravel Application,True,True,True,True,True,True,True,2026-09-07T03:26:35+00:00,True,True,phpunit.xml,True,True,False,,^8.2,^11.31,False,False,,False,True,Eligible,2026-09-11T14:47:10.212506+00:00,SUCCESS,PHP,2,0,0,2
P2895,spatie/laravel-medialibrary-pro-app,https://github.com/spatie/laravel-medialibrary-pro-app,main,b3466a048980784dfbbc03ee89cea3a351a3a493,,,2020-02-12T11:39:25Z,2025-12-08T14:47:18Z,2025-09-15T09:25:21Z,7370,False,False,False,Confirmed Laravel Application,True,True,True,True,True,True,True,2025-09-15T09:25:21+00:00,True,True,phpunit.xml,True,True,False,,^8.3,^v11.0.7,False,False,,False,True,Eligible,2026-09-11T14:47:17.460253+00:00,SUCCESS,PHP,70,32,0,70
P2896,YasserElgammal/blog-cms,https://github.com/YasserElgammal/blog-cms,main,e37fcfd2122e5376dbd33e8538c80232661ae0be,,,2023-01-01T23:15:03Z,2026-06-18T13:55:58Z,2026-08-01T08:24:00Z,3126,False,False,False,Confirmed Laravel Application,True,True,True,True,True,True,True,2026-08-01T08:24:00+00:00,True,True,phpunit.xml,True,True,False,,^8.2,^11.0,False,False,,False,True,Eligible,2026-09-11T14:47:20.909684+00:00,SUCCESS,PHP,91,49,1,91
P2906,Astrotomic/astrotomic.info,https://github.com/Astrotomic/astrotomic.info,main,167d001685bc491402fd32a5a481c6d372100309,,MIT,2019-10-22T12:13:48Z,2026-08-25T16:17:36Z,2026-08-25T16:02:02Z,4663,False,False,False,Confirmed Laravel Application,True,True,True,True,True,True,True,2026-08-25T16:02:02+00:00,True,True,phpunit.xml.dist,True,False,False,,^8.1,^9.19,False,False,,False,True,Eligible,2026-09-11T14:47:29.604567+00:00,SUCCESS,PHP,6,1,6,6
P2924,gumbo-millennium/website,https://github.com/gumbo-millennium/website,main,c209657b49072af33087af6f62c3b864b63c4a89,,MPL-2.0,2018-06-14T11:33:29Z,2026-08-14T00:51:26Z,2026-08-14T00:52:53Z,33378,False,False,False,Confirmed Laravel Application,True,True,True,True,True,True,True,2026-08-14T00:52:53+00:00,True,True,phpunit.xml,True,True,True,test: ['vendor/bin/phpunit'],^8.2,^10.0,False,False,,False,True,Eligible,2026-09-11T14:47:48.301473+00:00,SUCCESS,PHP,2,6,10,2
P2929,morpheusadam/ShopSmith,https://github.com/morpheusadam/ShopSmith,main,993738f05a7aff45d40bf5a03f03c1b2d2a47563,,,2024-08-14T21:55:30Z,2026-08-03T11:37:51Z,2026-08-03T11:36:58Z,8907,False,False,False,Confirmed Laravel Application,True,True,True,True,True,True,True,2026-08-03T11:36:58+00:00,True,True,phpunit.xml,True,True,False,,^8.1.0,^10.0,False,False,,False,True,Eligible,2026-09-11T14:47:52.101033+00:00,SUCCESS,PHP,5,1,0,5
P2930,awcodes/sparky,https://github.com/awcodes/sparky,main,37b7f811897c9fca7d5f959d69a525f03376749d,,,2026-01-27T18:06:48Z,2026-05-12T16:49:09Z,2026-05-12T16:05:44Z,1468,False,False,False,Confirmed Laravel Application,True,True,True,True,True,True,True,2026-05-12T16:05:44+00:00,True,True,phpunit.xml,True,True,True,"test:lint: pint --test | test:refactor: rector --dry-run | test:types: phpstan analyse | test:unit: pest --parallel | test: ['@test:refactor', '@test:lint', '@test:types', '@test:unit']",^8.4,^12.0,False,False,,False,True,Eligible,2026-09-11T14:47:56.081966+00:00,SUCCESS,PHP,13,1,0,13
P2945,pixelcave/tailkit-starter-kit-laravel,https://github.com/pixelcave/tailkit-starter-kit-laravel,main,4e7e3273c3c4d5f964949d4e1fab9da0544a308f,,,2022-09-02T08:43:50Z,2026-08-11T07:49:23Z,2026-08-11T07:49:15Z,1134,False,False,False,Confirmed Laravel Application,True,True,True,True,True,True,True,2026-08-11T07:49:15+00:00,True,True,phpunit.xml,True,True,False,,^8.2,^13.24,False,False,,False,True,Eligible,2026-09-11T14:48:08.024750+00:00,SUCCESS,PHP,18,2,0,18
P2962,superdevops233/laravel-nuxt,https://github.com/superdevops233/laravel-nuxt,master,fa7ad5efd87188c5da6c5351c2b19a7c5a63e229,,MIT,2025-03-09T14:34:48Z,2025-06-05T06:20:58Z,2025-03-09T15:06:19Z,650,False,False,False,Confirmed Laravel Application,True,True,True,True,True,True,True,2025-03-09T15:06:19+00:00,True,True,phpunit.xml,True,True,False,,^7.3|^8.0,^8.12,False,False,,False,True,Eligible,2026-09-11T14:48:12.485314+00:00,SUCCESS,PHP,7,0,0,7
P2963,imadehermanto/TaskPilot,https://github.com/imadehermanto/TaskPilot,main,caa38b44eb5273cbc67f7f069d882f24727544c5,,MIT,2025-04-28T12:44:44Z,2025-07-04T11:01:20Z,2025-04-29T03:05:53Z,1192,False,False,False,Confirmed Laravel Application,True,True,True,True,True,True,True,2025-04-29T03:05:53+00:00,True,True,phpunit.xml,True,True,True,"test: ['@php artisan config:clear --ansi', '@php artisan test']",^8.2,^12.0,False,False,,False,True,Eligible,2026-09-11T14:48:16.726003+00:00,SUCCESS,PHP,6,0,0,6
P2966,bajelanmehran/solid-principles,https://github.com/bajelanmehran/solid-principles,master,a771494b45757c5daad464c89b2159f96f445c49,,,2025-12-25T09:25:05Z,2026-06-13T02:24:20Z,2025-12-27T08:24:56Z,95,False,False,False,Confirmed Laravel Application,True,True,True,True,True,True,True,2025-12-27T08:24:56+00:00,True,True,phpunit.xml,True,True,True,"test: ['@php artisan config:clear --ansi', '@php artisan test']",^8.2,^12.0,False,False,,False,True,Eligible,2026-09-11T14:48:20.595511+00:00,SUCCESS,PHP,2,0,0,2
P2968,bpocallaghan/laravel-admin-starter,https://github.com/bpocallaghan/laravel-admin-starter,master,0e811c9e8f13fb8b138298780ee1e10472912849,,,2016-04-02T10:46:41Z,2026-07-30T05:27:16Z,2026-09-11T11:38:07Z,7105,False,False,False,Confirmed Laravel Application,True,True,True,True,True,True,True,2026-09-03T14:17:32+00:00,True,True,phpunit.xml,True,True,False,,^7.2,^6.0,False,False,,False,True,Eligible,2026-09-11T14:48:24.254109+00:00,SUCCESS,PHP,349,91,5,349
P2972,FelienZ/Kuchi_Hotel,https://github.com/FelienZ/Kuchi_Hotel,master,0cd28b910a2b8966d3222f92be36ec5f1ad960d8,,,2025-09-25T14:51:03Z,2025-10-19T02:09:28Z,2025-10-19T02:09:25Z,3836,False,False,False,Confirmed Laravel Application,True,True,True,True,True,True,True,2025-10-19T02:09:25+00:00,True,True,phpunit.xml,True,True,True,"test: ['@php artisan config:clear --ansi', '@php artisan test']",^8.2,^12.0,False,False,,False,True,Eligible,2026-09-11T14:48:28.948376+00:00,SUCCESS,PHP,2,0,0,2
P2978,dionisvl/php.laravel.email-builder,https://github.com/dionisvl/php.laravel.email-builder,master,9d7335ae457328aeb4d51e026dc02043a1c9eb56,,,2020-03-08T17:37:46Z,2025-02-17T18:09:11Z,2025-01-31T16:24:38Z,160,False,False,False,Confirmed Laravel Application,True,True,True,True,True,True,True,2025-01-31T16:24:38+00:00,True,True,phpunit.xml,True,True,False,,^7.2.5,^7.0,False,False,,False,True,Eligible,2026-09-11T14:48:37.655493+00:00,SUCCESS,PHP,6,5,0,6
P2988,dsbilling/dsbilling.no,https://github.com/dsbilling/dsbilling.no,main,5b323f6a72aee4fe54f7363930b630cba93dc726,,MIT,2021-04-16T13:17:39Z,2026-09-05T22:20:40Z,2026-09-05T22:20:37Z,18193,False,False,False,Confirmed Laravel Application,True,True,True,True,True,True,True,2026-09-05T22:20:37+00:00,True,True,phpunit.xml,True,True,True,"test: ['@php artisan config:clear --ansi', '@php artisan test']",^8.4,^12.48,False,False,,False,True,Eligible,2026-09-11T14:48:45.970572+00:00,SUCCESS,PHP,5,1,2,5
P3017,renoki-co/laravel-helm-demo,https://github.com/renoki-co/laravel-helm-demo,master,95aabc6762d974ee678d589cd9c64d7ea76679c3,,,2021-02-16T09:41:32Z,2026-09-15T03:10:26Z,2026-02-15T15:40:08Z,252,False,False,False,Confirmed Laravel Application,True,True,True,True,True,True,True,2026-02-15T15:40:08+00:00,True,True,phpunit.xml,True,True,False,,^7.3|^8.0,^8.12,False,False,,False,True,Eligible,2026-09-11T14:48:57.206562+00:00,SUCCESS,PHP,66,18,13,66
P3031,flyhub-mi/flyhub,https://github.com/flyhub-mi/flyhub,main,1eeb3213478a37f4797b6cf0dea576b9388c8feb,,MIT,2025-07-18T18:01:48Z,2025-08-19T03:20:35Z,2025-08-19T03:20:32Z,21037,False,False,False,Confirmed Laravel Application,True,True,True,True,True,True,True,2025-08-19T03:20:32+00:00,True,True,phpunit.xml.dist,True,True,True,test: ['./vendor/bin/pest'] | test:coverage: ['./vendor/bin/pest --coverage'] | test:parallel: ['./vendor/bin/pest --parallel'],^8.1,^10.10,False,False,,False,True,Eligible,2026-09-11T14:49:00.961184+00:00,SUCCESS,PHP,2,0,1,2
P3033,bulfaitelo/OSLab,https://github.com/bulfaitelo/OSLab,main,a56e07a3c05e6141f11f592ac00a31898ec43dcc,,NOASSERTION,2023-05-19T16:50:30Z,2026-08-28T12:36:18Z,2026-08-28T12:33:56Z,18803,False,False,False,Confirmed Laravel Application,True,True,True,True,True,True,True,2026-08-28T12:33:56+00:00,True,True,phpunit.xml,True,True,False,,^8.2,^12.0,False,False,,False,True,Eligible,2026-09-11T14:49:05.442262+00:00,SUCCESS,PHP,9,5,0,9
P3036,php-kchat/kchat,https://github.com/php-kchat/kchat,master,4fed45034539cef78b22c5515766f92fdc40595a,,,2017-09-05T12:17:47Z,2026-07-29T04:02:32Z,2026-07-16T09:22:24Z,51268,False,False,False,Confirmed Laravel Application,True,True,True,True,True,True,True,2026-07-16T09:22:24+00:00,True,True,phpunit.xml,True,False,False,,^8.0.2,^9.19,False,False,,False,True,Eligible,2026-09-11T14:49:08.996848+00:00,SUCCESS,PHP,155,45,0,155
P3039,Lukas-Dev01/eCom-en-laravel,https://github.com/Lukas-Dev01/eCom-en-laravel,modernization,b02ea28dd6a24d4134e8d2d50c3e608bc4e742a0,,,2022-03-28T13:33:27Z,2026-05-22T13:11:28Z,2026-05-21T15:03:23Z,821,False,False,False,Confirmed Laravel Application,True,True,True,True,True,True,True,2026-05-21T15:03:23+00:00,True,True,phpunit.xml,True,True,False,,^8.0.2,^9.2,False,False,,False,True,Eligible,2026-09-11T14:49:13.361817+00:00,SUCCESS,PHP,2,0,0,2
P3047,spatie/dnsrecords.io,https://github.com/spatie/dnsrecords.io,master,8aed1ce625de486a1da6c2427840256ac78e73d0,,,2017-10-19T22:07:54Z,2026-09-07T06:46:16Z,2026-01-31T10:25:23Z,1500,False,False,False,Confirmed Laravel Application,True,True,True,True,True,True,True,2026-01-31T10:25:23+00:00,True,True,phpunit.xml,True,True,False,,>=7.3.0,^6.0,False,False,,False,True,Eligible,2026-09-11T14:49:21.674861+00:00,SUCCESS,PHP,319,55,0,319
P3063,frikishaan/tiny-crm,https://github.com/frikishaan/tiny-crm,main,4d78908065cead042427322e53449c56f4bbc0b3,,MIT,2023-02-06T14:04:21Z,2026-09-15T03:19:07Z,2026-05-15T06:13:34Z,3447,False,False,False,Confirmed Laravel Application,True,True,True,True,True,True,True,2026-05-15T06:13:34+00:00,True,True,phpunit.xml,True,True,False,,^8.2,^12.0,False,False,,False,True,Eligible,2026-09-11T14:49:26.018691+00:00,SUCCESS,PHP,179,36,1,179
P3068,nexmo-community/laravel-messages,https://github.com/nexmo-community/laravel-messages,main,c84aace76ec3ee3adbeb9350245a685969209ed1,,MIT,2020-08-07T15:12:34Z,2025-05-02T14:32:59Z,2026-06-21T12:09:59Z,82,False,False,False,Confirmed Laravel Application,True,True,True,True,True,True,True,2026-06-21T12:09:59+00:00,True,True,phpunit.xml,True,True,False,,^7.3.0,^8.0,False,False,,False,True,Eligible,2026-09-11T14:49:32.750511+00:00,SUCCESS,PHP,11,12,12,11
P3078,superdevops233/laravel-vue-ecommerce,https://github.com/superdevops233/laravel-vue-ecommerce,main,ca259d62e8c17e041f1e82206db5f4ed092979aa,,,2025-03-08T20:22:19Z,2025-06-07T13:57:20Z,2025-03-09T19:06:52Z,1290,False,False,False,Confirmed Laravel Application,True,True,True,True,True,True,True,2025-03-09T19:06:52+00:00,True,True,phpunit.xml,True,True,False,,^8.2,^v11.0.7,False,False,,False,True,Eligible,2026-09-11T14:49:46.013412+00:00,SUCCESS,PHP,8,0,0,8
P3082,mattipunkt/opentipp-reborn,https://github.com/mattipunkt/opentipp-reborn,master,54543e8b3d1f2ac4b744e085f0c208b34bc1249e,,,2025-03-18T14:54:56Z,2026-06-30T13:31:28Z,2026-06-30T13:31:47Z,290,False,False,False,Confirmed Laravel Application,True,True,True,True,True,True,True,2026-06-30T13:31:47+00:00,True,True,phpunit.xml,True,True,False,,^8.4,^12.0,False,False,,False,True,Eligible,2026-09-11T14:49:49.679206+00:00,SUCCESS,PHP,2,0,4,2
P3098,AaEzha/Laravel---SB-Admin-2---Fortify,https://github.com/AaEzha/Laravel---SB-Admin-2---Fortify,main,73b5df3e150f483c80eb41447e35dd8af0bc9f92,,MIT,2020-10-17T08:13:57Z,2026-04-25T14:37:29Z,2026-04-25T14:37:10Z,9039,False,False,False,Confirmed Laravel Application,True,True,True,True,True,True,True,2026-04-25T14:37:10+00:00,True,True,phpunit.xml,True,True,False,,^8.2.0,^13.0,False,False,,False,True,Eligible,2026-09-11T14:50:07.892608+00:00,SUCCESS,PHP,36,24,0,36
P3120,theHocineSaad/linatabara3,https://github.com/theHocineSaad/linatabara3,main,401e181fdb0a6ff916e6e930379dc0d3169b0b90,,MIT,2022-07-06T15:06:34Z,2026-09-06T02:20:59Z,2026-08-05T18:32:27Z,1984,False,False,False,Confirmed Laravel Application,True,True,True,True,True,True,True,2026-08-05T18:32:27+00:00,True,True,phpunit.xml,True,True,False,,^8.2.0,^13.0,False,False,,False,True,Eligible,2026-09-11T14:50:17.567423+00:00,SUCCESS,PHP,82,14,3,82
P3125,canyok-dev0818/production-ready-api,https://github.com/canyok-dev0818/production-ready-api,main,8bf1c1ade5170fc08f5a4621dd00fa2d60bf466c,,,2026-03-08T16:47:41Z,2026-05-22T13:49:12Z,2026-03-08T16:49:56Z,84,False,False,False,Confirmed Laravel Application,True,True,True,True,True,True,True,2026-03-08T16:49:56+00:00,True,True,phpunit.xml,True,True,False,,^8.1,^10.0,False,False,,False,True,Eligible,2026-09-11T14:50:21.769730+00:00,SUCCESS,PHP,2,0,0,2
P3135,0xd011f4ce/OurSpace,https://github.com/0xd011f4ce/OurSpace,main,c7b7ae5bacdde439bc8308ac1113dfcd566e4275,,GPL-3.0,2024-12-25T22:52:16Z,2026-09-09T16:15:15Z,2025-01-13T02:38:07Z,869,False,False,False,Confirmed Laravel Application,True,True,True,True,True,True,True,2025-01-13T02:38:07+00:00,True,True,phpunit.xml,True,True,False,,^8.2,^11.31,False,False,,False,True,Eligible,2026-09-11T14:50:30.322671+00:00,SUCCESS,PHP,3,3,0,3
P3144,jorgehernandezch/laravel9-adminlte,https://github.com/jorgehernandezch/laravel9-adminlte,master,9056e308731495c4754e0514a6d17d1594b34658,,,2022-10-12T17:38:30Z,2026-05-18T20:25:17Z,2026-08-08T05:52:02Z,3300,False,False,False,Confirmed Laravel Application,True,True,True,True,True,True,True,2026-08-08T05:52:02+00:00,True,True,phpunit.xml,True,True,False,,^8.0.2,^9.19,False,False,,False,True,Eligible,2026-09-11T14:50:38.470737+00:00,SUCCESS,PHP,4,3,9,4
P3150,krayin/laravel-crm,https://github.com/krayin/laravel-crm,2.2,570a8db102607f1c191f239f06f6db06ec8b942b,,MIT,2021-06-05T14:18:48Z,2026-09-16T01:00:19Z,2026-09-14T05:54:22Z,54505,False,False,False,Confirmed Laravel Application,True,True,True,True,True,True,True,2026-09-10T12:21:01+00:00,True,True,phpunit.xml,True,True,False,,^8.3,^12.0,False,False,,False,True,Eligible,2026-09-11T14:50:42.345697+00:00,SUCCESS,PHP,23876,1627,120,23876
P3151,Philip-Droubi/Firo_Laravel_Filament,https://github.com/Philip-Droubi/Firo_Laravel_Filament,main,f05da2e25627b784123a25470b06e3ce4f76d575,,MIT,2024-10-14T02:00:07Z,2026-01-04T02:25:29Z,2025-01-09T13:38:33Z,2563,False,False,False,Confirmed Laravel Application,True,True,True,True,True,True,True,2025-01-09T13:38:33+00:00,True,True,phpunit.xml,True,True,False,,^8.1,^10.10,False,False,,False,True,Eligible,2026-09-11T14:50:46.008137+00:00,SUCCESS,PHP,2,0,0,2
P3156,jantinnerezo/livewire-alert-demo,https://github.com/jantinnerezo/livewire-alert-demo,main,406ed408d478738def738e54cffed8d6f44cab79,,,2020-12-23T13:38:57Z,2026-09-02T09:38:58Z,2026-09-02T09:35:43Z,1588,False,False,False,Confirmed Laravel Application,True,True,True,True,True,True,True,2026-09-02T09:35:43+00:00,True,True,phpunit.xml,True,True,False,,^8.3,^13.0,False,False,,False,True,Eligible,2026-09-11T14:50:49.946906+00:00,SUCCESS,PHP,9,0,0,9
P3160,MG22Hadi/Warehouses-Mangement,https://github.com/MG22Hadi/Warehouses-Mangement,main,79ef98197a9631eae961736e54620bf31b4cc1da,,,2025-05-05T09:00:04Z,2026-08-27T11:25:43Z,2026-08-27T11:24:38Z,380,False,False,False,Confirmed Laravel Application,True,True,True,True,True,True,True,2026-08-27T11:24:38+00:00,True,True,phpunit.xml,True,True,True,"test: ['@php artisan config:clear --ansi', '@php artisan test']",^8.2,^12.0,False,False,,False,True,Eligible,2026-09-11T14:50:53.597583+00:00,SUCCESS,PHP,2,0,0,2
P3176,psalmistcom/laravel-react-ecommerce,https://github.com/psalmistcom/laravel-react-ecommerce,master,4d383caace5d0c4c425e19953ad2b88d0e35a2b8,,,2025-01-15T22:22:54Z,2026-01-01T01:05:58Z,2025-01-20T13:10:56Z,781,False,False,False,Confirmed Laravel Application,True,True,True,True,True,True,True,2025-01-20T13:10:56+00:00,True,True,phpunit.xml,True,True,False,,^8.2,^11.31,False,False,,False,True,Eligible,2026-09-11T14:50:57.540883+00:00,SUCCESS,PHP,2,0,0,2
P3179,isystk/laravel-react-boilerplate,https://github.com/isystk/laravel-react-boilerplate,master,9ee3bee29609d42ae320cb68de0af23ef08c8a50,,MIT,2021-06-15T14:12:23Z,2026-09-09T13:27:39Z,2026-09-09T13:16:45Z,60955,False,False,False,Confirmed Laravel Application,True,True,True,True,True,True,True,2026-09-09T13:16:45+00:00,True,True,phpunit.xml,True,True,False,,^8.3,^13.0,False,False,,False,True,Eligible,2026-09-11T14:51:05.415801+00:00,SUCCESS,PHP,25,12,0,25
P3192,afedukov/searchtweak,https://github.com/afedukov/searchtweak,main,1db8d6628ddae81df7f3c46b117b56bab67c2f82,,NOASSERTION,2024-10-10T09:40:18Z,2026-05-01T17:50:25Z,2026-05-01T17:50:24Z,13646,False,False,False,Confirmed Laravel Application,True,True,True,True,True,True,True,2026-05-01T17:50:24+00:00,True,True,phpunit.xml,True,True,False,,^8.3,^11.0,False,False,,False,True,Eligible,2026-09-11T14:51:13.562243+00:00,SUCCESS,PHP,16,2,0,16
P3207,hzeeshan/watch-later,https://github.com/hzeeshan/watch-later,main,607565a0740a2aded6d4dc0e54b2e1ddf19ef853,,MIT,2026-07-12T10:16:31Z,2026-07-28T05:25:54Z,2026-07-22T13:56:46Z,114,False,False,False,Confirmed Laravel Application,True,True,True,True,True,True,True,2026-07-22T13:56:46+00:00,True,True,phpunit.xml,True,True,True,"test: ['@php artisan config:clear --ansi @no_additional_args', '@php artisan test']",^8.3,^13.8,False,False,,False,True,Eligible,2026-09-11T14:51:22.706480+00:00,SUCCESS,PHP,2,0,0,2
P3211,ccuffs/event-manager-uffs,https://github.com/ccuffs/event-manager-uffs,master,aec598217551b947942f18b3a69a6b623b9fcc42,,MIT,2020-01-16T22:54:11Z,2026-03-27T22:37:10Z,2026-02-13T19:01:53Z,11422,False,False,False,Confirmed Laravel Application,True,True,True,True,True,True,True,2026-02-13T19:01:53+00:00,True,True,phpunit.xml,True,True,False,,^7.2,^6.2,False,False,,False,True,Eligible,2026-09-11T14:51:25.908860+00:00,SUCCESS,PHP,10,3,44,10
P3228,ColoredCow/portal,https://github.com/ColoredCow/portal,develop,f156130b25b0e39758b869f5979530397aa196b5,,MIT,2018-03-13T07:16:20Z,2026-09-10T21:06:57Z,2026-09-04T15:37:45Z,23260,False,False,False,Confirmed Laravel Application,True,True,True,True,True,True,True,2026-09-04T15:37:45+00:00,True,True,phpunit.xml,True,True,False,,^7.4,^8.0,False,False,,False,True,Eligible,2026-09-11T14:51:34.595886+00:00,SUCCESS,PHP,56,51,352,56
P3235,venturedrake/laravel-crm-starter,https://github.com/venturedrake/laravel-crm-starter,develop,705fb392def110a7e8795a72fed7f7ba399cdfa2,,MIT,2021-03-31T00:21:03Z,2026-06-30T08:49:58Z,2025-06-14T10:38:27Z,5914,False,False,False,Confirmed Laravel Application,True,True,True,True,True,True,True,2025-06-14T10:38:27+00:00,True,True,phpunit.xml,True,True,True,test: vendor/bin/phpunit | test-coverage: vendor/bin/phpunit --coverage-html coverage | format-test: vendor/bin/pint -v --test,^8.0,^9.19,False,False,,False,True,Eligible,2026-09-11T14:51:39.016236+00:00,SUCCESS,PHP,8,5,4,8
P3246,yolanmees/Spikster,https://github.com/yolanmees/Spikster,master,e1cdf8c4b780c87457b548c38a87982b549e2465,,NOASSERTION,2023-08-20T17:23:07Z,2026-09-12T12:50:26Z,2026-07-31T19:40:01Z,41868,False,False,False,Confirmed Laravel Application,True,True,True,True,True,True,True,2026-07-31T19:40:01+00:00,True,True,phpunit.xml,True,False,False,,^8.1|^8.2,^10.10,False,False,,False,True,Eligible,2026-09-11T14:51:45.608856+00:00,SUCCESS,PHP,155,34,8,155
P3247,yidaqiu/laravel-dingding,https://github.com/yidaqiu/laravel-dingding,master,47bddb57bf541b46e307cc48c27163c3b3ebfd2f,,,2019-06-12T08:38:00Z,2023-07-08T02:38:26Z,2026-07-16T13:52:54Z,1569,False,False,False,Confirmed Laravel Application,True,True,True,True,True,True,True,2026-07-16T13:52:54+00:00,True,True,phpunit.xml,True,True,False,,^7.1.3,5.8.*,False,False,,False,True,Eligible,2026-09-11T14:51:49.545030+00:00,SUCCESS,PHP,6,3,22,6
P3256,LucasNOFCs/gym_api,https://github.com/LucasNOFCs/gym_api,main,3fc31bbc594c8b6a2794555d51d6f5d0e552c6c3,,MIT,2026-08-26T00:54:16Z,2026-08-29T09:51:27Z,2026-08-29T09:50:25Z,199,False,False,False,Confirmed Laravel Application,True,True,True,True,True,True,True,2026-08-29T09:50:25+00:00,True,True,phpunit.xml,True,True,True,"test: ['@php artisan config:clear --ansi @no_additional_args', '@php artisan test']",^8.3,^13.17,False,False,,False,True,Eligible,2026-09-11T14:51:53.128611+00:00,SUCCESS,PHP,2,0,6,2
P3271,Hkaar/7Books,https://github.com/Hkaar/7Books,master,ca70932e02d6c48a2eae93bb9a2b59ee9bec4cbc,,Apache-2.0,2024-03-01T07:47:02Z,2025-09-16T22:33:52Z,2025-09-16T22:33:47Z,16264,False,False,False,Confirmed Laravel Application,True,True,True,True,True,True,True,2025-09-16T22:33:47+00:00,True,True,phpunit.xml,True,True,False,,^8.1,^10.10,False,False,,False,True,Eligible,2026-09-11T14:51:57.293647+00:00,SUCCESS,PHP,2,1,3,2
P3289,HugoJF/payment-system,https://github.com/HugoJF/payment-system,master,cf1554f768db56a28dc04d4109b95e34e324a553,,GPL-3.0,2019-07-16T06:30:47Z,2026-02-26T16:30:49Z,2026-02-26T16:30:41Z,4777,False,False,False,Confirmed Laravel Application,True,True,True,True,True,True,True,2026-02-26T16:30:41+00:00,True,True,phpunit.xml,True,True,False,,^7.4,5.8.*,False,False,,False,True,Eligible,2026-09-11T14:52:06.263801+00:00,SUCCESS,PHP,5,1,0,5
P3296,filipprober/laravel-tenancy,https://github.com/filipprober/laravel-tenancy,1.x,f60a2f567e245f894fbbbfd00e5e0b6c4463c89a,,,2024-03-17T19:22:32Z,2025-09-24T10:17:08Z,2025-10-06T08:25:26Z,157,False,False,False,Confirmed Laravel Application,True,True,True,True,True,True,True,2025-10-06T08:25:26+00:00,True,True,phpunit.xml,True,True,False,,^8.1,^10.10,False,False,,False,True,Eligible,2026-09-11T14:52:10.058533+00:00,SUCCESS,PHP,8,2,0,8
P3298,gnuboard/g7,https://github.com/gnuboard/g7,main,f00b8d04a16879801eac2424f2ddf19ad4e50919,,NOASSERTION,2026-03-04T06:22:19Z,2026-09-13T20:17:37Z,2026-09-09T05:39:05Z,107250,False,False,False,Confirmed Laravel Application,True,True,True,True,True,True,True,2026-09-09T05:39:05+00:00,True,True,phpunit.xml,True,True,True,"test: ['@php artisan config:clear --ansi', '@php artisan test'] | test-smoke: ['@php artisan config:clear --ansi', '@php vendor/bin/phpunit --testsuite=Installation'] | test-smoke-ci: ['@php artisan config:clear --ansi', '@php vendor/bin/phpunit --testsuite=Installation --stop-on-failure']",^8.2,^12.0,False,False,,False,True,Eligible,2026-09-11T14:52:14.265135+00:00,SUCCESS,PHP,87,38,14,87
P3306,HugoJF/csgo-servers-admin-panel,https://github.com/HugoJF/csgo-servers-admin-panel,master,ee32ca5a13cdcdd169c59ae8d17dc74a9577b137,,GPL-3.0,2017-07-08T11:53:19Z,2026-02-26T16:36:13Z,2026-02-26T16:31:47Z,4415,False,False,False,Confirmed Laravel Application,True,True,True,True,True,True,True,2026-02-26T16:31:47+00:00,True,True,phpunit.xml,True,True,False,,>=5.6.4,5.4.*,False,False,,False,True,Eligible,2026-09-11T14:52:18.234518+00:00,SUCCESS,PHP,2,0,0,2
P3307,RobinBastiaan/scarfy,https://github.com/RobinBastiaan/scarfy,master,07fecb32f87a3693105797d092be4dfbf07964fe,,,2021-09-26T16:35:09Z,2025-01-12T21:08:00Z,2025-01-12T21:07:57Z,24872,False,False,False,Confirmed Laravel Application,True,True,True,True,True,True,True,2025-01-12T21:07:57+00:00,True,True,phpunit.xml.dist,True,True,False,,^8.1,^9,False,False,,False,True,Eligible,2026-09-11T14:52:22.007744+00:00,SUCCESS,PHP,2,0,19,2
P3308,scify/Talk-And-Play-Marketplace,https://github.com/scify/Talk-And-Play-Marketplace,main,898ba5d7ea3975bd611658a1b7f7d29bb6fad0df,,Apache-2.0,2021-05-17T07:19:27Z,2026-09-14T06:15:53Z,2026-09-14T06:15:57Z,16373,False,False,False,Confirmed Laravel Application,True,True,True,True,True,True,True,2026-09-09T20:30:19+00:00,True,True,phpunit.xml,True,True,False,,^8.2.0,^12.61,False,False,,False,True,Eligible,2026-09-11T14:52:25.824244+00:00,SUCCESS,PHP,2,0,0,2
P3311,typicms/typicms,https://github.com/typicms/typicms,main,d12777b241fe73e68b7741129787dff8032581d2,,MIT,2014-12-26T14:15:30Z,2026-09-14T15:12:27Z,2026-09-14T15:11:40Z,24599,False,False,False,Confirmed Laravel Application,True,True,True,True,True,True,True,2026-09-01T11:16:17+00:00,True,True,phpunit.xml,True,True,True,"test: ['@php artisan config:clear --ansi', '@php artisan test']",^8.4,^13.0,False,False,,False,True,Eligible,2026-09-11T14:52:29.888521+00:00,SUCCESS,PHP,1616,488,4,1616
P3314,holiq/api-boilerplate,https://github.com/holiq/api-boilerplate,main,c62631e825d5e12ff10ed5eefcf8c76e68700e32,,,2024-08-23T08:54:26Z,2026-06-17T16:24:40Z,2025-09-23T14:10:23Z,140,False,False,False,Confirmed Laravel Application,True,True,True,True,True,True,True,2025-09-23T14:10:23+00:00,True,True,phpunit.xml,True,True,False,,^8.2,^12.0,False,False,,False,True,Eligible,2026-09-11T14:52:34.019560+00:00,SUCCESS,PHP,4,1,0,4
P3343,spatie/wordstockt.com,https://github.com/spatie/wordstockt.com,main,419fd9bfacb6fba9b0e10ac2ba465f63cf4943fa,,,2026-01-07T07:42:18Z,2026-08-06T18:20:11Z,2026-08-06T18:20:59Z,15986,False,False,False,Confirmed Laravel Application,True,True,True,True,True,True,True,2026-08-06T18:20:59+00:00,True,True,phpunit.xml,True,True,True,test: ['./vendor/bin/pest'],^8.4,^13.0,False,False,,False,True,Eligible,2026-09-11T14:52:50.110556+00:00,SUCCESS,PHP,12,1,0,12
P3352,sajya/sajya.github.io,https://github.com/sajya/sajya.github.io,master,93e9b1b70ba10d2a9f0c6a6bc9278df003f364fc,,,2020-01-30T22:39:50Z,2025-10-01T07:20:12Z,2025-10-01T07:20:39Z,2759,False,False,False,Confirmed Laravel Application,True,True,True,True,True,True,True,2025-10-01T07:20:39+00:00,True,True,phpunit.xml,True,True,False,,^8.3,^11.0,False,False,,False,True,Eligible,2026-09-11T14:52:54.160965+00:00,SUCCESS,PHP,2,3,6,2
P3355,stick231/tg-bot-iskra,https://github.com/stick231/tg-bot-iskra,main,1fbbb0ba952b42f40ef89524371e76e58f6b9177,,MIT,2025-06-06T15:38:32Z,2025-11-04T19:06:22Z,2025-11-04T19:06:18Z,447,False,False,False,Confirmed Laravel Application,True,True,True,True,True,True,True,2025-11-04T19:06:18+00:00,True,True,phpunit.xml,True,True,False,,^8.2,^11.31,False,False,,False,True,Eligible,2026-09-11T14:52:58.700542+00:00,SUCCESS,PHP,5,0,0,5
P3364,munafio/chatify-demo,https://github.com/munafio/chatify-demo,master,9b883d7fc1d38c805f4db5e22133d5c79b0ef355,,,2019-12-30T15:53:49Z,2026-07-31T04:00:18Z,2026-09-04T08:01:08Z,2691,False,False,False,Confirmed Laravel Application,True,True,True,True,True,True,True,2026-09-04T08:01:08+00:00,True,True,phpunit.xml,True,True,False,,^8.1,^10.0,False,False,,False,True,Eligible,2026-09-11T14:53:02.611909+00:00,SUCCESS,PHP,519,197,23,519
P3365,matinsoleymni/TodoAppApi,https://github.com/matinsoleymni/TodoAppApi,main,3ab98c532185aa7afc094f12b7660124c309bdcb,,,2024-10-17T10:14:51Z,2025-04-08T10:19:51Z,2025-02-12T19:47:52Z,200,False,False,False,Confirmed Laravel Application,True,True,True,True,True,True,True,2025-02-12T19:47:52+00:00,True,True,phpunit.xml,True,True,False,,^8.2,^11.9,False,False,,False,True,Eligible,2026-09-11T14:53:06.219297+00:00,SUCCESS,PHP,6,0,0,6
P3369,spatie/attended.io,https://github.com/spatie/attended.io,master,ffe4d4629930bcbdc6c99c2d0a12626f6810e710,,,2019-01-24T16:22:15Z,2026-04-14T12:55:26Z,2026-01-31T10:24:47Z,2335,False,False,False,Confirmed Laravel Application,True,True,True,True,True,True,True,2026-01-31T10:24:47+00:00,True,True,phpunit.xml,True,True,False,,^7.3.0,5.8.*,False,False,,False,True,Eligible,2026-09-11T14:53:10.269634+00:00,SUCCESS,PHP,121,32,0,121
P3375,melasistema/arkhein,https://github.com/melasistema/arkhein,master,a60b9374cdc45d7b0f83a8980671b53def27bc74,,MIT,2026-03-12T16:48:02Z,2026-07-14T22:25:58Z,2026-04-07T23:01:20Z,1997,False,False,False,Confirmed Laravel Application,True,True,True,True,True,True,True,2026-04-07T23:01:20+00:00,True,True,phpunit.xml,True,True,True,"test: ['@php artisan config:clear --ansi', '@lint:check', '@php artisan test']",^8.2,^12.0,False,False,,False,True,Eligible,2026-09-11T14:53:14.452434+00:00,SUCCESS,PHP,4,0,0,4
P3381,1nFrastr/likeadmin_laravel,https://github.com/1nFrastr/likeadmin_laravel,main,5d71e27c3868b598648d7653657737b92f58988a,,,2024-11-02T08:30:24Z,2026-07-30T14:59:30Z,2025-09-14T18:25:51Z,5234,False,False,False,Confirmed Laravel Application,True,True,True,True,True,True,True,2025-09-14T18:25:51+00:00,True,True,phpunit.xml,True,True,False,,^8.2,^11.9,False,False,,False,True,Eligible,2026-09-11T14:53:18.612370+00:00,SUCCESS,PHP,72,13,1,72
P3390,Ahmadjamil888/PREMIUM-LARAVEL-template,https://github.com/Ahmadjamil888/PREMIUM-LARAVEL-template,main,6187a2a9f1aa5380b56df8d29fab4d570e8a2f34,,,2025-07-09T14:14:30Z,2026-08-06T21:58:33Z,2025-07-09T14:21:27Z,251,False,False,False,Confirmed Laravel Application,True,True,True,True,True,True,True,2025-07-09T14:21:27+00:00,True,True,phpunit.xml,True,True,True,"test: ['@php artisan config:clear --ansi', '@php artisan test']",^8.2,^12.0,False,False,,False,True,Eligible,2026-09-11T14:53:23.253314+00:00,SUCCESS,PHP,6,0,0,6
P3419,obstschale/wichteln,https://github.com/obstschale/wichteln,main,dc8717c58443f54eecb38071ab8908c9381a4ae9,,GPL-3.0,2016-12-03T10:36:14Z,2026-02-08T11:44:31Z,2026-04-18T11:38:25Z,4247,False,False,False,Confirmed Laravel Application,True,True,True,True,True,True,True,2026-04-18T11:38:25+00:00,True,True,phpunit.xml,True,True,True,test: phpunit --colors=always --testdox,^8.3,^12.0,False,False,,False,True,Eligible,2026-09-11T14:53:39.399368+00:00,SUCCESS,PHP,6,0,17,6
P3427,IslamTaleb11/klinik-laravel-api,https://github.com/IslamTaleb11/klinik-laravel-api,main,205d7a570dab5a1bcfb56d3e42de227a656bf275,,MIT,2024-11-29T10:21:59Z,2026-09-08T10:02:21Z,2025-09-29T22:17:37Z,231,False,False,False,Confirmed Laravel Application,True,True,True,True,True,True,True,2025-09-29T22:17:37+00:00,True,True,phpunit.xml,True,True,False,,^8.2,^11.9,False,False,,False,True,Eligible,2026-09-11T14:53:42.749978+00:00,SUCCESS,PHP,26,12,1,26
P3444,laravelio/laravel.io,https://github.com/laravelio/laravel.io,main,24be48939aaf4ab3a3438926ac0c55474bfb9f25,,MIT,2013-09-17T12:57:48Z,2026-09-15T18:40:03Z,2026-09-15T18:39:56Z,30971,False,False,False,Confirmed Laravel Application,True,True,True,True,True,True,True,2026-09-06T12:22:11+00:00,True,True,phpunit.xml,True,True,False,,8.4.*,^11.5,False,False,,False,True,Eligible,2026-09-11T14:53:51.525558+00:00,SUCCESS,PHP,2498,660,12,2498
P3445,pboivin/filament-peek-demo,https://github.com/pboivin/filament-peek-demo,4.x,35d5e72e475f14f9e781563e47e4d5006e96723a,,,2023-05-28T20:01:49Z,2026-06-26T12:32:16Z,2026-03-26T15:28:26Z,8223,False,False,False,Confirmed Laravel Application,True,True,True,True,True,True,True,2026-03-26T15:28:26+00:00,True,True,phpunit.xml,True,True,True,"test: ['@php artisan config:clear --ansi', '@php artisan test']",^8.3,^13.0,False,False,,False,True,Eligible,2026-09-11T14:53:56.011383+00:00,SUCCESS,PHP,27,4,0,27
P3459,KriawqZero/SISCO-IFMS,https://github.com/KriawqZero/SISCO-IFMS,main,c971167a16dbb1aad6a47af24719ff468a529f68,,,2024-11-30T01:39:30Z,2026-08-03T06:45:23Z,2026-08-03T06:44:29Z,100066,False,False,False,Confirmed Laravel Application,True,True,True,True,True,True,True,2026-08-03T06:44:29+00:00,True,True,phpunit.xml,True,True,False,,^8.2,^11.31,False,False,,False,True,Eligible,2026-09-11T14:54:03.390144+00:00,SUCCESS,PHP,2,0,0,2
P3470,buger/homelearnai,https://github.com/buger/homelearnai,main,ac9bab2ab213c79fe9bb4ca7b9c419fd4b8f8eaf,,NOASSERTION,2025-09-13T16:57:54Z,2026-08-26T07:30:49Z,2025-10-02T07:08:58Z,10776,False,False,False,Confirmed Laravel Application,True,True,True,True,True,True,True,2025-10-02T07:08:58+00:00,True,True,phpunit.xml,True,True,True,"test: ['@putenv APP_ENV=testing', '@putenv DB_DATABASE=learning_app_test', '@php artisan config:clear --ansi', './scripts/safe-test.sh'] | test:ci: ['@putenv APP_ENV=testing', '@putenv DB_DATABASE=learning_app_test', '@putenv DB_CONNECTION=pgsql', '@putenv DB_HOST=localhost', '@putenv DB_PORT=5432', '@putenv DB_USERNAME=laravel', '@putenv DB_PASSWORD=12345', '@putenv CACHE_STORE=array', '@putenv SESSION_DRIVER=array', '@php artisan config:clear --ansi', '@php artisan test --no-coverage'] | test:safe: ['./scripts/safe-test.sh']",^8.2,^12.0,False,False,,False,True,Eligible,2026-09-11T14:54:11.957554+00:00,SUCCESS,PHP,25,11,0,25
P3475,mubbi/laravel-blog-api,https://github.com/mubbi/laravel-blog-api,main,17a787bc68bf63c5883f0a855657aa9ac71ee5cd,,MIT,2025-07-04T10:59:36Z,2026-01-20T08:44:55Z,2026-01-20T08:45:08Z,2467,False,False,False,Confirmed Laravel Application,True,True,True,True,True,True,True,2026-01-20T08:45:08+00:00,True,True,phpunit.xml,True,True,True,"test: ['@php artisan config:clear --ansi', '@php artisan test']",^8.4,^12.44.0,False,False,,False,True,Eligible,2026-09-11T14:54:20.362100+00:00,SUCCESS,PHP,9,2,0,9
P3476,spatie/dashboard.spatie.be,https://github.com/spatie/dashboard.spatie.be,main,e5b6581e232bd39e9bde7ebc05486d34936619f4,,MIT,2016-05-06T20:42:17Z,2026-09-01T14:17:19Z,2026-08-13T09:06:35Z,9283,False,False,False,Confirmed Laravel Application,True,True,True,True,True,True,True,2026-08-13T09:06:35+00:00,True,True,phpunit.xml,True,True,False,,^8.3,^12.0,False,False,,False,True,Eligible,2026-09-11T14:54:25.894034+00:00,SUCCESS,PHP,1956,412,0,1956
P3480,dajocordo/ueesfix,https://github.com/dajocordo/ueesfix,main,5d2c68540b4db860ab3af83095ad4e79e95ce31e,,,2021-05-29T16:23:45Z,2026-06-15T21:59:47Z,2026-06-15T21:59:43Z,786,False,False,False,Confirmed Laravel Application,True,True,True,True,True,True,True,2026-06-15T21:59:43+00:00,True,True,phpunit.xml,True,True,False,,^8.0.2,^9.19,False,False,,False,True,Eligible,2026-09-11T14:54:29.440148+00:00,SUCCESS,PHP,2,0,0,2
P3483,mikaeljorhult/hydrofon,https://github.com/mikaeljorhult/hydrofon,main,208164ba48dfbef8f392a0d9160af2fe11dce405,,MIT,2017-12-21T21:15:35Z,2026-08-20T20:59:03Z,2026-06-30T14:23:13Z,7631,False,False,False,Confirmed Laravel Application,True,True,True,True,True,True,True,2026-06-30T14:23:13+00:00,True,True,phpunit.xml,True,True,False,,^8.2,^11.0,False,False,,False,True,Eligible,2026-09-11T14:54:33.486453+00:00,SUCCESS,PHP,29,12,3,29
P3488,AlpetGexha/Laravel-Asset-Management,https://github.com/AlpetGexha/Laravel-Asset-Management,master,5ebfc2b55254d97eeb8cca8a62109b0637d20009,,MIT,2023-06-21T15:05:08Z,2026-06-23T22:10:35Z,2025-03-01T19:26:39Z,1015,False,False,False,Confirmed Laravel Application,True,True,True,True,True,True,True,2025-03-01T19:26:39+00:00,True,True,phpunit.xml,True,True,False,,^8.1,^10.10,False,False,,False,True,Eligible,2026-09-11T14:54:37.406714+00:00,SUCCESS,PHP,40,17,3,40
P3490,BaseMax/FirstLaravelAPI,https://github.com/BaseMax/FirstLaravelAPI,main,13cb2b0cf0720114577ddc1839b931306156a084,,,2021-04-06T21:32:41Z,2026-07-21T18:47:38Z,2026-08-04T17:07:29Z,9842,False,False,False,Confirmed Laravel Application,True,True,True,True,True,True,True,2026-08-04T17:07:29+00:00,True,True,phpunit.xml,True,True,False,,^7.3|^8.0,^8.12,False,False,,False,True,Eligible,2026-09-11T14:54:40.677795+00:00,SUCCESS,PHP,12,5,1,12
P3491,RyderAsKing/ServerManager,https://github.com/RyderAsKing/ServerManager,main,a3180a49434abda944e039927a25e20dbfffafd2,,,2021-08-21T10:55:48Z,2026-09-06T07:58:30Z,2026-07-19T07:17:06Z,6244,False,False,False,Confirmed Laravel Application,True,True,True,True,True,True,True,2026-07-19T07:17:06+00:00,True,True,phpunit.xml,True,True,False,,^8.3,^13.0,False,False,,False,True,Eligible,2026-09-11T14:54:44.994469+00:00,SUCCESS,PHP,9,0,1,9
P3498,ObedNyakundi/kasongomustgo,https://github.com/ObedNyakundi/kasongomustgo,main,cff5c348db4f1bdcb4d01c99ae85d28ef3fa5ed6,,,2025-01-17T11:10:39Z,2026-06-05T20:28:50Z,2025-02-21T08:40:00Z,9768,False,False,False,Confirmed Laravel Application,True,True,True,True,True,True,True,2025-02-21T08:40:00+00:00,True,True,phpunit.xml,True,True,False,,^8.2,^11.31,False,False,,False,True,Eligible,2026-09-11T14:54:52.729363+00:00,SUCCESS,PHP,2,1,1,2
P3513,amuadib/saku,https://github.com/amuadib/saku,main,619d89d87d1f4a915629610690318db9a32d3566,,MIT,2024-06-08T13:25:26Z,2026-08-22T13:55:40Z,2026-08-22T13:55:15Z,4318,False,False,False,Confirmed Laravel Application,True,True,True,True,True,True,True,2026-08-22T13:55:15+00:00,True,True,phpunit.xml,True,False,False,,^8.2,^11.9,False,False,,False,True,Eligible,2026-09-11T14:55:03.106629+00:00,SUCCESS,PHP,8,10,0,8
P3533,jrmajor/arbor,https://github.com/jrmajor/arbor,develop,889b7f574c84bd1baa2797e1e3b8ebed294a503d,,,2019-07-25T19:39:40Z,2026-09-06T19:35:05Z,2026-09-06T19:35:01Z,6061,False,False,False,Confirmed Laravel Application,True,True,True,True,True,True,True,2026-09-06T19:35:01+00:00,True,True,phpunit.xml,True,True,True,test: @php artisan test --parallel,~8.4.0,^12.56,False,False,,False,True,Eligible,2026-09-11T14:55:15.292944+00:00,SUCCESS,PHP,2,1,3,2
P3541,andyjoset/laravel-nuxt,https://github.com/andyjoset/laravel-nuxt,master,c0a59ec0a761c0feb2eb7c38f20ad24ffc8635ed,,,2022-03-18T05:39:26Z,2026-04-25T03:12:10Z,2026-04-25T03:12:06Z,2740,False,False,False,Confirmed Laravel Application,True,True,True,True,True,True,True,2026-04-25T03:12:06+00:00,True,True,phpunit.xml,True,True,True,"test: ['@php artisan config:clear --ansi', '@php artisan test']",^8.2,^13.0,False,False,,False,True,Eligible,2026-09-11T14:55:23.716835+00:00,SUCCESS,PHP,13,0,0,13
P3544,ijklim/docker-laravel,https://github.com/ijklim/docker-laravel,master,80ae82ababdff68c3cde035894bf071d9133edac,,,2021-01-30T19:00:26Z,2025-11-24T21:36:00Z,2025-11-19T22:36:03Z,218,False,False,False,Confirmed Laravel Application,True,True,True,True,True,True,True,2025-11-19T22:36:03+00:00,True,True,phpunit.xml,True,False,False,,^8.3,^12.0,False,False,,False,True,Eligible,2026-09-11T14:55:26.780487+00:00,SUCCESS,PHP,2,1,0,2
P3545,ammannbe/RecipeManager,https://github.com/ammannbe/RecipeManager,main,0f9898f6cada85e0fa9f3e756e29937dd97381a1,,,2019-06-16T20:05:36Z,2026-09-15T18:57:31Z,2026-09-15T18:57:27Z,12308,False,False,False,Confirmed Laravel Application,True,True,True,True,True,True,True,2026-08-25T18:48:58+00:00,True,True,phpunit.xml,True,True,True,"test: ['@php artisan config:clear --ansi @no_additional_args', '@php artisan test']",^8.3,^13.8,False,False,,False,True,Eligible,2026-09-11T14:55:31.001078+00:00,SUCCESS,PHP,38,14,0,38
P3567,heyderekj/revisemy,https://github.com/heyderekj/revisemy,main,cb5b7f4f33100e94d124aff389436d78ab5f9294,,NOASSERTION,2026-07-10T20:37:57Z,2026-07-31T15:12:19Z,2026-07-31T15:09:21Z,5151,False,False,False,Confirmed Laravel Application,True,True,True,True,True,True,True,2026-07-31T15:09:21+00:00,True,True,phpunit.xml,True,True,True,"test: ['@php artisan config:clear --ansi @no_additional_args', '@php artisan test']",^8.4,^13.8,False,False,,False,True,Eligible,2026-09-11T14:55:43.141157+00:00,SUCCESS,PHP,2,0,0,2
P3578,saidurbhuiyan/shova,https://github.com/saidurbhuiyan/shova,main,a8e5a8f76753d8c47f2335f054c33cbcea428c34,,,2024-04-17T17:53:19Z,2026-03-09T01:01:45Z,2026-03-09T01:01:50Z,6928,False,False,False,Confirmed Laravel Application,True,True,True,True,True,True,True,2026-03-09T01:01:50+00:00,True,True,phpunit.xml,True,True,False,,^8.2,^11.0,False,False,,False,True,Eligible,2026-09-11T14:55:54.265259+00:00,SUCCESS,PHP,6,0,0,6
P3590,zeative/pinbuku,https://github.com/zeative/pinbuku,main,a0d2db826d255dff738ecbc2ce69e8f3bb635ec2,,,2024-12-15T18:00:42Z,2026-07-22T11:48:23Z,2026-05-07T23:29:07Z,1009,False,False,False,Confirmed Laravel Application,True,True,True,True,True,True,True,2026-05-07T23:29:07+00:00,True,True,phpunit.xml,True,True,False,,^8.1,^10.10,False,False,,False,True,Eligible,2026-09-11T14:55:58.367315+00:00,SUCCESS,PHP,5,0,6,5
P3615,surazdott/sidetheme-laravel,https://github.com/surazdott/sidetheme-laravel,master,38d583fcdccd7020a803d46d50e03adc3c8e4713,,,2020-05-02T15:05:17Z,2024-04-23T21:58:04Z,2026-06-22T19:24:11Z,13382,False,False,False,Confirmed Laravel Application,True,True,True,True,True,True,True,2026-06-22T19:24:11+00:00,True,True,phpunit.xml,True,True,False,,^7.2.5,^7.0,False,False,,False,True,Eligible,2026-09-11T14:56:10.997814+00:00,SUCCESS,PHP,6,2,7,6
P3620,Blair2004/NexoPOS,https://github.com/Blair2004/NexoPOS,master,6061a93cf2d3fa0e0fb2896873315485fccc4ba1,,GPL-3.0,2020-06-25T14:40:59Z,2026-09-15T16:57:38Z,2026-09-10T08:46:14Z,214719,False,False,False,Confirmed Laravel Application,True,True,True,True,True,True,True,2026-09-10T08:46:14+00:00,True,True,phpunit.xml,True,True,False,,^8.2.0,^12.0,False,False,,False,True,Eligible,2026-09-11T14:56:14.177127+00:00,SUCCESS,PHP,1259,558,60,1259
P3621,DevrajJaiswal/laravel-crm,https://github.com/DevrajJaiswal/laravel-crm,master,573f455ef20572c61740b8afbd502192b1e8282d,,MIT,2026-06-14T14:39:51Z,2026-09-12T09:35:31Z,2026-08-15T13:09:19Z,291,False,False,False,Confirmed Laravel Application,True,True,True,True,True,True,True,2026-08-15T13:09:19+00:00,True,True,phpunit.xml,True,True,True,"test: ['@php artisan config:clear --ansi @no_additional_args', '@php artisan test']",^8.3,^13.8,False,False,,False,True,Eligible,2026-09-11T14:56:18.300594+00:00,SUCCESS,PHP,2,0,0,2
P3644,dawidolko/RentalVOD-Project-Laravel,https://github.com/dawidolko/RentalVOD-Project-Laravel,main,649849e301ffbd0df18a660443d0896e89eb890d,,MIT,2024-03-21T20:31:06Z,2026-09-12T10:45:10Z,2026-09-12T10:45:06Z,119146,False,False,False,Confirmed Laravel Application,True,True,True,True,True,True,True,2026-09-02T09:36:40+00:00,True,True,phpunit.xml,True,True,False,,^8.2,^11.31,False,False,,False,True,Eligible,2026-09-11T14:56:30.672044+00:00,SUCCESS,PHP,4,0,0,4
P3647,MelonSmasher/Chocolatier,https://github.com/MelonSmasher/Chocolatier,master,61c71f1fa2c98397cbe897637d48562175406cd7,,MIT,2017-07-21T21:32:55Z,2025-07-18T15:50:07Z,2025-07-18T15:50:04Z,4255,False,False,False,Confirmed Laravel Application,True,True,True,True,True,True,True,2025-07-18T15:50:04+00:00,True,True,phpunit.xml,True,True,False,,^7.1.3,5.8.*,False,False,,False,True,Eligible,2026-09-11T14:56:34.417277+00:00,SUCCESS,PHP,5,2,22,5
P3651,achyutkneupane/flirt-kit,https://github.com/achyutkneupane/flirt-kit,master,d86a94b354e6250e49255d208f3130e30a3993f5,,MIT,2025-08-02T18:59:44Z,2026-08-13T05:49:20Z,2025-09-30T15:34:16Z,2394,False,False,False,Confirmed Laravel Application,True,True,True,True,True,True,True,2025-09-30T15:34:16+00:00,True,True,phpunit.xml,True,True,True,"test: ['@php artisan config:clear --ansi', '@php artisan test']",^8.3,^12.22,False,False,,False,True,Eligible,2026-09-11T14:56:38.874899+00:00,SUCCESS,PHP,13,1,0,13
P3664,efzyx/AHPFuzzy,https://github.com/efzyx/AHPFuzzy,master,3e9ef11dc3dd30baaff3bd336a6b341e6cf33dec,,,2018-10-03T21:08:54Z,2025-11-28T00:11:45Z,2025-12-08T07:09:54Z,448,False,False,False,Confirmed Laravel Application,True,True,True,True,True,True,True,2025-12-08T07:09:54+00:00,True,True,phpunit.xml,True,True,False,,^8.1,^10.10,False,False,,False,True,Eligible,2026-09-11T14:56:46.332335+00:00,SUCCESS,PHP,14,3,6,14
P3676,nikunjkothiya/temp-email-service,https://github.com/nikunjkothiya/temp-email-service,main,c628df3540ba112b5e92616ad0fa8e8859f2c3b5,,,2025-12-21T17:51:34Z,2026-01-20T08:44:01Z,2025-12-26T19:16:00Z,488,False,False,False,Confirmed Laravel Application,True,True,True,True,True,True,True,2025-12-26T19:16:00+00:00,True,True,phpunit.xml,True,False,True,"test: ['@php artisan config:clear --ansi', '@php artisan test']",^8.2,^12.0,False,False,,False,True,Eligible,2026-09-11T14:56:52.960907+00:00,SUCCESS,PHP,10,0,0,10
P3677,rifqi011/event-management,https://github.com/rifqi011/event-management,main,37f74554d302e6efbe934d017cda6b810a8e524e,,,2025-04-20T03:51:43Z,2026-01-06T13:58:18Z,2025-04-20T03:51:48Z,209,False,False,False,Confirmed Laravel Application,True,True,True,True,True,True,True,2025-04-20T03:51:48+00:00,True,True,phpunit.xml,True,True,False,,^8.1,^10.10,False,False,,False,True,Eligible,2026-09-11T14:56:56.555043+00:00,SUCCESS,PHP,2,0,0,2
P3689,Danielopes7/Cartola,https://github.com/Danielopes7/Cartola,master,6d94c940d9f8f80699cbb29bf98b097f6411f043,,,2022-05-19T14:26:05Z,2026-05-01T19:50:39Z,2025-02-26T20:34:31Z,3754,False,False,False,Confirmed Laravel Application,True,True,True,True,True,True,True,2025-02-26T20:34:31+00:00,True,True,phpunit.xml,True,True,False,,^7.3|^8.0,^8.12,False,False,,False,True,Eligible,2026-09-11T14:57:04.340812+00:00,SUCCESS,PHP,2,0,0,2
P3695,ashraf-kabir/task-manager-app,https://github.com/ashraf-kabir/task-manager-app,master,0b15425bd1f6491669c4770cce76b1721aa6e9a4,,MIT,2020-03-19T18:36:33Z,2026-03-03T09:06:25Z,2026-03-03T09:07:54Z,541,False,False,False,Confirmed Laravel Application,True,True,True,True,True,True,True,2026-03-03T09:07:54+00:00,True,True,phpunit.xml,True,False,False,,^8.1,^10.0,False,False,,False,True,Eligible,2026-09-11T14:57:15.626420+00:00,SUCCESS,PHP,4,1,0,4
P3701,mrepol742/laravel-react-ts-template,https://github.com/mrepol742/laravel-react-ts-template,master,8a5df3f6f1986ae2f48ca7a596ec6c32bf0ae906,,,2026-04-02T00:34:25Z,2026-07-21T00:38:00Z,2026-07-21T00:37:56Z,351,False,False,False,Confirmed Laravel Application,True,True,True,True,True,True,True,2026-07-21T00:37:56+00:00,True,True,phpunit.xml,True,True,False,,^8.2,^12.0,False,False,,False,True,Eligible,2026-09-11T14:57:23.564399+00:00,SUCCESS,PHP,2,0,0,2
P3707,sarfarazstark/chatbot,https://github.com/sarfarazstark/chatbot,main,29161a7d3483d11408e3153d9b8623a434fcf32e,,,2024-12-31T12:59:33Z,2025-01-12T14:45:49Z,2025-07-22T13:07:32Z,403,False,False,False,Confirmed Laravel Application,True,True,True,True,True,True,True,2025-07-22T13:07:32+00:00,True,True,phpunit.xml,True,True,False,,^8.2,^11.31,False,False,,False,True,Eligible,2026-09-11T14:57:27.181911+00:00,SUCCESS,PHP,5,0,0,5
P3710,r6mez/Flash-Sale-API,https://github.com/r6mez/Flash-Sale-API,main,3fd73525874f717b895073abbcb45bb7d7d217d1,,,2025-11-29T13:46:48Z,2026-07-22T17:20:13Z,2026-01-07T19:22:40Z,2169,False,False,False,Confirmed Laravel Application,True,True,True,True,True,True,True,2026-01-07T19:22:40+00:00,True,True,phpunit.xml,True,True,True,"test: ['@php artisan config:clear --ansi', '@php artisan test']",^8.2,^12.0,False,False,,False,True,Eligible,2026-09-11T14:57:31.137972+00:00,SUCCESS,PHP,4,0,0,4
P3719,boruiwang-ll/A-slickdeals-like-forum-site,https://github.com/boruiwang-ll/A-slickdeals-like-forum-site,master,fa4648b731a41a848b2effb74d45e7ffdf0931b4,,MIT,2018-07-09T18:45:15Z,2025-11-16T14:24:47Z,2025-10-18T23:35:52Z,2151,False,False,False,Confirmed Laravel Application,True,True,True,True,True,True,True,2025-10-18T23:35:52+00:00,True,True,phpunit.xml,True,True,False,,^7.1.3,5.6.*,False,False,,False,True,Eligible,2026-09-11T14:57:34.410426+00:00,SUCCESS,PHP,2,1,25,2
P3721,susananzth/CRUD-user-role-permission,https://github.com/susananzth/CRUD-user-role-permission,main,253cdd8778b9a800bf978289490d3be40227c6db,,GPL-3.0,2020-07-07T21:35:56Z,2026-08-14T23:35:28Z,2026-05-05T00:44:48Z,19288,False,False,False,Confirmed Laravel Application,True,True,True,True,True,True,True,2026-05-05T00:44:48+00:00,True,True,phpunit.xml,True,True,False,,^7.3|^8.0,^8.54,False,False,,False,True,Eligible,2026-09-11T14:57:37.878686+00:00,SUCCESS,PHP,6,7,13,6
P3727,manuelcastro95/control_asistencias,https://github.com/manuelcastro95/control_asistencias,main,22169f4305112b370255e34c25ef9feb6a492f5e,,,2023-01-01T00:35:05Z,2026-08-14T22:05:41Z,2025-12-14T00:14:38Z,2778,False,False,False,Confirmed Laravel Application,True,True,True,True,True,True,True,2025-12-14T00:14:38+00:00,True,True,phpunit.xml,True,True,False,,^8.0.2,^9.19,False,False,,False,True,Eligible,2026-09-11T14:57:41.542561+00:00,SUCCESS,PHP,8,2,0,8
P3738,TransitTracker/backend,https://github.com/TransitTracker/backend,main,815ab1551b623547b0528e7aa08dbfc58df2a0a0,,MIT,2019-06-22T23:40:11Z,2026-09-05T17:04:34Z,2026-09-05T17:04:30Z,14482,False,False,False,Confirmed Laravel Application,True,True,True,True,True,True,True,2026-09-05T17:04:30+00:00,True,True,phpunit.xml,True,True,False,,^8.4,^13.25,False,False,,False,True,Eligible,2026-09-11T14:57:46.184083+00:00,SUCCESS,PHP,18,3,3,18
P3746,easyadmin8/EasyAdmin8-Laravel,https://github.com/easyadmin8/EasyAdmin8-Laravel,main,7144c67a596fae1347617ee95b438e00c298d0f3,,MIT,2023-08-06T13:00:55Z,2026-09-09T03:43:30Z,2026-07-21T05:04:03Z,10227,False,False,False,Confirmed Laravel Application,True,True,True,True,True,True,True,2026-07-21T05:04:03+00:00,True,True,phpunit.xml,True,False,False,,^8.3,^13.0,False,False,,False,True,Eligible,2026-09-11T14:57:49.198478+00:00,SUCCESS,PHP,44,11,3,44
P3756,waynestate/base-site,https://github.com/waynestate/base-site,master,310e4914fd9482da00cef40886c4e33ccb75ae54,,MIT,2017-04-26T11:58:59Z,2026-08-10T10:09:21Z,2026-09-15T14:42:32Z,8604,False,False,False,Confirmed Laravel Application,True,True,True,True,True,True,True,2026-09-09T15:24:20+00:00,True,True,phpunit.xml,True,True,False,,^8.4,^13.20,False,False,,False,True,Eligible,2026-09-11T14:57:52.860199+00:00,SUCCESS,PHP,10,6,10,10
P3757,theokafadaris/chatwire,https://github.com/theokafadaris/chatwire,main,f7b2bd526d9600abbb25179eb221f9439d98ba69,,MIT,2023-03-17T22:22:07Z,2026-01-26T20:01:36Z,2025-01-22T10:19:44Z,567,False,False,False,Confirmed Laravel Application,True,True,True,True,True,True,True,2025-01-22T10:19:44+00:00,True,True,phpunit.xml,True,True,False,,^8.2,^11.0,False,False,,False,True,Eligible,2026-09-11T14:57:56.356762+00:00,SUCCESS,PHP,160,47,0,160
P3758,TarekHesham/simple-order-managment-system,https://github.com/TarekHesham/simple-order-managment-system,main,a800379bd994d7c669ed32862c2462fd73ff4b39,,,2025-09-26T10:29:10Z,2025-10-14T20:52:11Z,2025-10-14T20:52:07Z,2999,False,False,False,Confirmed Laravel Application,True,True,True,True,True,True,True,2025-10-14T20:52:07+00:00,True,True,phpunit.xml,True,True,True,"test: ['@php artisan config:clear --ansi', '@php artisan test']",^8.2,^12.0,False,False,,False,True,Eligible,2026-09-11T14:58:00.137795+00:00,SUCCESS,PHP,2,0,0,2
P3766,olssonm/nibe-app,https://github.com/olssonm/nibe-app,main,403867ca51a19ba3a37d9f0d145738bb399f6050,,MIT,2021-03-25T16:20:08Z,2026-01-05T15:29:44Z,2026-01-05T15:29:39Z,841,False,False,False,Confirmed Laravel Application,True,True,True,True,True,True,True,2026-01-05T15:29:39+00:00,True,True,phpunit.xml,True,True,False,,^7.3|^8.0,^8.12,False,False,,False,True,Eligible,2026-09-11T14:58:08.077745+00:00,SUCCESS,PHP,5,0,0,5
P3776,zayennn/crud-laravel-react,https://github.com/zayennn/crud-laravel-react,master,56e4fe590d60ee8cdf3d13be5997c8ce39692b96,,,2025-08-28T17:40:50Z,2026-02-28T16:25:31Z,2025-08-29T11:20:28Z,80,False,False,False,Confirmed Laravel Application,True,True,True,True,True,True,True,2025-08-29T11:20:28+00:00,True,True,phpunit.xml,True,True,False,,^8.2,^11.0,False,False,,False,True,Eligible,2026-09-11T14:58:16.058670+00:00,SUCCESS,PHP,9,0,0,9
P3782,angkosal/laravel-pos,https://github.com/angkosal/laravel-pos,master,9634a10b30fd57e1862da319ef2112eb742829a5,,MIT,2020-04-18T02:57:44Z,2026-09-10T13:18:53Z,2025-11-13T10:01:13Z,5313,False,False,False,Confirmed Laravel Application,True,True,True,True,True,True,True,2025-11-13T10:01:13+00:00,True,True,phpunit.xml,True,True,True,"test: ['@php artisan config:clear --ansi', '@php artisan test']",^8.2,^12.0,False,False,,False,True,Eligible,2026-09-11T14:58:20.082434+00:00,SUCCESS,PHP,506,292,17,506
P3784,AmirPeyravan/auth-system,https://github.com/AmirPeyravan/auth-system,main,e04b06ccf0abeaea5aa7dc5417938d8d55aa4aca,,,2025-07-09T07:19:27Z,2025-12-11T17:01:06Z,2025-07-09T21:31:29Z,100,False,False,False,Confirmed Laravel Application,True,True,True,True,True,True,True,2025-07-09T21:31:29+00:00,True,True,phpunit.xml,True,True,True,"test: ['@php artisan config:clear --ansi', '@php artisan test']",^8.2,^12.0,False,False,,False,True,Eligible,2026-09-11T14:58:23.884499+00:00,SUCCESS,PHP,4,0,0,4
P3785,aboustayyef/InfraRead,https://github.com/aboustayyef/InfraRead,master,d5095e85929b2296cf4aeae4407c93f611dff64f,,,2017-11-25T14:44:12Z,2026-07-04T13:47:05Z,2026-07-04T13:47:01Z,19395,False,False,False,Confirmed Laravel Application,True,True,True,True,True,True,True,2026-07-04T13:47:01+00:00,True,True,phpunit.xml,True,True,False,,^8.2,^12.0,False,False,,False,True,Eligible,2026-09-11T14:58:28.270063+00:00,SUCCESS,PHP,52,6,13,52
P3791,Xavimc04/company-simulator,https://github.com/Xavimc04/company-simulator,main,ee64d681fe7b5703d8bf0216f426afccc7d1bb40,,,2023-10-18T17:18:54Z,2024-05-23T14:43:43Z,2025-02-25T20:10:29Z,4020,False,False,False,Confirmed Laravel Application,True,True,True,True,True,True,True,2025-02-25T20:10:29+00:00,True,True,phpunit.xml,True,True,False,,^8.1,^10.10,False,False,,False,True,Eligible,2026-09-11T14:58:33.439487+00:00,SUCCESS,PHP,2,0,2,2
P3793,emtiazzahid/laravel-quiz-system,https://github.com/emtiazzahid/laravel-quiz-system,main,7ba5ae16674b12e799dcd0c636bef5129aea20c9,,,2021-09-06T11:24:05Z,2026-07-27T16:27:06Z,2026-07-27T16:26:50Z,424,False,False,False,Confirmed Laravel Application,True,True,True,True,True,True,True,2026-07-27T16:26:50+00:00,True,True,phpunit.xml,True,True,True,"test: ['@php artisan config:clear --ansi', '@php artisan test']",^8.2,^12.0,False,False,,False,True,Eligible,2026-09-11T14:58:37.504166+00:00,SUCCESS,PHP,27,12,0,27
P3794,Ctrlpanel-gg/panel,https://github.com/Ctrlpanel-gg/panel,main,b3bd1ed50b9f50b76797d09609980fdb4ae70252,,MPL-2.0,2021-06-05T09:26:12Z,2026-09-14T01:46:32Z,2026-09-10T10:43:19Z,25805,False,False,False,Confirmed Laravel Application,True,True,True,True,True,True,True,2026-09-10T10:43:19+00:00,True,True,phpunit.xml,True,True,False,,^8.2,^11.32,False,False,,False,True,Eligible,2026-09-11T14:58:41.068122+00:00,SUCCESS,PHP,511,175,35,511
P3796,spatie/first-or-create-racing-condition-demo,https://github.com/spatie/first-or-create-racing-condition-demo,master,175a7ebc8e94bdec1d7d924eeedfd6bd0d02748b,,,2018-06-19T21:46:38Z,2026-01-31T10:25:37Z,2026-01-31T10:25:34Z,1558,False,False,False,Confirmed Laravel Application,True,True,True,True,True,True,True,2026-01-31T10:25:34+00:00,True,True,phpunit.xml,True,True,False,,^7.1.3,5.6.*,False,False,,False,True,Eligible,2026-09-11T14:58:45.053134+00:00,SUCCESS,PHP,9,4,0,9
P3807,sokeio/sokeio,https://github.com/sokeio/sokeio,main,3a5da8d14b44e181c64535ce6bf7152d799d000e,,MIT,2021-07-23T19:09:09Z,2026-09-04T23:11:15Z,2025-02-10T17:17:11Z,341,False,False,False,Confirmed Laravel Application,True,True,True,True,True,True,True,2025-02-10T17:17:11+00:00,True,True,phpunit.xml,True,False,False,,^8.2,^11.9,False,False,,False,True,Eligible,2026-09-11T14:58:52.653688+00:00,SUCCESS,PHP,71,42,0,71
P3820,devmount/sales,https://github.com/devmount/sales,main,b887375e77dcfb4c8748d9f7a7ba9b011413a317,,MIT,2023-08-22T15:59:24Z,2026-09-14T01:46:50Z,2026-09-13T20:44:35Z,10009,False,False,False,Confirmed Laravel Application,True,True,True,True,True,True,True,2026-09-07T21:44:36+00:00,True,True,phpunit.xml,True,True,False,,^8.5,^13,False,False,,False,True,Eligible,2026-09-11T14:59:01.675147+00:00,SUCCESS,PHP,39,5,1,39
P3835,tastyigniter/TastyIgniter,https://github.com/tastyigniter/TastyIgniter,4.x,035028bc43debb9da08a29e2c8030ec70a92126a,,MIT,2014-02-02T14:14:26Z,2026-09-15T17:45:05Z,2026-09-14T16:27:28Z,56723,False,False,False,Confirmed Laravel Application,True,True,True,True,True,True,True,2026-08-22T11:28:11+00:00,True,True,phpunit.xml,True,False,True,"test: ['@php artisan config:clear --ansi', '@php artisan test']",^8.3,^12.0,False,False,,False,True,Eligible,2026-09-11T14:59:13.157853+00:00,SUCCESS,PHP,3758,1173,2,3758
P3843,laravel/sail-server,https://github.com/laravel/sail-server,master,b6f7cc3793cfe9beaee01481da64a026d771fe94,,,2020-10-29T21:03:06Z,2026-08-27T10:30:39Z,2026-09-01T23:27:19Z,364,False,False,False,Confirmed Laravel Application,True,True,True,True,True,True,True,2026-09-01T23:27:19+00:00,True,True,phpunit.xml,True,True,False,,^7.4|^8.0,^8.12,False,False,,False,True,Eligible,2026-09-11T14:59:18.084427+00:00,SUCCESS,PHP,30,25,0,30
P3846,Thavarshan/wisp,https://github.com/Thavarshan/wisp,main,8cf9e4c98bac2516ffcc6bf4160ddf501cf23a9d,,MIT,2025-03-08T14:24:19Z,2026-08-30T16:35:52Z,2026-08-30T16:33:53Z,7614,False,False,False,Confirmed Laravel Application,True,True,True,True,True,True,True,2026-08-30T16:33:53+00:00,True,True,phpunit.xml,True,True,False,,^8.3,^13.17,False,False,,False,True,Eligible,2026-09-11T14:59:26.508287+00:00,SUCCESS,PHP,11,1,0,11
P3847,nsmle/igramavel,https://github.com/nsmle/igramavel,main,6915bdcd4ada411fc631d2d0cf39c950b30f3780,,MIT,2022-07-21T11:36:58Z,2026-08-22T14:39:15Z,2025-01-16T05:47:13Z,1405,False,False,False,Confirmed Laravel Application,True,True,True,True,True,True,True,2025-01-16T05:47:13+00:00,True,True,phpunit.xml,True,True,False,,^8.0.2,^9.19,False,False,,False,True,Eligible,2026-09-11T14:59:31.235574+00:00,SUCCESS,PHP,36,7,0,36
P3870,AKAME007/dashboard,https://github.com/AKAME007/dashboard,main,4752d9c57818e96bc75b83ca3b8cd90b2701f388,,,2025-06-05T00:39:35Z,2025-09-29T15:20:23Z,2025-06-05T00:45:09Z,10271,False,False,False,Confirmed Laravel Application,True,True,True,True,True,True,True,2025-06-05T00:45:09+00:00,True,True,phpunit.xml,True,True,False,,^7.3|^8.0,^8.40,False,False,,False,True,Eligible,2026-09-11T14:59:49.158168+00:00,SUCCESS,PHP,8,0,0,8
P3884,leo54200/AI-Powered-Study-Group-Website,https://github.com/leo54200/AI-Powered-Study-Group-Website,main,d641059f2b805af796e585d7b2ce9a4da49c7a5d,,,2025-03-19T20:42:01Z,2026-07-01T12:33:51Z,2025-11-17T14:45:09Z,11464,False,False,False,Confirmed Laravel Application,True,True,True,True,True,True,True,2025-11-17T14:45:09+00:00,True,True,phpunit.xml,True,True,False,,^8.2,^11.9,False,False,,False,True,Eligible,2026-09-11T14:59:52.977819+00:00,SUCCESS,PHP,2,0,0,2
P3904,ans-group/fnm-webui,https://github.com/ans-group/fnm-webui,master,6ec50258ef8986031df11971ed7a077b0fc0d1b2,,GPL-3.0,2019-03-06T16:22:15Z,2026-09-07T09:50:27Z,2026-09-07T09:51:43Z,234,False,False,False,Confirmed Laravel Application,True,True,True,True,True,True,True,2026-09-07T09:51:43+00:00,True,True,phpunit.xml,True,True,False,,^8.0,^8.0,False,False,,False,True,Eligible,2026-09-11T15:00:09.989353+00:00,SUCCESS,PHP,44,18,10,44
P3907,WaiHtikeLin/laravel-social-network,https://github.com/WaiHtikeLin/laravel-social-network,master,9a7ebb272f33ade2a2fffb2f3110089e7d7a6ec5,,MIT,2020-08-01T04:11:13Z,2025-04-30T04:21:09Z,2026-05-29T08:28:44Z,55933,False,False,False,Confirmed Laravel Application,True,True,True,True,True,True,True,2026-05-29T08:28:44+00:00,True,True,phpunit.xml,True,True,True,"test: ['@php artisan config:clear --ansi', '@php artisan test']",^8.2,^12.0,False,False,,False,True,Eligible,2026-09-11T15:00:13.259295+00:00,SUCCESS,PHP,9,1,27,9
P3914,eclectic-bytech/webcourses-ngx-v4,https://github.com/eclectic-bytech/webcourses-ngx-v4,master,5f62fb73f369b5bbcd12d12c8e08884c477dfca0,,GPL-3.0,2021-04-03T08:08:11Z,2024-04-24T01:33:39Z,2025-11-20T13:47:44Z,22371,False,False,False,Confirmed Laravel Application,True,True,True,True,True,True,True,2025-11-20T13:47:44+00:00,True,True,phpunit.xml,True,True,False,,^7.3|^8.0|^8.1,^10.0,False,False,,False,True,Eligible,2026-09-11T15:00:16.595094+00:00,SUCCESS,PHP,6,1,13,6
P3938,NoelDeMartin/noeldemartin.com,https://github.com/NoelDeMartin/noeldemartin.com,main,40c3e9e5c3423d022fe1690aec085c781d063cdb,,,2020-09-11T14:57:59Z,2026-09-13T07:46:22Z,2026-09-13T07:46:19Z,141735,False,False,False,Confirmed Laravel Application,True,True,True,True,True,True,True,2026-09-10T17:59:58+00:00,True,True,phpunit.xml,True,True,True,"test: ['@php artisan config:clear --ansi', '@lint:check', '@rector:check', '@types:check', '@php artisan test']",^8.5,^13.0,False,False,,False,True,Eligible,2026-09-11T15:00:29.098816+00:00,SUCCESS,PHP,2,0,0,2
P3944,AhmadSubadri/laravel-codegen,https://github.com/AhmadSubadri/laravel-codegen,dev,cad71cc5d190e87f4f4de662e9db502436471685,,,2025-03-28T13:32:02Z,2026-04-13T10:45:30Z,2026-04-13T10:45:22Z,836,False,False,False,Confirmed Laravel Application,True,True,True,True,True,True,True,2026-04-13T10:45:22+00:00,True,True,phpunit.xml,True,True,False,,^8.2,^12.0,False,False,,False,True,Eligible,2026-09-11T15:00:33.087097+00:00,SUCCESS,PHP,3,1,0,3
P3945,delafjr/suara-qita,https://github.com/delafjr/suara-qita,main,3409c83e07797375f36223d3e4b29b8a3e56b1de,,,2024-10-01T07:58:05Z,2025-11-25T15:12:41Z,2025-03-16T10:39:09Z,6692,False,False,False,Confirmed Laravel Application,True,True,True,True,True,True,True,2025-03-16T10:39:09+00:00,True,True,phpunit.xml,True,True,False,,^8.2,^11.9,False,False,,False,True,Eligible,2026-09-11T15:00:37.171165+00:00,SUCCESS,PHP,2,0,0,2
P3953,vickypandey14/E-commerce-using-Laravel-11-Livewire-3-Filament-3-and-Tailwind-CSS,https://github.com/vickypandey14/E-commerce-using-Laravel-11-Livewire-3-Filament-3-and-Tailwind-CSS,main,56f6825aa4f8d1ffe2ae71e105a8f92fc17e92db,,MIT,2024-06-09T08:45:29Z,2026-08-04T01:21:46Z,2026-05-31T12:08:02Z,13136,False,False,False,Confirmed Laravel Application,True,True,True,True,True,True,True,2026-05-31T12:08:02+00:00,True,True,phpunit.xml,True,True,False,,^8.2,^11.9,False,False,,False,True,Eligible,2026-09-11T15:00:49.046551+00:00,SUCCESS,PHP,38,16,0,38
P3958,lightszentip/laravel-starter-base-app,https://github.com/lightszentip/laravel-starter-base-app,main,6227a107dbc395c14854018197c28335a2169b82,,MIT,2024-09-02T15:57:07Z,2026-04-23T16:31:45Z,2026-09-09T22:08:49Z,2214,False,False,False,Confirmed Laravel Application,True,True,True,True,True,True,True,2026-09-09T22:08:49+00:00,True,True,phpunit.xml,True,True,True,"test:pest: vendor/bin/pest --parallel | test:phpstan: vendor/bin/phpstan analyse | test: ['@test:pest', '@test:phpstan']",^8.2||^8.3,^v12.19,False,False,,False,True,Eligible,2026-09-11T15:00:57.704513+00:00,SUCCESS,PHP,10,1,24,10
P3959,rachmatsumo/hris-attendance,https://github.com/rachmatsumo/hris-attendance,main,dffcff735a0441a807ee3bdb70556b107b4ddc69,,,2025-08-21T06:14:25Z,2026-08-31T07:03:33Z,2025-12-02T01:33:02Z,24855,False,False,False,Confirmed Laravel Application,True,True,True,True,True,True,True,2025-12-02T01:33:02+00:00,True,True,phpunit.xml,True,True,True,"test: ['@php artisan config:clear --ansi', '@php artisan test']",^8.2,^12.0,False,False,,False,True,Eligible,2026-09-11T15:01:02.739064+00:00,SUCCESS,PHP,24,13,0,24
P3963,flexstoreapp/flexstore,https://github.com/flexstoreapp/flexstore,main,74ff5f036f8ccd2337347671a0c8dad4c54d42fc,,NOASSERTION,2026-08-19T21:54:32Z,2026-09-07T19:33:07Z,2026-09-08T18:49:07Z,22424,False,False,False,Confirmed Laravel Application,True,True,True,True,True,True,True,2026-09-08T18:49:07+00:00,True,True,phpunit.xml,True,True,True,"test: ['@php artisan config:clear --ansi', '@lint:check', '@php artisan test --parallel']",^8.4.1,^13.0,False,False,,False,True,Eligible,2026-09-11T15:01:07.165814+00:00,SUCCESS,PHP,6,4,1,6
P3968,webceyhan/fixflow-app,https://github.com/webceyhan/fixflow-app,main,65dfb2d4f3ee3c41713b8b82739b765975fc51ea,,,2025-06-29T19:44:46Z,2026-06-30T16:45:21Z,2025-08-03T10:50:45Z,352,False,False,False,Confirmed Laravel Application,True,True,True,True,True,True,True,2025-08-03T10:50:45+00:00,True,True,phpunit.xml,True,True,True,"test: ['@php artisan config:clear --ansi', '@php artisan test']",^8.2,^12.0,False,False,,False,True,Eligible,2026-09-11T15:01:15.561185+00:00,SUCCESS,PHP,4,1,20,4
P3971,albertoarena/filament-event-sourcing-demo,https://github.com/albertoarena/filament-event-sourcing-demo,main,423fd0595dfe3c53ffa7b36ca0304f81555d6bcc,,,2026-06-17T15:44:17Z,2026-08-15T21:07:04Z,2026-09-15T08:24:32Z,2194,False,False,False,Confirmed Laravel Application,True,True,True,True,True,True,True,2026-09-10T07:53:54+00:00,True,True,phpunit.xml,True,True,True,"test: ['@php artisan config:clear --ansi', '@php artisan test']",^8.3,^13.0,False,False,,False,True,Eligible,2026-09-11T15:01:24.296227+00:00,SUCCESS,PHP,2,0,0,2
P3995,ObedNyakundi/schoolfeesmodule,https://github.com/ObedNyakundi/schoolfeesmodule,main,edf3c306768822cdba5e368558d27918b7001016,,,2024-08-08T15:21:32Z,2026-08-02T11:56:49Z,2025-02-01T19:14:53Z,1779,False,False,False,Confirmed Laravel Application,True,True,True,True,True,True,True,2025-02-01T19:14:53+00:00,True,True,phpunit.xml,True,True,False,,^8.2,^11.9,False,False,,False,True,Eligible,2026-09-11T15:01:44.908105+00:00,SUCCESS,PHP,3,5,0,3
P4032,MrGri00/supermarket-app,https://github.com/MrGri00/supermarket-app,main,3268de3e2d1e231c311a1c39db4a50823b48e2be,,MIT,2025-05-19T14:02:23Z,2026-04-17T20:24:13Z,2025-05-25T11:06:20Z,376,False,False,False,Confirmed Laravel Application,True,True,True,True,True,True,True,2025-05-25T11:06:20+00:00,True,True,phpunit.xml,True,True,True,"test: ['@php artisan config:clear --ansi', '@php artisan test']",^8.2,^12.0,False,False,,False,True,Eligible,2026-09-11T15:02:07.796149+00:00,SUCCESS,PHP,2,0,0,2
P4033,yajra/yajrabox.com,https://github.com/yajra/yajrabox.com,main,00237fead541d4558ffc5aae95ddc581fa294f0c,,MIT,2019-01-08T06:16:32Z,2026-09-14T10:15:44Z,2026-09-14T10:15:42Z,71118,False,False,False,Confirmed Laravel Application,True,True,True,True,True,True,True,2026-09-07T10:14:00+00:00,True,True,phpunit.xml,True,True,False,,^8.3,^13.1.1,False,False,,False,True,Eligible,2026-09-11T15:02:12.038360+00:00,SUCCESS,PHP,12,16,3,12
P4036,tobischulz/vue-laravel-spa,https://github.com/tobischulz/vue-laravel-spa,master,a9dbc0fd42eb9a850680ba8c6e1e6f738954bcac,,,2022-03-02T11:10:47Z,2026-08-27T14:58:19Z,2025-12-02T14:39:36Z,2291,False,False,False,Confirmed Laravel Application,True,True,True,True,True,True,True,2025-12-02T14:39:36+00:00,True,True,phpunit.xml,True,True,False,,^8.2,^12.0,False,False,,False,True,Eligible,2026-09-11T15:02:16.422302+00:00,SUCCESS,PHP,62,13,0,62
P4047,XRPLWin/XWA,https://github.com/XRPLWin/XWA,main,e267adc3867ca1d5b2a93c2177e2ee78855834aa,,MIT,2022-07-09T12:55:02Z,2026-08-29T10:25:21Z,2026-08-29T10:25:14Z,3846,False,False,False,Confirmed Laravel Application,True,True,True,True,True,True,True,2026-08-29T10:25:14+00:00,True,True,phpunit.xml,True,False,True,test: ./vendor/bin/phpunit --testdox,^8.2.4,^10.0,False,False,,False,True,Eligible,2026-09-11T15:02:31.800164+00:00,SUCCESS,PHP,8,6,17,8
P4051,ilramdhan/aplikasi-peminjaman-buku-laravel,https://github.com/ilramdhan/aplikasi-peminjaman-buku-laravel,master,5f685d373416775d079eb97504800667c90544a9,,MIT,2026-04-26T16:00:40Z,2026-09-04T08:36:03Z,2026-04-26T16:11:57Z,145,False,False,False,Confirmed Laravel Application,True,True,True,True,True,True,True,2026-04-26T16:11:57+00:00,True,True,phpunit.xml,True,True,True,"test: ['@php artisan config:clear --ansi', '@php artisan test']",^8.3,^13.0,False,False,,False,True,Eligible,2026-09-11T15:02:34.991179+00:00,SUCCESS,PHP,5,1,0,5
P4072,ildrm/laravel-crm,https://github.com/ildrm/laravel-crm,main,911b6add8531774ffb94e7411c39d0f4b7ece5b7,,MIT,2025-03-02T08:07:44Z,2026-08-17T08:53:08Z,2026-08-11T12:53:08Z,2810,False,False,False,Confirmed Laravel Application,True,True,True,True,True,True,True,2026-08-11T12:53:08+00:00,True,True,phpunit.xml,True,True,False,,^8.3,^13.0,False,False,,False,True,Eligible,2026-09-11T15:02:38.922187+00:00,SUCCESS,PHP,2,0,0,2
P4083,mandrasch/ddev-laravel-vite,https://github.com/mandrasch/ddev-laravel-vite,main,8c96e8ec9c130eaab330b3807d223e9e9bb9afa4,,,2023-04-14T12:34:06Z,2025-08-12T09:45:16Z,2025-02-13T09:34:22Z,248,False,False,False,Confirmed Laravel Application,True,True,True,True,True,True,True,2025-02-13T09:34:22+00:00,True,True,phpunit.xml,True,True,False,,^8.2,^11.0,False,False,,False,True,Eligible,2026-09-11T15:02:46.028339+00:00,SUCCESS,PHP,26,0,2,26
P4086,bismillahKrenova2026/SmartSabinV2,https://github.com/bismillahKrenova2026/SmartSabinV2,main,53b0fdd6af3299e49ba7a8d37e19665d313d630d,,,2026-04-06T10:06:28Z,2026-06-02T18:03:54Z,2026-05-01T00:55:45Z,769,False,False,False,Confirmed Laravel Application,True,True,True,True,True,True,True,2026-05-01T00:55:45+00:00,True,True,phpunit.xml,True,True,True,"test: ['@php artisan config:clear --ansi', '@php artisan test']",^8.2,^12.0,False,False,,False,True,Eligible,2026-09-11T15:02:50.130258+00:00,SUCCESS,PHP,5,0,0,5
P4095,alansanchez96/PostsApp-Laravel,https://github.com/alansanchez96/PostsApp-Laravel,develop,8c319e694be0e5c74e1c2268137b68c66acac4e3,,,2022-10-11T21:47:34Z,2026-02-09T02:57:01Z,2026-02-09T02:56:56Z,3758,False,False,False,Confirmed Laravel Application,True,True,True,True,True,True,True,2026-02-09T02:56:56+00:00,True,True,phpunit.xml,True,True,False,,^8.0.2,^10.20,False,False,,False,True,Eligible,2026-09-11T15:02:57.372437+00:00,SUCCESS,PHP,3,0,0,3
P4099,andreapollastri/indiestats,https://github.com/andreapollastri/indiestats,main,71e6ae0c90a98714be4dd305c8ec83c0c8ef52a0,,MIT,2026-03-25T08:52:09Z,2026-09-14T00:09:12Z,2026-09-14T00:09:16Z,7071,False,False,False,Confirmed Laravel Application,True,True,True,True,True,True,True,2026-08-27T16:22:13+00:00,True,True,phpunit.xml,True,True,True,"test: ['@php artisan config:clear --ansi', '@lint:check', '@php artisan test']",^8.3,^13.0,False,False,,False,True,Eligible,2026-09-11T15:03:03.244333+00:00,SUCCESS,PHP,9,1,0,9
P4105,wpwwhimself/muzyka-szyta-na-miare,https://github.com/wpwwhimself/muzyka-szyta-na-miare,master,5dd81cc925a9073a7af30c88bb78240bfe97b04f,,,2022-10-09T12:47:48Z,2026-09-15T20:09:34Z,2026-09-15T20:09:29Z,41424,False,False,False,Confirmed Laravel Application,True,True,True,True,True,True,True,2026-09-08T18:27:55+00:00,True,True,phpunit.xml,True,True,False,,^7.3|^8.1,^12.0,False,False,,False,True,Eligible,2026-09-11T15:03:06.791016+00:00,SUCCESS,PHP,2,1,0,2
P4107,mbpcoder/startpoint,https://github.com/mbpcoder/startpoint,master,e25794340bcaf889686a07e054d9750693fd14a9,,,2015-12-04T20:58:39Z,2026-08-06T16:31:13Z,2026-09-02T15:07:45Z,3877,False,False,False,Confirmed Laravel Application,True,True,True,True,True,True,True,2026-09-02T15:07:45+00:00,True,True,phpunit.xml,True,True,False,,^8.4,^13.0,False,False,,False,True,Eligible,2026-09-11T15:03:10.137603+00:00,SUCCESS,PHP,17,7,7,17
P4110,AlpetGexha/Laravel-Employee-Management,https://github.com/AlpetGexha/Laravel-Employee-Management,master,b98647601788a31a454ff7830877b077d1a1569e,,,2022-11-03T22:09:47Z,2026-08-27T21:03:46Z,2025-05-27T17:57:14Z,13654,False,False,False,Confirmed Laravel Application,True,True,True,True,True,True,True,2025-05-27T17:57:14+00:00,True,True,phpunit.xml,True,True,False,,^8.0.2,^9.19,False,False,,False,True,Eligible,2026-09-11T15:03:13.584864+00:00,SUCCESS,PHP,28,5,0,28
P4116,musonza/chat-demo,https://github.com/musonza/chat-demo,master,5bfa091276c94a5e40c4d0aac53d49e062df10bc,,,2018-12-09T21:11:39Z,2026-07-29T18:10:57Z,2026-04-15T18:57:39Z,1987,False,False,False,Confirmed Laravel Application,True,True,True,True,True,True,True,2026-04-15T18:57:39+00:00,True,True,phpunit.xml,True,False,True,"test: ['@php artisan config:clear --ansi', '@php artisan test']",^8.2,^12.0,False,False,,False,True,Eligible,2026-09-11T15:03:16.713221+00:00,SUCCESS,PHP,110,57,15,110
P4118,ArchiveHeritageGroup/heratio,https://github.com/ArchiveHeritageGroup/heratio,main,29b37d980d1850cfece4bb386fcee7b444f99b79,,AGPL-3.0,2026-03-06T11:15:59Z,2026-09-16T07:07:08Z,2026-09-16T07:07:08Z,563141,False,False,False,Confirmed Laravel Application,True,True,True,True,True,True,True,2026-09-08T17:43:51+00:00,True,True,phpunit.xml,True,True,True,"test: ['@php artisan config:clear --ansi', '@php artisan test']",^8.2,^12.0,False,False,,False,True,Eligible,2026-09-11T15:03:20.344989+00:00,SUCCESS,PHP,4,0,29,4
P4143,raupulus/www.jaja.raupulus.dev,https://github.com/raupulus/www.jaja.raupulus.dev,main,dbb46c6256a492bd18af57b090ff33c837f4f421,,GPL-3.0,2025-05-07T11:24:57Z,2026-06-30T07:20:58Z,2026-06-30T07:20:53Z,2925,False,False,False,Confirmed Laravel Application,True,True,True,True,True,True,True,2026-06-30T07:20:53+00:00,True,True,phpunit.xml,True,True,True,"test: ['@php artisan config:clear --ansi', '@php artisan test']",^8.2,^12.0,False,False,,False,True,Eligible,2026-09-11T15:03:36.709158+00:00,SUCCESS,PHP,2,0,0,2
P4145,NativePHP/kitchen-sink,https://github.com/NativePHP/kitchen-sink,main,63b45db56582f4975e46cc701add13b6a76f98c4,,MIT,2023-05-25T09:15:52Z,2026-08-03T10:31:20Z,2026-05-16T15:16:11Z,661,False,False,False,Confirmed Laravel Application,True,True,True,True,True,True,True,2026-05-16T15:16:11+00:00,True,True,phpunit.xml,True,True,True,test: ./vendor/bin/phpunit,^8.3,^12.0,False,False,,False,True,Eligible,2026-09-11T15:03:40.521818+00:00,SUCCESS,PHP,89,13,1,89
P4164,phi-rakib/inventory-management-system-api,https://github.com/phi-rakib/inventory-management-system-api,main,abbfaeda7bfea6f0a14ba5724ba81e5de3fa0682,,MIT,2024-05-20T12:18:29Z,2026-05-19T16:48:53Z,2025-02-03T03:56:36Z,1498,False,False,False,Confirmed Laravel Application,True,True,True,True,True,True,True,2025-02-03T03:56:36+00:00,True,True,phpunit.xml,True,True,False,,^8.2,^11.0,False,False,,False,True,Eligible,2026-09-11T15:03:55.372487+00:00,SUCCESS,PHP,8,3,8,8
P4166,gaalgergely/laravel-payment-processing,https://github.com/gaalgergely/laravel-payment-processing,master,ebf634cf3eec903a483ecbadd185c71948be07ae,,,2020-04-25T12:10:24Z,2025-12-16T13:17:21Z,2025-12-16T13:17:16Z,1523,False,False,False,Confirmed Laravel Application,True,True,True,True,True,True,True,2025-12-16T13:17:16+00:00,True,True,phpunit.xml,True,True,False,,^7.2.5,^7.0,False,False,,False,True,Eligible,2026-09-11T15:03:59.168873+00:00,SUCCESS,PHP,2,1,26,2
P4169,nafiesl/dompet,https://github.com/nafiesl/dompet,master,1d17bb603842d429a3388bc298d2b980d0b35ce0,,MIT,2018-05-22T01:38:49Z,2026-06-18T14:36:57Z,2026-02-16T10:19:59Z,2590,False,False,False,Confirmed Laravel Application,True,True,True,True,True,True,True,2026-02-16T10:19:59+00:00,True,True,phpunit.xml,True,True,False,,^7.3 || ^8.0,^8.0,False,False,,False,True,Eligible,2026-09-11T15:04:03.028608+00:00,SUCCESS,PHP,153,75,1,153
P4177,SebKay/laravel-inertia-vue-starter-kit,https://github.com/SebKay/laravel-inertia-vue-starter-kit,main,c2d8ab6d4b76770d501b41cd2594b160e8168dc2,,MIT,2022-11-21T21:18:57Z,2026-04-21T19:12:28Z,2026-06-15T19:35:27Z,3109,False,False,False,Confirmed Laravel Application,True,True,True,True,True,True,True,2026-06-15T19:35:27+00:00,True,True,phpunit.xml,True,True,True,test: ['./vendor/bin/pest --parallel --stop-on-failure'] | test:coverage: ['XDEBUG_MODE=coverage ./vendor/bin/pest --parallel --stop-on-failure --coverage --min=85'],^8.4,^13.0,False,False,,False,True,Eligible,2026-09-11T15:04:13.942329+00:00,SUCCESS,PHP,11,9,9,11
P4195,geoff-maddock/events-tracker,https://github.com/geoff-maddock/events-tracker,main,a2b00bf43f85039cf7fcc717d0737ce26a9fc3f7,,MIT,2016-07-20T19:11:12Z,2026-09-15T22:55:16Z,2026-09-15T23:06:07Z,38338,False,False,False,Confirmed Laravel Application,True,True,True,True,True,True,True,2026-09-10T18:15:22+00:00,True,True,phpunit.xml,True,True,True,"tests: ['php artisan migrate --verbose', 'php artisan db:seed', './vendor/bin/phpunit tests']",^8.2,^12.61,False,False,,False,True,Eligible,2026-09-11T15:04:20.698197+00:00,SUCCESS,PHP,25,8,82,25
P4210,asciito/site,https://github.com/asciito/site,main,982259203ad429656f34227e2208df4c95583483,,MIT,2024-07-18T19:27:08Z,2026-01-05T15:18:59Z,2026-01-05T15:20:48Z,4171,False,False,False,Confirmed Laravel Application,True,True,True,True,True,True,True,2026-01-05T15:20:48+00:00,True,True,phpunit.xml,True,True,True,test: ./vendor/bin/pest | test:ci: @test --ci | test:parallel: @test:ci --parallel | style:test: @style --test | refactor:test: @refactor:fix --dry-run,^8.4,^v12.43.1,False,False,,False,True,Eligible,2026-09-11T15:04:23.960072+00:00,SUCCESS,PHP,2,0,0,2
P4224,LambdaTest/php-laravel-dusk-todo,https://github.com/LambdaTest/php-laravel-dusk-todo,master,646c0d636ed47953996c721586b150a4371ca317,,,2019-02-03T14:42:09Z,2026-09-10T21:14:05Z,2026-09-10T21:14:01Z,310,False,False,False,Confirmed Laravel Application,True,True,True,True,True,True,True,2026-07-22T16:14:35+00:00,True,True,phpunit.xml,True,False,False,,^8.4,^12.37.0,False,False,,False,True,Eligible,2026-09-11T15:04:35.487092+00:00,SUCCESS,PHP,18,21,0,18
P4227,2KAbhishek/lacrud,https://github.com/2KAbhishek/lacrud,main,906dba0d2edfd1119c218867877a4dad20b4ff76,,GPL-3.0,2022-10-30T16:29:24Z,2026-02-27T07:44:58Z,2026-02-27T07:45:00Z,231,False,False,False,Confirmed Laravel Application,True,True,True,True,True,True,True,2026-02-27T07:45:00+00:00,True,True,phpunit.xml,True,True,False,,^8.0.2,^9.19,False,False,,False,True,Eligible,2026-09-11T15:04:38.640349+00:00,SUCCESS,PHP,2,0,0,2
P4232,zianscode/final-ukk-cashier-app,https://github.com/zianscode/final-ukk-cashier-app,main,77fdc952f66904c2ec1007a07f6d9dfca921a92a,,,2025-04-15T04:21:48Z,2026-06-17T07:03:46Z,2025-04-16T02:16:45Z,848,False,False,False,Confirmed Laravel Application,True,True,True,True,True,True,True,2025-04-16T02:16:45+00:00,True,True,phpunit.xml,True,True,False,,^8.2,^12.0,False,False,,False,True,Eligible,2026-09-11T15:04:42.066811+00:00,SUCCESS,PHP,2,0,0,2
P4235,Abdallah01win/StarterApi,https://github.com/Abdallah01win/StarterApi,dev,4a62ed3e1b2d2ba2daf027c0a95306366e4b699d,,MIT,2025-04-12T06:30:07Z,2026-09-08T18:12:11Z,2026-09-14T15:54:18Z,1539,False,False,False,Confirmed Laravel Application,True,True,True,True,True,True,True,2026-09-08T18:11:32+00:00,True,True,phpunit.xml,True,True,False,,^8.2,^12.0,False,False,,False,True,Eligible,2026-09-11T15:04:45.905326+00:00,SUCCESS,PHP,4,0,5,4
P4241,mchev/blinest,https://github.com/mchev/blinest,v2.x,2e48d986f21c63ab973236a72729cce80ebd6f4c,,MIT,2019-11-22T13:00:17Z,2026-09-11T07:05:03Z,2026-09-11T07:04:59Z,34788,False,False,False,Confirmed Laravel Application,True,True,True,True,True,True,True,2026-09-06T08:00:01+00:00,True,True,phpunit.xml,True,True,True,test: @php artisan test --compact,^8.3,^13.0,False,False,,False,True,Eligible,2026-09-11T15:04:56.593774+00:00,SUCCESS,PHP,42,13,2,42
P4255,spatie/scheduled-tweets-app,https://github.com/spatie/scheduled-tweets-app,master,e17166019e10ab68809525b58dd4051adbb2206e,,,2018-07-06T23:11:00Z,2026-01-31T10:29:51Z,2026-01-31T10:29:47Z,238,False,False,False,Confirmed Laravel Application,True,True,True,True,True,True,True,2026-01-31T10:29:47+00:00,True,True,phpunit.xml,True,True,False,,>=7.1.0,5.6.*,False,False,,False,True,Eligible,2026-09-11T15:05:09.302675+00:00,SUCCESS,PHP,24,7,0,24
P4260,spatie/freek.dev,https://github.com/spatie/freek.dev,main,91a2c48ac397284f9b4785b72c12bdf20b4b72b0,,MIT,2017-11-17T07:55:36Z,2026-09-13T17:21:13Z,2026-09-02T13:34:35Z,39871,False,False,False,Confirmed Laravel Application,True,True,True,True,True,True,True,2026-09-02T13:34:35+00:00,True,True,phpunit.xml,True,True,False,,^8.5,^13.0,False,False,,False,True,Eligible,2026-09-11T15:05:18.345284+00:00,SUCCESS,PHP,651,155,0,651
P4263,spatie/Mailcoach,https://github.com/spatie/Mailcoach,main,de6800652c513696d6e62db27778a5fc306e2956,,,2019-11-07T14:05:22Z,2026-08-29T00:06:13Z,2026-03-09T09:27:14Z,10256,False,False,False,Confirmed Laravel Application,True,True,True,True,True,True,True,2026-03-09T09:27:14+00:00,True,True,phpunit.xml,True,False,False,,^8.2,^12.42,False,False,,False,True,Eligible,2026-09-11T15:05:22.081427+00:00,SUCCESS,PHP,409,95,0,409
P4267,engsahaly/laravel_socialite_course,https://github.com/engsahaly/laravel_socialite_course,master,5c87a7eb54298f7307ce6079247f209b04bc6cf6,,,2023-06-22T15:14:21Z,2026-06-21T15:11:31Z,2025-01-29T07:29:16Z,131,False,False,False,Confirmed Laravel Application,True,True,True,True,True,True,True,2025-01-29T07:29:16+00:00,True,True,phpunit.xml,True,True,False,,^8.1,^10.10,False,False,,False,True,Eligible,2026-09-11T15:05:25.519242+00:00,SUCCESS,PHP,6,0,0,6
P4269,rochi88/tall_boilerplate,https://github.com/rochi88/tall_boilerplate,4.x,6e0e9a7244fab6391cd1be75e4c9139a3fe0c743,,,2022-08-09T09:40:15Z,2026-08-09T12:36:47Z,2026-08-09T12:36:36Z,3624,False,False,False,Confirmed Laravel Application,True,True,True,True,True,True,True,2026-08-09T12:36:36+00:00,True,True,phpunit.xml,True,True,True,"test:refacto: rector --dry-run | test:lint: pint --test | test: ['@test:refacto', '@test:lint', '@php artisan config:clear --ansi', '@php artisan test']",^8.3,^13.7,False,False,,False,True,Eligible,2026-09-11T15:05:29.587370+00:00,SUCCESS,PHP,5,2,0,5
P4286,riskialfi/e-kasir,https://github.com/riskialfi/e-kasir,main,bf87e825d788709db429eeef64ef0b000fb690b6,,,2025-03-11T02:20:04Z,2026-05-06T11:23:34Z,2025-03-12T06:54:14Z,716,False,False,False,Confirmed Laravel Application,True,True,True,True,True,True,True,2025-03-12T06:54:14+00:00,True,True,phpunit.xml,True,True,False,,^8.1,^10.10,False,False,,False,True,Eligible,2026-09-11T15:05:34.125312+00:00,SUCCESS,PHP,4,6,0,4
P4308,pktharindu/laravel-api-boilerplate,https://github.com/pktharindu/laravel-api-boilerplate,main,168dbd8d6d3a952694cccd268e0e9f66b9a3c409,,MIT,2021-06-02T03:16:07Z,2025-10-18T03:03:38Z,2025-10-18T03:03:35Z,117,False,False,False,Confirmed Laravel Application,True,True,True,True,True,True,True,2025-10-18T03:03:35+00:00,True,True,phpunit.xml,True,True,False,,^8.0,^8.40,False,False,,False,True,Eligible,2026-09-11T15:05:42.137557+00:00,SUCCESS,PHP,4,2,0,4
P4311,LibreHealthIO/lh-ehr-laravel,https://github.com/LibreHealthIO/lh-ehr-laravel,develop,536b2e08cb1aad74d6191a5a7fe8216426490f16,,,2020-08-19T22:02:08Z,2026-08-27T09:09:27Z,2026-08-23T15:59:45Z,12883,False,False,False,Confirmed Laravel Application,True,True,True,True,True,True,True,2026-08-23T15:59:45+00:00,True,True,phpunit.xml,True,True,False,,^8.2,^12.0,False,False,,False,True,Eligible,2026-09-11T15:05:46.204944+00:00,SUCCESS,PHP,40,47,13,40
P4326,bbmcodedotcom/laravel10-ai-avatar,https://github.com/bbmcodedotcom/laravel10-ai-avatar,master,7495a0f83980355c37defe9714cc9fc9116a8498,,,2023-11-06T14:31:06Z,2025-05-03T16:00:40Z,2025-05-03T16:00:36Z,232,False,False,False,Confirmed Laravel Application,True,True,True,True,True,True,True,2025-05-03T16:00:36+00:00,True,True,phpunit.xml,True,True,False,,^8.1,^10.10,False,False,,False,True,Eligible,2026-09-11T15:05:54.658208+00:00,SUCCESS,PHP,2,0,0,2
P4336,davigledson/app_super_gestao,https://github.com/davigledson/app_super_gestao,main,4097faa134499b4b191b3cd71879e895e6fb3f00,,Apache-2.0,2023-09-01T04:03:38Z,2025-03-10T22:39:41Z,2025-03-10T22:39:37Z,218,False,False,False,Confirmed Laravel Application,True,True,True,True,True,True,True,2025-03-10T22:39:37+00:00,True,True,phpunit.xml,True,True,False,,^8.1,^10.10,False,False,,False,True,Eligible,2026-09-11T15:06:05.890945+00:00,SUCCESS,PHP,2,0,0,2
P4343,bagussatoto/Aplikasi-Data-Penjualan-Laravel-8,https://github.com/bagussatoto/Aplikasi-Data-Penjualan-Laravel-8,main,cad78315679ac1caf624db3cdf2223406f852e12,,,2022-04-14T17:47:31Z,2026-07-25T05:00:02Z,2026-09-15T21:23:39Z,4297,False,False,False,Confirmed Laravel Application,True,True,True,True,True,True,True,2026-09-09T22:36:06+00:00,True,True,phpunit.xml,True,True,False,,^7.3|^8.0,^8.65,False,False,,False,True,Eligible,2026-09-11T15:06:10.242426+00:00,SUCCESS,PHP,74,42,14,74
P4359,XetaIO/Xetaravel,https://github.com/XetaIO/Xetaravel,master,bb1b5480e2ab6bf5bc62a247962f73fc3a0093d6,,MIT,2016-12-10T03:25:05Z,2026-01-10T19:03:33Z,2025-10-09T07:44:32Z,14464,False,False,False,Confirmed Laravel Application,True,True,True,True,True,True,True,2025-10-09T07:44:32+00:00,True,True,phpunit.xml,True,False,False,,^8.2,^12.0,False,False,,False,True,Eligible,2026-09-11T15:06:17.165921+00:00,SUCCESS,PHP,6,0,2,6
P4362,safytech/ulearn,https://github.com/safytech/ulearn,master,fcc4460b75b167edee8e8cb863e9178ed357745f,,MIT,2019-08-14T10:51:23Z,2026-09-15T23:09:51Z,2026-03-10T15:58:06Z,69061,False,False,False,Confirmed Laravel Application,True,True,True,True,True,True,True,2026-03-10T15:58:06+00:00,True,True,phpunit.xml,True,True,False,,^7.1.3,5.8.*,False,False,,False,True,Eligible,2026-09-11T15:06:22.102789+00:00,SUCCESS,PHP,699,300,62,699
P4365,para1992/laravel-rick-demo,https://github.com/para1992/laravel-rick-demo,main,4b3c0eed720cc7a5ed18517dc9b0bb240a3decdd,,MIT,2026-08-13T17:57:35Z,2026-08-21T23:00:48Z,2026-08-13T18:13:10Z,63,False,False,False,Confirmed Laravel Application,True,True,True,True,True,True,True,2026-08-13T18:13:10+00:00,True,True,phpunit.xml,True,True,True,"test: ['@php artisan config:clear --ansi @no_additional_args', '@php artisan test']",^8.3,^13.17,False,False,,False,True,Eligible,2026-09-11T15:06:25.980119+00:00,SUCCESS,PHP,2,0,0,2
P4385,saifali-dev/worktrack,https://github.com/saifali-dev/worktrack,main,bb442ecdcc174c9dab3411252e8b1170cb822134,,,2024-03-28T07:42:51Z,2026-09-06T19:13:46Z,2026-09-06T19:13:42Z,1714,False,False,False,Confirmed Laravel Application,True,True,True,True,True,True,True,2026-09-06T19:13:42+00:00,True,True,phpunit.xml,True,True,False,,^8.2,^11.0,False,False,,False,True,Eligible,2026-09-11T15:06:32.989690+00:00,SUCCESS,PHP,2,0,0,2
P4392,mabdusshakur/simp-estore-api,https://github.com/mabdusshakur/simp-estore-api,main,467fbc676b893e48c346d916e5bd07de7b92a4c5,,,2023-12-22T16:59:19Z,2025-12-10T14:29:51Z,2025-12-09T13:03:17Z,305,False,False,False,Confirmed Laravel Application,True,True,True,True,True,True,True,2025-12-09T13:03:17+00:00,True,True,phpunit.xml,True,True,False,,^8.1,^10.10,False,False,,False,True,Eligible,2026-09-11T15:06:36.335168+00:00,SUCCESS,PHP,2,2,0,2
P4402,ellaisys/demo_cognito_app,https://github.com/ellaisys/demo_cognito_app,master,5027157b944a44a393841b62107183dd75d94089,,MIT,2022-01-10T20:49:07Z,2026-06-26T14:33:04Z,2026-06-26T14:33:06Z,2009,False,False,False,Confirmed Laravel Application,True,True,True,True,True,True,True,2026-06-26T14:33:06+00:00,True,True,phpunit.xml,True,True,False,,^7.3|^8.0,^9.0,False,False,,False,True,Eligible,2026-09-11T15:06:40.761111+00:00,SUCCESS,PHP,4,6,0,4
P4411,FitzwilliamMuseum/fitz-collection-online,https://github.com/FitzwilliamMuseum/fitz-collection-online,master,8d5aaba2f2a62525708f0ece9cb2d095042e3ef7,,GPL-3.0,2020-07-03T14:18:19Z,2026-01-12T16:42:25Z,2026-09-11T14:04:08Z,10068,False,False,False,Confirmed Laravel Application,True,True,True,True,True,True,True,2026-09-04T10:29:48+00:00,True,True,phpunit.xml,True,True,False,,^8.0|^8.1,^9.26.1,False,False,,False,True,Eligible,2026-09-11T15:06:54.174773+00:00,SUCCESS,PHP,2,2,9,2
P4419,ProxyPanel/ProxyPanel,https://github.com/ProxyPanel/ProxyPanel,master,cb92bc90f2577ad7497fa2033c913730c4133ff0,,GPL-3.0,2019-11-06T15:23:14Z,2026-09-13T12:42:22Z,2026-03-16T15:59:06Z,486002,False,False,False,Confirmed Laravel Application,True,True,True,True,True,True,True,2026-03-16T15:59:06+00:00,True,True,phpunit.xml,True,False,False,,^8.1,^10.8,False,False,,False,True,Eligible,2026-09-11T15:06:57.180759+00:00,SUCCESS,PHP,540,172,4,540
P4431,josuapsianturi/velflix,https://github.com/josuapsianturi/velflix,main,d903efca63b9e75e37c6b1d5b14c719e28b64000,,MIT,2021-04-06T13:55:41Z,2026-08-18T17:50:56Z,2026-06-29T11:02:38Z,24394,False,False,False,Confirmed Laravel Application,True,True,True,True,True,True,True,2026-06-29T11:02:38+00:00,True,True,phpunit.xml,True,True,False,,^8.0.2,^9.19,False,False,,False,True,Eligible,2026-09-11T15:07:01.514753+00:00,SUCCESS,PHP,139,66,10,139
P4437,tinymce/devrel-tinymce-laravel-demo,https://github.com/tinymce/devrel-tinymce-laravel-demo,main,1f4e98884b1b361af273123c3ed28cbf14510a15,,,2025-01-30T04:24:58Z,2025-12-06T23:51:39Z,2025-07-25T19:07:51Z,38,False,False,False,Confirmed Laravel Application,True,True,True,True,True,True,True,2025-07-25T19:07:51+00:00,True,True,phpunit.xml,True,False,False,,^8.2,^11.31,False,False,,False,True,Eligible,2026-09-11T15:07:08.632023+00:00,SUCCESS,PHP,4,0,0,4
P4445,YoKYa/SIPS-Desa,https://github.com/YoKYa/SIPS-Desa,main,1f69def3984462b42d1bd3ad04ad9bdc931ac538,,,2021-09-12T06:29:44Z,2025-11-09T06:20:51Z,2025-11-09T06:20:46Z,8251,False,False,False,Confirmed Laravel Application,True,True,True,True,True,True,True,2025-11-09T06:20:46+00:00,True,True,phpunit.xml,True,True,False,,^7.3|^8.0,^8.54,False,False,,False,True,Eligible,2026-09-11T15:07:12.467785+00:00,SUCCESS,PHP,2,0,0,2
P4462,srph/yeet,https://github.com/srph/yeet,main,032bbd2089e363a37b2112e4352a3016ef5c50ed,,,2025-02-16T11:56:28Z,2026-09-13T12:31:23Z,2026-09-13T12:31:20Z,3517,False,False,False,Confirmed Laravel Application,True,True,True,True,True,True,True,2026-09-03T01:10:36+00:00,True,True,phpunit.xml,True,True,True,"test: ['@php artisan config:clear --ansi @no_additional_args', '@php artisan test']",^8.3,^13.8,False,False,,False,True,Eligible,2026-09-11T15:07:21.453527+00:00,SUCCESS,PHP,2,0,0,2
P4471,ilsyaa/lazyui-docs,https://github.com/ilsyaa/lazyui-docs,master,7e5ff5b807b6b5b65381ec02117180eb993c8571,,,2025-04-11T03:43:20Z,2026-06-21T10:34:00Z,2025-07-30T09:26:51Z,5160,False,False,False,Confirmed Laravel Application,True,True,True,True,True,True,True,2025-07-30T09:26:51+00:00,True,True,phpunit.xml,True,True,False,,^8.2,^12.0,False,False,,False,True,Eligible,2026-09-11T15:07:32.769321+00:00,SUCCESS,PHP,2,2,1,2
P4473,meetmansoorali/users_management,https://github.com/meetmansoorali/users_management,main,8a38ba476bbc2a7ade53391f58c417c6d5d8252d,,,2026-05-18T19:04:07Z,2026-07-22T14:14:53Z,2026-05-18T19:11:26Z,60,False,False,False,Confirmed Laravel Application,True,True,True,True,True,True,True,2026-05-18T19:11:26+00:00,True,True,phpunit.xml,True,True,True,"test: ['@php artisan config:clear --ansi', '@php artisan test']",^8.2,^12.0,False,False,,False,True,Eligible,2026-09-11T15:07:36.656129+00:00,SUCCESS,PHP,8,0,0,8
P4482,siamaknaghel/clinic-management-system,https://github.com/siamaknaghel/clinic-management-system,main,56b5db3b69d88aac0867c8b14fe6857abc647749,,,2025-08-15T23:24:53Z,2026-07-25T04:17:10Z,2026-07-13T18:00:08Z,1738,False,False,False,Confirmed Laravel Application,True,True,True,True,True,True,True,2026-07-13T18:00:08+00:00,True,True,phpunit.xml,True,True,True,"test: ['@php artisan config:clear --ansi', '@php artisan test']",^8.2,^12.0,False,False,,False,True,Eligible,2026-09-11T15:07:49.171419+00:00,SUCCESS,PHP,5,1,1,5
P4485,CallMeFG/project-website-semester2,https://github.com/CallMeFG/project-website-semester2,main,621d3d7304a76115801c9f5d36d28cbf5a82a708,,MIT,2025-06-03T03:39:48Z,2026-05-06T02:15:49Z,2025-06-19T21:54:54Z,30131,False,False,False,Confirmed Laravel Application,True,True,True,True,True,True,True,2025-06-19T21:54:54+00:00,True,True,phpunit.xml,True,True,True,"test: ['@php artisan config:clear --ansi', '@php artisan test']",^8.2,^12.0,False,False,,False,True,Eligible,2026-09-11T15:07:52.973831+00:00,SUCCESS,PHP,4,1,0,4
P4488,ozdemirburak/simple-cms,https://github.com/ozdemirburak/simple-cms,master,5ed7b16185ff6893d191a58e1a3d2e82187cefeb,,,2015-04-03T08:08:06Z,2026-08-26T14:26:32Z,2026-08-02T01:25:27Z,5068,False,False,False,Confirmed Laravel Application,True,True,True,True,True,True,True,2026-08-02T01:25:27+00:00,True,True,phpunit.xml,True,True,True,"test: ['@php artisan config:clear --ansi', '@php artisan test']",^8.3,^13.0,False,False,,False,True,Eligible,2026-09-11T15:07:56.757353+00:00,SUCCESS,PHP,715,296,2,715
P4494,bervProject/azure-resource-exploration-php-laravel,https://github.com/bervProject/azure-resource-exploration-php-laravel,main,92509b23736fe8fdb02245f6bfa03c44686bb4cf,,MIT,2019-12-21T08:59:27Z,2026-07-20T08:32:33Z,2026-09-12T07:03:58Z,13784,False,False,False,Confirmed Laravel Application,True,True,True,True,True,True,True,2026-09-10T07:44:29+00:00,True,True,phpunit.xml,True,True,False,,^8.0,^12.0,False,False,,False,True,Eligible,2026-09-11T15:08:12.156951+00:00,SUCCESS,PHP,2,0,17,2
P4504,behindSolution/LQG-example,https://github.com/behindSolution/LQG-example,master,6dd908fc743e66243e1523273b96a14ee91e829a,,,2026-01-15T03:56:12Z,2026-01-20T02:42:19Z,2026-01-19T18:26:04Z,107,False,False,False,Confirmed Laravel Application,True,True,True,True,True,True,True,2026-01-19T18:26:04+00:00,True,True,phpunit.xml,True,True,True,"test: ['@php artisan config:clear --ansi', '@php artisan test']",^8.2,^12.0,False,False,,False,True,Eligible,2026-09-11T15:08:20.328234+00:00,SUCCESS,PHP,2,3,0,2
P4505,silassdev/crispy-sniffle,https://github.com/silassdev/crispy-sniffle,main,69c76737cf26410cfc3349c78a7634c8789b6adb,,,2025-10-27T16:06:41Z,2026-08-22T07:39:15Z,2026-04-30T11:48:10Z,6327,False,False,False,Confirmed Laravel Application,True,True,True,True,True,True,True,2026-04-30T11:48:10+00:00,True,True,phpunit.xml,True,True,True,"test: ['@php artisan config:clear --ansi', '@php artisan test']",^8.2,^12.0,False,False,,False,True,Eligible,2026-09-11T15:08:24.164438+00:00,SUCCESS,PHP,5,1,1,5
P4510,Pupler/Crypto-Exchange-Website,https://github.com/Pupler/Crypto-Exchange-Website,main,bdcd8b3bfeb5c6d6385f053e33df60883c4eb84c,,MIT,2024-11-23T14:45:13Z,2026-06-23T19:23:29Z,2025-11-10T10:19:53Z,5473,False,False,False,Confirmed Laravel Application,True,True,True,True,True,True,True,2025-11-10T10:19:53+00:00,True,True,phpunit.xml,True,True,False,,^8.2,^11.9,False,False,,False,True,Eligible,2026-09-11T15:08:27.687087+00:00,SUCCESS,PHP,2,1,3,2
P4533,statamic/docs,https://github.com/statamic/docs,6.x,eb4236f23b0e009bbc469640eeb8ab1b93379f1e,,NOASSERTION,2019-08-29T17:47:34Z,2026-09-15T09:53:02Z,2026-09-15T09:52:58Z,129481,False,False,False,Confirmed Laravel Application,True,True,True,True,True,True,True,2026-09-10T17:02:18+00:00,True,True,phpunit.xml,True,True,False,,^8.2,^13.0,False,False,,False,True,Eligible,2026-09-11T15:08:49.480921+00:00,SUCCESS,PHP,131,406,102,131
P4536,morpheusadam/RtlForge,https://github.com/morpheusadam/RtlForge,main,65d28ab4bf1776eaaa558c73288988ab3c74097a,,MIT,2024-08-13T19:09:40Z,2026-08-03T11:40:20Z,2026-08-03T11:38:06Z,36041,False,False,False,Confirmed Laravel Application,True,True,True,True,True,True,True,2026-08-03T11:38:06+00:00,True,True,phpunit.xml,True,True,False,,^8.2.0,^11.0,False,False,,False,True,Eligible,2026-09-11T15:08:53.352889+00:00,SUCCESS,PHP,10,1,1,10
P4540,fusioncms/fusioncms,https://github.com/fusioncms/fusioncms,nightly,3f634c7daf2f6654c104d28ff21f834f4cf574e6,,MIT,2019-07-09T19:04:17Z,2026-06-09T22:07:56Z,2026-06-20T06:12:09Z,298717,False,False,False,Confirmed Laravel Application,True,True,True,True,True,True,True,2026-06-20T06:12:09+00:00,True,True,phpunit.xml,True,True,False,,^7.3|^8.0,^8.20,False,False,,False,True,Eligible,2026-09-11T15:08:56.927636+00:00,SUCCESS,PHP,165,24,31,165
P4549,laravelio/paste.laravel.io,https://github.com/laravelio/paste.laravel.io,main,331cd4a8f451525cd120bdbe82170d1b6aaae325,,MIT,2017-02-05T13:29:02Z,2026-09-04T02:16:48Z,2026-09-04T02:16:45Z,3934,False,False,False,Confirmed Laravel Application,True,True,True,True,True,True,True,2026-09-04T02:16:45+00:00,True,True,phpunit.xml,True,True,False,,8.4.*,^12.49,False,False,,False,True,Eligible,2026-09-11T15:09:04.173926+00:00,SUCCESS,PHP,194,51,7,194
P4560,MaxKorlaar/hypixel-signatures,https://github.com/MaxKorlaar/hypixel-signatures,main,2685267fe74b73c54cd929f6885e74901b6a7353,,NOASSERTION,2019-11-29T11:11:24Z,2026-09-09T07:01:31Z,2026-05-26T13:53:03Z,8200,False,False,False,Confirmed Laravel Application,True,True,True,True,True,True,True,2026-05-26T13:53:03+00:00,True,True,phpunit.xml,True,True,False,,^8.4,^12.0,False,False,,False,True,Eligible,2026-09-11T15:09:08.157219+00:00,SUCCESS,PHP,11,10,35,11
P4574,ikhbalfuady/lavux,https://github.com/ikhbalfuady/lavux,master,cd482a20f02cc2214d55de0b4e0b11bca56a8496,,,2023-02-27T16:47:50Z,2025-09-03T00:34:48Z,2025-02-25T08:08:32Z,839,False,False,False,Confirmed Laravel Application,True,True,True,True,True,True,True,2025-02-25T08:08:32+00:00,True,True,phpunit.xml,True,True,False,,^8.1,^10.0,False,False,,False,True,Eligible,2026-09-11T15:09:15.161830+00:00,SUCCESS,PHP,22,8,0,22
P4594,Ygryan360/LOSLC-Registration,https://github.com/Ygryan360/LOSLC-Registration,main,403ec74a075aa08c4d9652cbbed56be8d7748a36,,,2025-03-20T14:06:43Z,2025-04-23T11:34:44Z,2025-04-07T16:23:26Z,1618,False,False,False,Confirmed Laravel Application,True,True,True,True,True,True,True,2025-04-07T16:23:26+00:00,True,True,phpunit.xml,True,False,False,,^8.2,^12.0,False,False,,False,True,Eligible,2026-09-11T15:09:30.047740+00:00,SUCCESS,PHP,2,0,0,2
